pdb,receptor_pdb_seq,ligand_pdb_seq
trfr_human___2139,MENETVSELNQTQLQPRAVVALEYQVVTILLVLIICGLGIVGNIMVVLVVMRTKHMRTPTNCYLVSLAVADLMVLVAAGLPNITDSIYGSWVYGYVGCLCITYLQYLGINASSCSITAFTIERYIAICHPIKAQFLCTFSRAKKIIIFVWAFTSLYCMLWFFLLDLNISTYKDAIVISCGYKISRNYYSPIYLMDFGVFYVVPMILATVLYGFIARILFLNPIPSDPKENSKTWKNDSTHQNTNLNVNTSNRCFNSTVSSRKQVTKMLAVVVILFALLWMPYRTLVVVNSFLSSPFQENWFLLFCRICIYLNSAINPVIYNLMSQKFRAAFRKLCNCKQKPTEKPANYSVALNYSVIKESDHFSTELDDITVTDTYLSATKVSFDDTCLASEVSFSQS,XHP
ntr2_human___1579,METSSPRPPRPSSNPGLSLDARLGVDTRLWAKVLFTALYALIWALGAAGNALSAHVVLKARAGRAGRLRHHVLSLALAGLLLLLVGVPVELYSFVWFHYPWVFGDLGCRGYYFVHELCAYATVLSVAGLSAERCLAVCQPLRARSLLTPRRTRWLVALSWAASLGLALPMAVIMGQKHELETADGEPEPASRVCTVLVSRTALQVFIQVNVLVSFVLPLALTAFLNGVTVSHLLALCSQVPSTSTPGSSTPSRLELLSEEGLLSFIVWKKTFIQGGQVSLVRHKDVRRIRSLQRSVQVLRAIVVMYVICWLPYHARRLMYCYVPDDAWTDPLYNFYHYFYMVTNTLFYVSSAVTPLLYNAVSSSFRKLFLEAVSSLCGEHHPMKRLPPKPQSPTLMDTASGFGDPPETRT,XLYENKPRRPYIL
v2r_human___2168,MLMASTTSAVPGHPSLPSLPSNSSQERPLDTRDPLLARAELALLSIVFVAVALSNGLVLAALARRGRRGHWAPIHVFIGHLCLADLAVALFQVLPQLAWKATDRFRGPDALCRAVKYLQMVGMYASSYMILAMTLDRHRAICRPMLAYRHGSGAHWNRPVLVAWAFSLLLSLPQLFIFAQRNVEGGSGVTDCWACFAEPWGRRTYVTWIALMVFVAPTLGIAACQVLIFREIHASLVPGPSERPGGRRRGRRTGSPGEGAHVSAAVAKTVRMTLVIVVVYVLCWAPFFLVQLWAAWDPEAPLEGAPFVLLMLLASLNSCTNPWIYASFSSSVSSELRSLLCCARGRTPPSLGPQDESCTTASSSLAKDTSS,CYFQNCPRG
vipr1_human___2156,MRPPSPLPARWLCVLAGALAWALGPAGGQAARLQEECDYVQMIEVQHKQCLEEAQLENETIGCSKMWDNLTCWPATPRGQVVVLACPLIFKLFSSIQGRNVSRSCTDEGWTHLEPGPYPIACGLDDKAASLDEQQTMFYGSVKTGYTIGYGLSLATLLVATAILSLFRKLHCTRNYIHMHLFISFILRAAAVFIKDLALFDSGESDQCSEGSVGCKAAMVFFQYCVMANFFWLLVEGLYLYTLLAVSFFSERKYFWGYILIGWGVPSTFTMVWTIARIHFEDYGCWDTINSSLWWIIKGPILTSILVNFILFICIIRILLQKLRPPDIRKSDSSPYSRLARSTLLLIPLFGVHYIMFAFFPDNFKPEVKMVFELVVGSFQGFVVAILYCFLNGEVQAELRRKWRRWHLQGVLGWNPKYRHPSGGSNGATCSTQVSMLTRVSPGARRSSSFQAEVSLV,ACFWKYCV
v2r_human___5654,MLMASTTSAVPGHPSLPSLPSNSSQERPLDTRDPLLARAELALLSIVFVAVALSNGLVLAALARRGRRGHWAPIHVFIGHLCLADLAVALFQVLPQLAWKATDRFRGPDALCRAVKYLQMVGMYASSYMILAMTLDRHRAICRPMLAYRHGSGAHWNRPVLVAWAFSLLLSLPQLFIFAQRNVEGGSGVTDCWACFAEPWGRRTYVTWIALMVFVAPTLGIAACQVLIFREIHASLVPGPSERPGGRRRGRRTGSPGEGAHVSAAVAKTVRMTLVIVVVYVLCWAPFFLVQLWAAWDPEAPLEGAPFVLLMLLASLNSCTNPWIYASFSSSVSSELRSLLCCARGRTPPSLGPQDESCTTASSSLAKDTSS,LRQFLQKSLAAAA
pacr_human___1579,MAGVVHVSLAALLLLPMAPAMHSDCIFKKEQAMCLEKIQRANELMGFNDSSPGCPGMWDNITCWKPAHVGEMVLVSCPELFRIFNPDQVWETETIGESDFGDSNSLDLSDMGVVSRNCTEDGWSEPFPHYFDACGFDEYESETGDQDYYYLSVKALYTVGYSTSLVTLTTAMVILCRFRKLHCTRNFIHMNLFVSFMLRAISVFIKDWILYAEQDSNHCFISTVECKAVMVFFHYCVVSNYFWLFIEGLYLFTLLVETFFPERRYFYWYTIIGWGTPTVCVTVWATLRLYFDDTGCWDMNDSTALWWVIKGPVVGSIMVNFVLFIGIIVILVQKLQSPDMGGNESSIYLRLARSTLLLIPLFGIHYTVFAFSPENVSKRERLVFELGLGSFQGFVVAVLYCFLNGEVQAEIKRKWRSWKVNRYFAVDFKHRHPSLASSGVNGGTQLSILSKSSSQIRMSGLPADNLAT,XLYENKPRRPYIL
vipr1_human___1152,MRPPSPLPARWLCVLAGALAWALGPAGGQAARLQEECDYVQMIEVQHKQCLEEAQLENETIGCSKMWDNLTCWPATPRGQVVVLACPLIFKLFSSIQGRNVSRSCTDEGWTHLEPGPYPIACGLDDKAASLDEQQTMFYGSVKTGYTIGYGLSLATLLVATAILSLFRKLHCTRNYIHMHLFISFILRAAAVFIKDLALFDSGESDQCSEGSVGCKAAMVFFQYCVMANFFWLLVEGLYLYTLLAVSFFSERKYFWGYILIGWGVPSTFTMVWTIARIHFEDYGCWDTINSSLWWIIKGPILTSILVNFILFICIIRILLQKLRPPDIRKSDSSPYSRLARSTLLLIPLFGVHYIMFAFFPDNFKPEVKMVFELVVGSFQGFVVAILYCFLNGEVQAELRRKWRRWHLQGVLGWNPKYRHPSGGSNGATCSTQVSMLTRVSPGARRSSSFQAEVSLV,HSDAVFTDNYTRLRKQMAVKKYLNSILN
pkr1_human___1157,METTMGFMDDNATNTSTSFLSVLNPHGAHATSFPFNFSYSDYDMPLDEDEDVTNSRTFFAAKIVIGMALVGIMLVCGIGNFIFIAALVRYKKLRNLTNLLIANLAISDFLVAIVCCPFEMDYYVVRQLSWEHGHVLCTSVNYLRTVSLYVSTNALLAIAIDRYLAIVHPLRPRMKCQTATGLIALVWTVSILIAIPSAYFTTETVLVIVKSQEKIFCGQIWPVDQQLYYKSYFLFIFGIEFVGPVVTMTLCYARISRELWFKAVPGFQTEQIRKRLRCRRKTVLVLMCILTAYVLCWAPFYGFTIVRDFFPTVFVKEKHYLTAFYIVECIAMSNSMINTLCFVTVKNDTVKYFKKIMLLHWKASYNGGKSSADLDLKTIGMPATEEVDCIRLK,CYXXNCPLG
vipr2_human___1152,MRTLLPPALLTCWLLAPVNSIHPECRFHLEIQEEETKCAELLRSQTEKHKACSGVWDNITCWRPANVGETVTVPCPKVFSNFYSKAGNISKNCTSDGWSETFPDFVDACGYSDPEDESKITFYILVKAIYTLGYSVSLMSLATGSIILCLFRKLHCTRNYIHLNLFLSFILRAISVLVKDDVLYSSSGTLHCPDQPSSWVGCKLSLVFLQYCIMANFFWLLVEGLYLHTLLVAMLPPRRCFLAYLLIGWGLPTVCIGAWTAARLYLEDTGCWDTNDHSVPWWVIRIPILISIIVNFVLFISIIRILLQKLTSPDVGGNDQSQYKRLAKSTLLLIPLFGVHYMVFAVFPISISSKYQILFELCLGSFQGLVVAVLYCFLNSEVQCELKRKWRSRCPTPSASRDYRVCGSSFSRNGSEGALQFHRGSRAQSFLQTETSVI,HSDAVFTDNYTRLRKQMAVKKYLNSILN
ntr1_human___1579,MRLNSSAPGTPGTPAADPFQRAQAGLEEALLAPGFGNASGNASERVLAAPSSELDVNTDIYSKVLVTAVYLALFVVGTVGNTVTAFTLARKKSLQSLQSTVHYHLGSLALSDLLTLLLAMPVELYNFIWVHHPWAFGDAGCRGYYFLRDACTYATALNVASLSVERYLAICHPFKAKTLMSRSRTKKFISAIWLASALLAVPMLFTMGEQNRSADGQHAGGLVCTPTIHTATVKVVIQVNTFMSFIFPMVVISVLNTIIANKLTVMVRQAAEQGQVCTVGGEHSTFSMAIEPGRVQALRHGVRVLRAVVIAFVVCWLPYHVRRLMFCYISDEQWTPFLYDFYHYFYMVTNALFYVSSTINPILYNLVSANFRHIFLATLACLCPVWRRRRKRPAFSRKADSVSSNHTLSSNATRETLY,XLYENKPRRPYIL
xcr1_human___3647,MESSGNPESTTFFYYDLQSQPCENQAWVFATLATTVLYCLVFLLSLVGNSLVLWVLVKYESLESLTNIFILNLCLSDLVFACLLPVWISPYHWGWVLGDFLCKLLNMIFSISLYSSIFFLTIMTIHRYLSVVSPLSTLRVPTLRCRVLVTMAVWVASILSSILDTIFHKVLSSGCDYSELTWYLTSVYQHNLFFLLSLGIILFCYVEILRTLFRSRSKRRHRTVKLIFAIVVAYFLSWGPYNFTLFLQTLFRTQIIRSCEAKQQLEYALLICRNLAFSHCCFNPVLYVFVGVKFRTHLKHVLRQFWFCRLQAPSPASIPHSPGAFAYEGASFY,VGSEVSDKRTCVSLTTQRLPVSRIKTYTITEGSLRAVIFITKRGLKVCADPQATWVRDVVRSMDRKSNTRNNMIQTKPTGTQQSTNTAVTLTG
vipr2_human___3700,MRTLLPPALLTCWLLAPVNSIHPECRFHLEIQEEETKCAELLRSQTEKHKACSGVWDNITCWRPANVGETVTVPCPKVFSNFYSKAGNISKNCTSDGWSETFPDFVDACGYSDPEDESKITFYILVKAIYTLGYSVSLMSLATGSIILCLFRKLHCTRNYIHLNLFLSFILRAISVLVKDDVLYSSSGTLHCPDQPSSWVGCKLSLVFLQYCIMANFFWLLVEGLYLHTLLVAMLPPRRCFLAYLLIGWGLPTVCIGAWTAARLYLEDTGCWDTNDHSVPWWVIRIPILISIIVNFVLFISIIRILLQKLTSPDVGGNDQSQYKRLAKSTLLLIPLFGVHYMVFAVFPISISSKYQILFELCLGSFQGLVVAVLYCFLNSEVQCELKRKWRSRCPTPSASRDYRVCGSSFSRNGSEGALQFHRGSRAQSFLQTETSVI,LNRRKKQVGTGLGGNCTGCIICSEENGCSTCQQRLFLFIRREGIRQYGKCLHDCPPGYFGIRGQEVNRCKKCGATCESCFSQDFCIRCKRQFYLYKGKCLPTCPPGTLAHQNTRECQGECELGPWGGWSPCTHNGKTCGSAWGLESRVREAGRAGHEEAATCQVLSESRKCPIQRPCPGERSPGQKKGRKDRRPRKDRKLDRRLDVRPRQPGLQP
xcr1_human___2270,MESSGNPESTTFFYYDLQSQPCENQAWVFATLATTVLYCLVFLLSLVGNSLVLWVLVKYESLESLTNIFILNLCLSDLVFACLLPVWISPYHWGWVLGDFLCKLLNMIFSISLYSSIFFLTIMTIHRYLSVVSPLSTLRVPTLRCRVLVTMAVWVASILSSILDTIFHKVLSSGCDYSELTWYLTSVYQHNLFFLLSLGIILFCYVEILRTLFRSRSKRRHRTVKLIFAIVVAYFLSWGPYNFTLFLQTLFRTQIIRSCEAKQQLEYALLICRNLAFSHCCFNPVLYVFVGVKFRTHLKHVLRQFWFCRLQAPSPASIPHSPGAFAYEGASFY,YADAIFTNSYRKVLGQLSARKLLQDIMSRQQGESNQERGARARL
