pdb_id,predicted_fnat,complex,model,chain1,chain2
crfr2_human___2168,0.134,crfr2_human___2168,pred,A,B
npff2_human___3700,0.896,npff2_human___3700,pred,A,B
ccr4_human___1152,0.024,ccr4_human___1152,pred,A,B
cxcr4_human___5654,0.1,cxcr4_human___5654,pred,A,B
cxcr1_human___808,0.299,cxcr1_human___808,pred,A,B
ednrb_human___1620,0.028,ednrb_human___1620,pred,A,B
ssr4_human___3548,0.278,ssr4_human___3548,pred,A,B
glp2r_human___856,0.981,glp2r_human___856,pred,A,B
cxcr5_human___3570,3.442,cxcr5_human___3570,pred,A,B
fpr2_human___687,0.011,fpr2_human___687,pred,A,B
ccr1_human___2098,0.008,ccr1_human___2098,pred,A,B
pkr1_human___1004,0.201,pkr1_human___1004,pred,A,B
ccr1_human___798,0.864,ccr1_human___798,pred,A,B
ccr2_human___3645,1.03,ccr2_human___3645,pred,A,B
ssr3_human___3700,1.081,ssr3_human___3700,pred,A,B
fzd2_human___758,0.143,fzd2_human___758,pred,A,B
mtlr_human___1579,0.898,mtlr_human___1579,pred,A,B
prlhr_human___2090,1.493,prlhr_human___2090,pred,A,B
crfr1_human___1470,1.087,crfr1_human___1470,pred,A,B
fpr2_human___1140,0.435,fpr2_human___1140,pred,A,B
lgr6_human___3700,0.349,lgr6_human___3700,pred,A,B
gnrhr_human___1152,0.806,gnrhr_human___1152,pred,A,B
nk1r_human___1504,0.33,nk1r_human___1504,pred,A,B
mc3r_human___2270,0.575,mc3r_human___2270,pred,A,B
pkr1_human___1157,0.012,pkr1_human___1157,pred,A,B
fshr_human___3643,0.282,fshr_human___3643,pred,A,B
cxcr4_human___808,1.662,cxcr4_human___808,pred,A,B
cxcr5_human___1136,0.39,cxcr5_human___1136,pred,A,B
npff1_human___1699,0.064,npff1_human___1699,pred,A,B
galr2_human___1162,1.065,galr2_human___1162,pred,A,B
sctr_human___3606,0.231,sctr_human___3606,pred,A,B
npbw1_human___1623,0.861,npbw1_human___1623,pred,A,B
cx3c1_human___5654,0.119,cx3c1_human___5654,pred,A,B
prlhr_human___1504,1.04,prlhr_human___1504,pred,A,B
ssr2_human___1643,0.008,ssr2_human___1643,pred,A,B
mc5r_human___758,0.757,mc5r_human___758,pred,A,B
npbw1_human___3633,1.406,npbw1_human___3633,pred,A,B
apj_human___1479,0.544,apj_human___1479,pred,A,B
v2r_human___5654,0.009,v2r_human___5654,pred,A,B
npff2_human___3542,0.242,npff2_human___3542,pred,A,B
cxcr3_human___3570,3.106,cxcr3_human___3570,pred,A,B
mchr2_human___1320,0.003,mchr2_human___1320,pred,A,B
nmur1_human___1867,0.65,nmur1_human___1867,pred,A,B
ccr7_human___856,0.891,ccr7_human___856,pred,A,B
nk2r_human___5336,0.015,nk2r_human___5336,pred,A,B
bkrb2_human___2945,1.35,bkrb2_human___2945,pred,A,B
npy5r_human___1997,0.808,npy5r_human___1997,pred,A,B
ssr5_human___3700,1.411,ssr5_human___3700,pred,A,B
pacr_human___2257,0.192,pacr_human___2257,pred,A,B
ntr2_human___1458,0.489,ntr2_human___1458,pred,A,B
ssr4_human___1620,0.232,ssr4_human___1620,pred,A,B
grpr_human___3594,0.716,grpr_human___3594,pred,A,B
ccr8_human___1514,0.017,ccr8_human___1514,pred,A,B
ntr2_human___3643,0.655,ntr2_human___3643,pred,A,B
nk1r_human___821,1.752,nk1r_human___821,pred,A,B
rl3r1_human___1997,0.002,rl3r1_human___1997,pred,A,B
gpr75_human___3548,0.335,gpr75_human___3548,pred,A,B
ox1r_human___612,1.404,ox1r_human___612,pred,A,B
agtr1_human___921,0.464,agtr1_human___921,pred,A,B
oprk_human___3700,1.124,oprk_human___3700,pred,A,B
ghsr_human___2270,0.008,ghsr_human___2270,pred,A,B
ackr1_human___1470,0.402,ackr1_human___1470,pred,A,B
ccr5_human___819,0.064,ccr5_human___819,pred,A,B
kissr_human___1871,0.001,kissr_human___1871,pred,A,B
npff1_human___1136,0.118,npff1_human___1136,pred,A,B
c5ar1_human___3592,0.665,c5ar1_human___3592,pred,A,B
c5ar2_human___2945,0.603,c5ar2_human___2945,pred,A,B
mc5r_human___573,0.879,mc5r_human___573,pred,A,B
gp107_human___3700,0.878,gp107_human___3700,pred,A,B
oprk_human___2945,1.106,oprk_human___2945,pred,A,B
galr3_human___644,0.219,galr3_human___644,pred,A,B
fpr3_human___1479,0.615,fpr3_human___1479,pred,A,B
galr3_human___1162,0.755,galr3_human___1162,pred,A,B
calrl_human___3645,1.14,calrl_human___3645,pred,A,B
nmur1_human___4057,0.18,nmur1_human___4057,pred,A,B
mchr2_human___11417,1.052,mchr2_human___11417,pred,A,B
cml2_human___3700,1.895,cml2_human___3700,pred,A,B
v2r_human___771,0.236,v2r_human___771,pred,A,B
crfr2_human___1152,0.276,crfr2_human___1152,pred,A,B
nk3r_human___2090,0.867,nk3r_human___2090,pred,A,B
ccr5_human___1136,0.38,ccr5_human___1136,pred,A,B
cxcr5_human___2257,0.232,cxcr5_human___2257,pred,A,B
ccr9_human___798,0.804,ccr9_human___798,pred,A,B
fzd1_human___6067,0.041,fzd1_human___6067,pred,A,B
glp2r_human___1136,0.002,glp2r_human___1136,pred,A,B
cml2_human___3592,0.891,cml2_human___3592,pred,A,B
fzd6_human___3646,1.97,fzd6_human___3646,pred,A,B
cxcr2_human___3645,1.11,cxcr2_human___3645,pred,A,B
gp107_human___1157,0.031,gp107_human___1157,pred,A,B
ssr1_human___3548,0.497,ssr1_human___3548,pred,A,B
ssr5_human___5654,0.001,ssr5_human___5654,pred,A,B
galr2_human___612,0.012,galr2_human___612,pred,A,B
ccr8_human___798,0.21,ccr8_human___798,pred,A,B
cxcr5_human___821,1.374,cxcr5_human___821,pred,A,B
ntr1_human___1458,0.322,ntr1_human___1458,pred,A,B
oprm_human___3548,0.638,oprm_human___3548,pred,A,B
cxcr1_human___3542,0.175,cxcr1_human___3542,pred,A,B
mrgx2_human___687,0.032,mrgx2_human___687,pred,A,B
mrgx1_human___4058,0.026,mrgx1_human___4058,pred,A,B
xcr1_human___2270,0.254,xcr1_human___2270,pred,A,B
mc5r_human___5895,0.634,mc5r_human___5895,pred,A,B
mc4r_human___1140,0.374,mc4r_human___1140,pred,A,B
cckar_human___864,0.77,cckar_human___864,pred,A,B
mshr_human___573,0.006,mshr_human___573,pred,A,B
c5ar1_human___573,0.749,c5ar1_human___573,pred,A,B
ednrb_human___1867,2.274,ednrb_human___1867,pred,A,B
glr_human___1272,0.686,glr_human___1272,pred,A,B
c5ar2_human___1047,0.551,c5ar2_human___1047,pred,A,B
nk1r_human___612,0.374,nk1r_human___612,pred,A,B
ccr2_human___771,1.361,ccr2_human___771,pred,A,B
agtr1_human___646,1.033,agtr1_human___646,pred,A,B
npy4r_human___1140,0.296,npy4r_human___1140,pred,A,B
nmur1_human___1099,1.594,nmur1_human___1099,pred,A,B
cx3c1_human___3647,0.492,cx3c1_human___3647,pred,A,B
ssr2_human___687,0.267,ssr2_human___687,pred,A,B
nmbr_human___3542,0.002,nmbr_human___3542,pred,A,B
npy2r_human___1152,0.757,npy2r_human___1152,pred,A,B
fpr1_human___612,0.018,fpr1_human___612,pred,A,B
ssr5_human___1997,0.141,ssr5_human___1997,pred,A,B
npff1_human___5654,0.015,npff1_human___5654,pred,A,B
cxcr3_human___5895,0.25,cxcr3_human___5895,pred,A,B
fpr1_human___771,0.581,fpr1_human___771,pred,A,B
kissr_human___3700,0.518,kissr_human___3700,pred,A,B
agtr1_human___1298,0.347,agtr1_human___1298,pred,A,B
mshr_human___1140,0.192,mshr_human___1140,pred,A,B
ednra_human___1620,0.589,ednra_human___1620,pred,A,B
nmur1_human___1140,0.21,nmur1_human___1140,pred,A,B
oxyr_human___1157,0.861,oxyr_human___1157,pred,A,B
gipr_human___1320,0.244,gipr_human___1320,pred,A,B
vipr1_human___1504,0.517,vipr1_human___1504,pred,A,B
nk1r_human___798,0.732,nk1r_human___798,pred,A,B
acthr_human___574,0.528,acthr_human___574,pred,A,B
hrh4_human___1272,0.89,hrh4_human___1272,pred,A,B
acthr_human___1157,0.334,acthr_human___1157,pred,A,B
ccr4_human___754,1.337,ccr4_human___754,pred,A,B
npy5r_human___3570,0.863,npy5r_human___3570,pred,A,B
crfr2_human___3594,0.895,crfr2_human___3594,pred,A,B
fzd6_human___3594,0.141,fzd6_human___3594,pred,A,B
npbw1_human___1152,0.695,npbw1_human___1152,pred,A,B
ccr7_human___808,0.216,ccr7_human___808,pred,A,B
nk3r_human___5654,0.019,nk3r_human___5654,pred,A,B
cml1_human___3592,0.528,cml1_human___3592,pred,A,B
ssr3_human___1997,0.361,ssr3_human___1997,pred,A,B
v1ar_human___5654,0.006,v1ar_human___5654,pred,A,B
gnrhr_human___2257,0.863,gnrhr_human___2257,pred,A,B
calcr_human___2257,0.244,calcr_human___2257,pred,A,B
ssr1_human___1997,0.532,ssr1_human___1997,pred,A,B
cxcr1_human___758,0.324,cxcr1_human___758,pred,A,B
fshr_human___612,0.254,fshr_human___612,pred,A,B
ackr3_human___2019,1.009,ackr3_human___2019,pred,A,B
mrgx1_human___5336,0.002,mrgx1_human___5336,pred,A,B
vipr2_human___1283,0.543,vipr2_human___1283,pred,A,B
calcr_human___1162,0.3,calcr_human___1162,pred,A,B
cckar_human___1871,0.013,cckar_human___1871,pred,A,B
cxcr5_human___771,0.627,cxcr5_human___771,pred,A,B
agtr2_human___644,0.444,agtr2_human___644,pred,A,B
ghsr_human___1099,0.216,ghsr_human___1099,pred,A,B
npbw2_human___1495,0.306,npbw2_human___1495,pred,A,B
c3ar_human___1643,0.005,c3ar_human___1643,pred,A,B
mchr1_human___1790,0.042,mchr1_human___1790,pred,A,B
cxcr2_human___758,0.454,cxcr2_human___758,pred,A,B
apj_human___585,0.156,apj_human___585,pred,A,B
galr2_human___2019,0.356,galr2_human___2019,pred,A,B
fpr3_human___574,1.945,fpr3_human___574,pred,A,B
ssr3_human___646,0.498,ssr3_human___646,pred,A,B
ssr4_human___1623,0.256,ssr4_human___1623,pred,A,B
nk3r_human___1099,1.171,nk3r_human___1099,pred,A,B
mrgx1_human___6067,0.002,mrgx1_human___6067,pred,A,B
hrh4_human___3700,2.086,hrh4_human___3700,pred,A,B
pth1r_human___855,1.179,pth1r_human___855,pred,A,B
npy5r_human___5895,0.532,npy5r_human___5895,pred,A,B
fzd1_human___2945,0.855,fzd1_human___2945,pred,A,B
nk3r_human___1504,0.322,nk3r_human___1504,pred,A,B
hrh4_human___1099,0.123,hrh4_human___1099,pred,A,B
pth1r_human___1140,0.633,pth1r_human___1140,pred,A,B
ackr3_human___921,0.331,ackr3_human___921,pred,A,B
lgr4_human___3700,0.116,lgr4_human___3700,pred,A,B
lgr5_human___3606,0.081,lgr5_human___3606,pred,A,B
nk2r_human___3542,0.057,nk2r_human___3542,pred,A,B
ackr3_human___2089,0.143,ackr3_human___2089,pred,A,B
fpr3_human___3542,0.737,fpr3_human___3542,pred,A,B
cxcr1_human___3645,0.668,cxcr1_human___3645,pred,A,B
fpr3_human___758,0.156,fpr3_human___758,pred,A,B
ednra_human___1623,1.108,ednra_human___1623,pred,A,B
grpr_human___2257,0.827,grpr_human___2257,pred,A,B
calcr_human___921,0.28,calcr_human___921,pred,A,B
xcr1_human___3647,0.403,xcr1_human___3647,pred,A,B
gpr39_human___2019,1.621,gpr39_human___2019,pred,A,B
ccr8_human___808,0.296,ccr8_human___808,pred,A,B
g37l1_human___4058,0.083,g37l1_human___4058,pred,A,B
oprd_human___1623,1.656,oprd_human___1623,pred,A,B
nmbr_human___1047,0.908,nmbr_human___1047,pred,A,B
glr_human___1140,0.349,glr_human___1140,pred,A,B
vipr1_human___808,1.018,vipr1_human___808,pred,A,B
kissr_human___921,0.422,kissr_human___921,pred,A,B
cxcr1_human___798,0.904,cxcr1_human___798,pred,A,B
ghrhr_human___644,0.086,ghrhr_human___644,pred,A,B
ccr5_human___5654,0.207,ccr5_human___5654,pred,A,B
agtr2_human___1152,0.003,agtr2_human___1152,pred,A,B
gpr37_human___613,0.619,gpr37_human___613,pred,A,B
ackr2_human___921,0.489,ackr2_human___921,pred,A,B
nmur2_human___3570,1.584,nmur2_human___3570,pred,A,B
ccr8_human___861,0.25,ccr8_human___861,pred,A,B
calrl_human___3548,0.062,calrl_human___3548,pred,A,B
mc3r_human___1333,0.256,mc3r_human___1333,pred,A,B
npbw2_human___1579,0.015,npbw2_human___1579,pred,A,B
cml2_human___687,0.004,cml2_human___687,pred,A,B
oprm_human___1681,0.006,oprm_human___1681,pred,A,B
mc5r_human___2257,0.347,mc5r_human___2257,pred,A,B
agtr1_human___3643,0.398,agtr1_human___3643,pred,A,B
c5ar2_human___921,0.779,c5ar2_human___921,pred,A,B
cxcr4_human___3542,0.76,cxcr4_human___3542,pred,A,B
crfr1_human___3700,1.41,crfr1_human___3700,pred,A,B
bkrb1_human___1681,0.165,bkrb1_human___1681,pred,A,B
gnrhr_human___3548,0.154,gnrhr_human___3548,pred,A,B
calrl_human___4057,0.107,calrl_human___4057,pred,A,B
cxcr6_human___2270,0.649,cxcr6_human___2270,pred,A,B
hrh4_human___1681,0.002,hrh4_human___1681,pred,A,B
xcr1_human___817,0.181,xcr1_human___817,pred,A,B
fzd6_human___3735,0.146,fzd6_human___3735,pred,A,B
lgr4_human___856,0.68,lgr4_human___856,pred,A,B
acthr_human___3633,0.256,acthr_human___3633,pred,A,B
crfr1_human___1152,0.457,crfr1_human___1152,pred,A,B
gp107_human___798,1.008,gp107_human___798,pred,A,B
ntr1_human___3570,2.327,ntr1_human___3570,pred,A,B
cx3c1_human___921,0.206,cx3c1_human___921,pred,A,B
oxyr_human___5654,0.099,oxyr_human___5654,pred,A,B
mchr2_human___585,0.209,mchr2_human___585,pred,A,B
ssr1_human___1643,0.722,ssr1_human___1643,pred,A,B
cxcr3_human___758,0.144,cxcr3_human___758,pred,A,B
ccr1_human___2089,0.499,ccr1_human___2089,pred,A,B
galr1_human___1479,0.522,galr1_human___1479,pred,A,B
ox1r_human___1479,0.303,ox1r_human___1479,pred,A,B
ccr7_human___1490,0.024,ccr7_human___1490,pred,A,B
fpr1_human___4058,1.04,fpr1_human___4058,pred,A,B
cxcr1_human___1790,0.192,cxcr1_human___1790,pred,A,B
apj_human___1152,0.432,apj_human___1152,pred,A,B
pkr1_human___1871,0.0,pkr1_human___1871,pred,A,B
gipr_human___3542,0.408,gipr_human___3542,pred,A,B
bkrb2_human___5654,0.061,bkrb2_human___5654,pred,A,B
pkr1_human___687,0.086,pkr1_human___687,pred,A,B
agtr1_human___8526,0.867,agtr1_human___8526,pred,A,B
cxcr1_human___819,0.667,cxcr1_human___819,pred,A,B
npy1r_human___2089,0.642,npy1r_human___2089,pred,A,B
npsr1_human___1681,0.171,npsr1_human___1681,pred,A,B
bkrb1_human___3542,0.505,bkrb1_human___3542,pred,A,B
ccr3_human___798,0.797,ccr3_human___798,pred,A,B
gp107_human___758,0.565,gp107_human___758,pred,A,B
oprx_human___1790,0.047,oprx_human___1790,pred,A,B
cxcr3_human___821,0.792,cxcr3_human___821,pred,A,B
ackr3_human___1004,0.092,ackr3_human___1004,pred,A,B
ccr4_human___856,0.572,ccr4_human___856,pred,A,B
ssr4_human___1157,0.039,ssr4_human___1157,pred,A,B
ox2r_human___3735,1.501,ox2r_human___3735,pred,A,B
cxcr2_human___1099,0.02,cxcr2_human___1099,pred,A,B
ntr2_human___1470,0.695,ntr2_human___1470,pred,A,B
ccr1_human___644,0.493,ccr1_human___644,pred,A,B
ccr8_human___754,0.112,ccr8_human___754,pred,A,B
g37l1_human___1136,0.002,g37l1_human___1136,pred,A,B
ur2r_human___1623,0.941,ur2r_human___1623,pred,A,B
cxcr1_human___1504,0.002,cxcr1_human___1504,pred,A,B
npy2r_human___1479,0.645,npy2r_human___1479,pred,A,B
fzd2_human___3548,0.034,fzd2_human___3548,pred,A,B
pth2r_human___3594,0.586,pth2r_human___3594,pred,A,B
oxyr_human___2168,1.038,oxyr_human___2168,pred,A,B
agtr1_human___758,0.471,agtr1_human___758,pred,A,B
hrh4_human___644,0.211,hrh4_human___644,pred,A,B
fpr1_human___2019,0.05,fpr1_human___2019,pred,A,B
ccr2_human___798,2.014,ccr2_human___798,pred,A,B
v1ar_human___2019,0.489,v1ar_human___2019,pred,A,B
cxcr3_human___3646,1.09,cxcr3_human___3646,pred,A,B
mrgx2_human___4057,0.03,mrgx2_human___4057,pred,A,B
oprm_human___3542,0.918,oprm_human___3542,pred,A,B
ssr5_human___3548,0.221,ssr5_human___3548,pred,A,B
v1br_human___758,0.344,v1br_human___758,pred,A,B
cxcr4_human___1099,0.021,cxcr4_human___1099,pred,A,B
cxcr4_human___758,0.006,cxcr4_human___758,pred,A,B
ox1r_human___5654,0.003,ox1r_human___5654,pred,A,B
grpr_human___3700,0.535,grpr_human___3700,pred,A,B
v1br_human___2168,0.424,v1br_human___2168,pred,A,B
vipr1_human___1140,0.728,vipr1_human___1140,pred,A,B
ednra_human___3542,0.925,ednra_human___3542,pred,A,B
trfr_human___1699,0.39,trfr_human___1699,pred,A,B
galr2_human___3700,0.498,galr2_human___3700,pred,A,B
npy4r_human___2090,1.14,npy4r_human___2090,pred,A,B
oprd_human___5654,0.134,oprd_human___5654,pred,A,B
ackr2_human___758,0.487,ackr2_human___758,pred,A,B
ccr7_human___1579,0.308,ccr7_human___1579,pred,A,B
pth2r_human___1867,0.558,pth2r_human___1867,pred,A,B
mrgx1_human___3640,0.009,mrgx1_human___3640,pred,A,B
agtr1_human___5654,0.115,agtr1_human___5654,pred,A,B
ox1r_human___3735,0.02,ox1r_human___3735,pred,A,B
lgr4_human___573,0.78,lgr4_human___573,pred,A,B
ssr5_human___1298,0.003,ssr5_human___1298,pred,A,B
apj_human___1790,0.108,apj_human___1790,pred,A,B
pth1r_human___3542,0.121,pth1r_human___3542,pred,A,B
v1br_human___1579,0.363,v1br_human___1579,pred,A,B
nk3r_human___1871,0.03,nk3r_human___1871,pred,A,B
v2r_human___1579,0.796,v2r_human___1579,pred,A,B
mtlr_human___687,0.395,mtlr_human___687,pred,A,B
mc3r_human___2089,0.427,mc3r_human___2089,pred,A,B
npsr1_human___810,0.44,npsr1_human___810,pred,A,B
lgr4_human___585,0.818,lgr4_human___585,pred,A,B
ccr6_human___808,0.157,ccr6_human___808,pred,A,B
gpr75_human___613,0.274,gpr75_human___613,pred,A,B
lgr5_human___1140,0.112,lgr5_human___1140,pred,A,B
gasr_human___1699,0.03,gasr_human___1699,pred,A,B
mtlr_human___8526,0.97,mtlr_human___8526,pred,A,B
galr1_human___573,1.837,galr1_human___573,pred,A,B
oprd_human___3646,0.001,oprd_human___3646,pred,A,B
ntr1_human___1470,0.874,ntr1_human___1470,pred,A,B
agtr1_human___582,0.622,agtr1_human___582,pred,A,B
ccr2_human___921,0.277,ccr2_human___921,pred,A,B
kissr_human___1790,0.283,kissr_human___1790,pred,A,B
fpr1_human___3935,0.503,fpr1_human___3935,pred,A,B
fzd1_human___989,0.01,fzd1_human___989,pred,A,B
ox1r_human___1152,0.231,ox1r_human___1152,pred,A,B
cx3c1_human___808,0.235,cx3c1_human___808,pred,A,B
cckar_human___613,1.148,cckar_human___613,pred,A,B
c5ar1_human___5654,0.177,c5ar1_human___5654,pred,A,B
mc4r_human___1504,0.961,mc4r_human___1504,pred,A,B
hrh4_human___1140,0.262,hrh4_human___1140,pred,A,B
g37l1_human___6067,0.046,g37l1_human___6067,pred,A,B
agtr2_human___3700,1.613,agtr2_human___3700,pred,A,B
grpr_human___612,0.059,grpr_human___612,pred,A,B
v1ar_human___2168,0.041,v1ar_human___2168,pred,A,B
npsr1_human___2945,0.835,npsr1_human___2945,pred,A,B
nk3r_human___3640,1.013,nk3r_human___3640,pred,A,B
ssr5_human___646,0.571,ssr5_human___646,pred,A,B
calrl_human___1470,0.06,calrl_human___1470,pred,A,B
npsr1_human___1871,0.356,npsr1_human___1871,pred,A,B
pacr_human___3643,0.128,pacr_human___3643,pred,A,B
bkrb1_human___3594,1.559,bkrb1_human___3594,pred,A,B
ccr9_human___3548,0.459,ccr9_human___3548,pred,A,B
npsr1_human___3700,0.256,npsr1_human___3700,pred,A,B
galr3_human___613,0.728,galr3_human___613,pred,A,B
agtr2_human___582,1.051,agtr2_human___582,pred,A,B
npy5r_human___3643,0.352,npy5r_human___3643,pred,A,B
ssr5_human___11417,0.006,ssr5_human___11417,pred,A,B
fzd2_human___921,0.149,fzd2_human___921,pred,A,B
nmur2_human___1047,0.489,nmur2_human___1047,pred,A,B
galr1_human___5654,0.255,galr1_human___5654,pred,A,B
ssr3_human___5654,0.185,ssr3_human___5654,pred,A,B
ghsr_human___1470,0.998,ghsr_human___1470,pred,A,B
gpr37_human___585,0.579,gpr37_human___585,pred,A,B
gnrhr_human___3643,0.393,gnrhr_human___3643,pred,A,B
bkrb1_human___2270,0.354,bkrb1_human___2270,pred,A,B
cml1_human___2945,2.069,cml1_human___2945,pred,A,B
v1br_human___1643,0.199,v1br_human___1643,pred,A,B
oprd_human___1681,0.032,oprd_human___1681,pred,A,B
mc3r_human___3643,0.343,mc3r_human___3643,pred,A,B
ntr1_human___798,1.789,ntr1_human___798,pred,A,B
pacr_human___3594,0.262,pacr_human___3594,pred,A,B
ackr4_human___810,0.737,ackr4_human___810,pred,A,B
ntr2_human___1140,0.218,ntr2_human___1140,pred,A,B
ccr10_human___3640,1.147,ccr10_human___3640,pred,A,B
ghsr_human___754,0.694,ghsr_human___754,pred,A,B
glr_human___1136,0.376,glr_human___1136,pred,A,B
bkrb1_human___3700,1.117,bkrb1_human___3700,pred,A,B
ccr10_human___1790,0.28,ccr10_human___1790,pred,A,B
kissr_human___1136,0.553,kissr_human___1136,pred,A,B
fshr_human___3640,1.148,fshr_human___3640,pred,A,B
pth1r_human___1152,0.374,pth1r_human___1152,pred,A,B
ackr4_human___798,1.307,ackr4_human___798,pred,A,B
fpr2_human___574,1.488,fpr2_human___574,pred,A,B
mc3r_human___2090,0.641,mc3r_human___2090,pred,A,B
ssr5_human___1152,0.141,ssr5_human___1152,pred,A,B
lgr4_human___2098,0.006,lgr4_human___2098,pred,A,B
ghrhr_human___1136,0.489,ghrhr_human___1136,pred,A,B
ssr1_human___11417,0.004,ssr1_human___11417,pred,A,B
par4_human___2270,0.268,par4_human___2270,pred,A,B
mshr_human___1152,0.36,mshr_human___1152,pred,A,B
pkr2_human___1458,0.002,pkr2_human___1458,pred,A,B
fpr2_human___1047,0.834,fpr2_human___1047,pred,A,B
fpr2_human___3570,2.054,fpr2_human___3570,pred,A,B
agtr2_human___3548,0.358,agtr2_human___3548,pred,A,B
npff1_human___1790,0.655,npff1_human___1790,pred,A,B
cxcr3_human___3645,0.913,cxcr3_human___3645,pred,A,B
bkrb2_human___644,0.822,bkrb2_human___644,pred,A,B
cxcr6_human___808,0.617,cxcr6_human___808,pred,A,B
nk2r_human___5895,0.164,nk2r_human___5895,pred,A,B
v2r_human___855,1.112,v2r_human___855,pred,A,B
fshr_human___4358,0.333,fshr_human___4358,pred,A,B
vipr1_human___1152,0.445,vipr1_human___1152,pred,A,B
npbw2_human___5654,0.104,npbw2_human___5654,pred,A,B
crfr1_human___1514,0.427,crfr1_human___1514,pred,A,B
ccr9_human___817,0.624,ccr9_human___817,pred,A,B
pacr_human___1140,0.238,pacr_human___1140,pred,A,B
g37l1_human___1157,0.498,g37l1_human___1157,pred,A,B
vipr1_human___1136,0.116,vipr1_human___1136,pred,A,B
mshr_human___1320,0.282,mshr_human___1320,pred,A,B
ackr4_human___5654,0.136,ackr4_human___5654,pred,A,B
npy2r_human___1699,0.693,npy2r_human___1699,pred,A,B
c5ar2_human___2257,0.392,c5ar2_human___2257,pred,A,B
gasr_human___1283,0.315,gasr_human___1283,pred,A,B
fpr2_human___4058,0.551,fpr2_human___4058,pred,A,B
ednra_human___1157,0.744,ednra_human___1157,pred,A,B
glp1r_human___3542,0.205,glp1r_human___3542,pred,A,B
v2r_human___3700,2.2,v2r_human___3700,pred,A,B
kissr_human___812,1.963,kissr_human___812,pred,A,B
qrfpr_human___1140,0.14,qrfpr_human___1140,pred,A,B
c3ar_human___2168,0.092,c3ar_human___2168,pred,A,B
npff2_human___3735,1.085,npff2_human___3735,pred,A,B
lgr6_human___3548,1.289,lgr6_human___3548,pred,A,B
galr3_human___1790,0.922,galr3_human___1790,pred,A,B
pacr_human___3570,1.721,pacr_human___3570,pred,A,B
ccr10_human___810,0.413,ccr10_human___810,pred,A,B
fpr3_human___1152,0.134,fpr3_human___1152,pred,A,B
ccr6_human___4358,0.42,ccr6_human___4358,pred,A,B
agtr2_human___646,0.306,agtr2_human___646,pred,A,B
calrl_human___776,1.062,calrl_human___776,pred,A,B
cxcr4_human___4358,0.092,cxcr4_human___4358,pred,A,B
v1ar_human___812,1.378,v1ar_human___812,pred,A,B
ccr7_human___2156,0.068,ccr7_human___2156,pred,A,B
fshr_human___2019,0.041,fshr_human___2019,pred,A,B
ur2r_human___2156,1.825,ur2r_human___2156,pred,A,B
acthr_human___4358,0.996,acthr_human___4358,pred,A,B
nk2r_human___3548,0.286,nk2r_human___3548,pred,A,B
mc3r_human___1997,0.253,mc3r_human___1997,pred,A,B
mrgx1_human___3735,0.003,mrgx1_human___3735,pred,A,B
hrh4_human___3645,0.285,hrh4_human___3645,pred,A,B
nk2r_human___1504,0.39,nk2r_human___1504,pred,A,B
pth2r_human___5895,0.14,pth2r_human___5895,pred,A,B
gpr37_human___6067,0.107,gpr37_human___6067,pred,A,B
ssr5_human___808,0.086,ssr5_human___808,pred,A,B
oprm_human___2019,0.003,oprm_human___2019,pred,A,B
gasr_human___2270,0.402,gasr_human___2270,pred,A,B
acthr_human___3606,1.701,acthr_human___3606,pred,A,B
bkrb2_human___1136,0.242,bkrb2_human___1136,pred,A,B
fzd1_human___681,1.368,fzd1_human___681,pred,A,B
prlhr_human___687,0.091,prlhr_human___687,pred,A,B
cml2_human___681,0.006,cml2_human___681,pred,A,B
rl3r1_human___687,0.626,rl3r1_human___687,pred,A,B
galr2_human___613,0.566,galr2_human___613,pred,A,B
c5ar2_human___1997,0.258,c5ar2_human___1997,pred,A,B
ccr10_human___3646,0.39,ccr10_human___3646,pred,A,B
bkrb2_human___754,0.997,bkrb2_human___754,pred,A,B
mchr2_human___2019,0.15,mchr2_human___2019,pred,A,B
glp2r_human___3643,0.35,glp2r_human___3643,pred,A,B
xcr1_human___687,0.806,xcr1_human___687,pred,A,B
fzd6_human___681,1.066,fzd6_human___681,pred,A,B
acthr_human___1333,0.28,acthr_human___1333,pred,A,B
npy5r_human___1871,0.78,npy5r_human___1871,pred,A,B
ednra_human___989,0.541,ednra_human___989,pred,A,B
oprm_human___1643,0.007,oprm_human___1643,pred,A,B
mc5r_human___1320,0.322,mc5r_human___1320,pred,A,B
pkr2_human___1867,0.589,pkr2_human___1867,pred,A,B
gasr_human___776,0.535,gasr_human___776,pred,A,B
cxcr6_human___798,0.266,cxcr6_human___798,pred,A,B
oprk_human___921,0.751,oprk_human___921,pred,A,B
nmur2_human___1790,0.454,nmur2_human___1790,pred,A,B
oprx_human___1136,0.46,oprx_human___1136,pred,A,B
mrgx1_human___1504,0.12,mrgx1_human___1504,pred,A,B
calcr_human___3935,0.175,calcr_human___3935,pred,A,B
ccr5_human___1699,0.674,ccr5_human___1699,pred,A,B
ccr2_human___3570,0.978,ccr2_human___3570,pred,A,B
par4_human___3570,0.89,par4_human___3570,pred,A,B
ccr3_human___3542,0.284,ccr3_human___3542,pred,A,B
mchr1_human___3542,0.202,mchr1_human___3542,pred,A,B
grpr_human___2019,0.756,grpr_human___2019,pred,A,B
vipr2_human___1152,0.137,vipr2_human___1152,pred,A,B
oprk_human___2019,0.005,oprk_human___2019,pred,A,B
ntr2_human___1997,0.025,ntr2_human___1997,pred,A,B
fzd1_human___612,0.354,fzd1_human___612,pred,A,B
sctr_human___817,1.056,sctr_human___817,pred,A,B
ntr2_human___5336,1.852,ntr2_human___5336,pred,A,B
mchr2_human___1162,0.729,mchr2_human___1162,pred,A,B
c5ar2_human___5654,0.004,c5ar2_human___5654,pred,A,B
ssr3_human___582,0.205,ssr3_human___582,pred,A,B
ox1r_human___613,0.586,ox1r_human___613,pred,A,B
ccr3_human___776,1.323,ccr3_human___776,pred,A,B
gpr75_human___2090,0.923,gpr75_human___2090,pred,A,B
npy4r_human___771,0.114,npy4r_human___771,pred,A,B
crfr2_human___1272,0.265,crfr2_human___1272,pred,A,B
cx3c1_human___856,1.737,cx3c1_human___856,pred,A,B
ccr7_human___855,0.378,ccr7_human___855,pred,A,B
oprm_human___5654,0.148,oprm_human___5654,pred,A,B
vipr2_human___2156,0.551,vipr2_human___2156,pred,A,B
pkr2_human___989,0.287,pkr2_human___989,pred,A,B
gipr_human___3594,1.911,gipr_human___3594,pred,A,B
ccr8_human___3606,0.009,ccr8_human___3606,pred,A,B
ccr1_human___771,0.808,ccr1_human___771,pred,A,B
ackr2_human___681,0.292,ackr2_human___681,pred,A,B
mshr_human___5654,0.511,mshr_human___5654,pred,A,B
fzd6_human___3548,0.151,fzd6_human___3548,pred,A,B
acthr_human___1272,0.824,acthr_human___1272,pred,A,B
mchr1_human___3570,1.608,mchr1_human___3570,pred,A,B
calrl_human___681,0.569,calrl_human___681,pred,A,B
cxcr2_human___687,0.086,cxcr2_human___687,pred,A,B
crfr2_human___1333,0.36,crfr2_human___1333,pred,A,B
calcr_human___3700,0.427,calcr_human___3700,pred,A,B
ackr3_human___1579,0.022,ackr3_human___1579,pred,A,B
nmur2_human___1099,0.232,nmur2_human___1099,pred,A,B
oprm_human___1162,0.004,oprm_human___1162,pred,A,B
crfr1_human___2257,0.064,crfr1_human___2257,pred,A,B
pth2r_human___1099,0.028,pth2r_human___1099,pred,A,B
cckar_human___798,0.905,cckar_human___798,pred,A,B
lgr4_human___2019,0.442,lgr4_human___2019,pred,A,B
bkrb2_human___646,0.884,bkrb2_human___646,pred,A,B
c3ar_human___2090,0.516,c3ar_human___2090,pred,A,B
glp2r_human___2019,0.111,glp2r_human___2019,pred,A,B
cxcr6_human___681,0.006,cxcr6_human___681,pred,A,B
cxcr3_human___1790,0.277,cxcr3_human___1790,pred,A,B
ccr5_human___798,0.534,ccr5_human___798,pred,A,B
ghrhr_human___3643,0.503,ghrhr_human___3643,pred,A,B
npbw1_human___646,0.373,npbw1_human___646,pred,A,B
ssr1_human___1620,0.07,ssr1_human___1620,pred,A,B
npff2_human___2945,0.192,npff2_human___2945,pred,A,B
ackr3_human___2257,0.328,ackr3_human___2257,pred,A,B
ssr1_human___3700,0.31,ssr1_human___3700,pred,A,B
v1ar_human___681,0.057,v1ar_human___681,pred,A,B
agtr2_human___2019,1.905,agtr2_human___2019,pred,A,B
ox2r_human___3700,0.83,ox2r_human___3700,pred,A,B
kissr_human___644,0.115,kissr_human___644,pred,A,B
ntr1_human___5336,0.201,ntr1_human___5336,pred,A,B
mc4r_human___2089,0.35,mc4r_human___2089,pred,A,B
ox2r_human___1871,0.184,ox2r_human___1871,pred,A,B
ednra_human___1867,1.109,ednra_human___1867,pred,A,B
qrfpr_human___1790,0.314,qrfpr_human___1790,pred,A,B
lgr4_human___817,1.183,lgr4_human___817,pred,A,B
mtlr_human___681,0.039,mtlr_human___681,pred,A,B
vipr2_human___3700,1.668,vipr2_human___3700,pred,A,B
galr3_human___1136,0.941,galr3_human___1136,pred,A,B
ackr1_human___3645,0.683,ackr1_human___3645,pred,A,B
xcr1_human___1790,0.001,xcr1_human___1790,pred,A,B
lgr6_human___4057,0.007,lgr6_human___4057,pred,A,B
ccr3_human___2270,0.271,ccr3_human___2270,pred,A,B
par4_human___1579,0.213,par4_human___1579,pred,A,B
oprk_human___5654,0.067,oprk_human___5654,pred,A,B
cckar_human___5336,0.184,cckar_human___5336,pred,A,B
mrgx2_human___2019,0.014,mrgx2_human___2019,pred,A,B
gp107_human___2019,0.038,gp107_human___2019,pred,A,B
glp2r_human___1140,0.817,glp2r_human___1140,pred,A,B
ccr7_human___1504,-0.001,ccr7_human___1504,pred,A,B
mrgx2_human___1157,0.008,mrgx2_human___1157,pred,A,B
lgr4_human___1157,0.448,lgr4_human___1157,pred,A,B
v1ar_human___821,0.539,v1ar_human___821,pred,A,B
crfr2_human___1867,0.788,crfr2_human___1867,pred,A,B
cxcr2_human___585,0.588,cxcr2_human___585,pred,A,B
sctr_human___1140,0.55,sctr_human___1140,pred,A,B
ccr5_human___3645,0.399,ccr5_human___3645,pred,A,B
npbw1_human___1136,0.345,npbw1_human___1136,pred,A,B
oprd_human___1162,0.009,oprd_human___1162,pred,A,B
c5ar1_human___646,0.797,c5ar1_human___646,pred,A,B
qrfpr_human___1681,0.078,qrfpr_human___1681,pred,A,B
mchr2_human___1470,0.131,mchr2_human___1470,pred,A,B
npy4r_human___687,0.002,npy4r_human___687,pred,A,B
gpr39_human___5336,0.397,gpr39_human___5336,pred,A,B
par4_human___1298,0.898,par4_human___1298,pred,A,B
npy1r_human___771,0.475,npy1r_human___771,pred,A,B
cml2_human___1643,0.002,cml2_human___1643,pred,A,B
c5ar2_human___574,0.643,c5ar2_human___574,pred,A,B
npy1r_human___1298,0.411,npy1r_human___1298,pred,A,B
npy1r_human___1871,0.021,npy1r_human___1871,pred,A,B
nk1r_human___1871,0.013,nk1r_human___1871,pred,A,B
galr3_human___1157,0.444,galr3_human___1157,pred,A,B
ackr2_human___646,0.29,ackr2_human___646,pred,A,B
cml1_human___1479,0.064,cml1_human___1479,pred,A,B
ackr4_human___855,0.837,ackr4_human___855,pred,A,B
g37l1_human___681,1.157,g37l1_human___681,pred,A,B
rl3r1_human___574,0.241,rl3r1_human___574,pred,A,B
rl3r1_human___681,0.406,rl3r1_human___681,pred,A,B
gipr_human___1140,0.531,gipr_human___1140,pred,A,B
ssr4_human___3640,0.673,ssr4_human___3640,pred,A,B
fzd6_human___646,1.317,fzd6_human___646,pred,A,B
ur2r_human___3643,0.243,ur2r_human___3643,pred,A,B
glr_human___758,0.193,glr_human___758,pred,A,B
oxyr_human___1490,0.705,oxyr_human___1490,pred,A,B
ackr3_human___810,0.06,ackr3_human___810,pred,A,B
fzd2_human___1643,1.278,fzd2_human___1643,pred,A,B
nk2r_human___1514,0.059,nk2r_human___1514,pred,A,B
cxcr2_human___1579,0.065,cxcr2_human___1579,pred,A,B
ccr9_human___758,0.234,ccr9_human___758,pred,A,B
calcr_human___798,0.254,calcr_human___798,pred,A,B
ur2r_human___1152,0.194,ur2r_human___1152,pred,A,B
ghrhr_human___758,0.819,ghrhr_human___758,pred,A,B
ssr3_human___1298,0.031,ssr3_human___1298,pred,A,B
cml1_human___3700,0.825,cml1_human___3700,pred,A,B
npy5r_human___1504,0.669,npy5r_human___1504,pred,A,B
ackr3_human___4358,0.696,ackr3_human___4358,pred,A,B
ox2r_human___921,1.315,ox2r_human___921,pred,A,B
ccr1_human___646,0.348,ccr1_human___646,pred,A,B
mc4r_human___1643,0.38,mc4r_human___1643,pred,A,B
fzd6_human___921,0.01,fzd6_human___921,pred,A,B
ccr3_human___1790,0.03,ccr3_human___1790,pred,A,B
npy1r_human___2090,1.697,npy1r_human___2090,pred,A,B
gasr_human___819,0.701,gasr_human___819,pred,A,B
gpr75_human___5895,0.04,gpr75_human___5895,pred,A,B
npbw2_human___2945,1.676,npbw2_human___2945,pred,A,B
ccr2_human___2168,0.015,ccr2_human___2168,pred,A,B
mrgx2_human___574,0.005,mrgx2_human___574,pred,A,B
ntr1_human___1047,0.652,ntr1_human___1047,pred,A,B
ur2r_human___2270,0.474,ur2r_human___2270,pred,A,B
npff1_human___1470,0.424,npff1_human___1470,pred,A,B
ednrb_human___758,0.627,ednrb_human___758,pred,A,B
mtlr_human___1623,0.931,mtlr_human___1623,pred,A,B
vipr2_human___1047,0.049,vipr2_human___1047,pred,A,B
nmur1_human___1458,0.36,nmur1_human___1458,pred,A,B
ntr2_human___6067,0.001,ntr2_human___6067,pred,A,B
npsr1_human___2168,0.817,npsr1_human___2168,pred,A,B
ox1r_human___1871,0.066,ox1r_human___1871,pred,A,B
npbw2_human___3700,1.386,npbw2_human___3700,pred,A,B
nmbr_human___3935,2.08,nmbr_human___3935,pred,A,B
cxcr2_human___2945,0.873,cxcr2_human___2945,pred,A,B
mrgx1_human___687,0.004,mrgx1_human___687,pred,A,B
lgr6_human___5654,0.001,lgr6_human___5654,pred,A,B
v1br_human___3548,0.612,v1br_human___3548,pred,A,B
ssr3_human___6067,0.277,ssr3_human___6067,pred,A,B
gpr39_human___856,0.355,gpr39_human___856,pred,A,B
mc4r_human___6067,0.17,mc4r_human___6067,pred,A,B
ntr1_human___1579,0.01,ntr1_human___1579,pred,A,B
npy1r_human___644,1.537,npy1r_human___644,pred,A,B
apj_human___613,0.159,apj_human___613,pred,A,B
galr1_human___11417,0.493,galr1_human___11417,pred,A,B
ccr6_human___1152,0.002,ccr6_human___1152,pred,A,B
oprx_human___1681,0.001,oprx_human___1681,pred,A,B
sctr_human___1136,0.6,sctr_human___1136,pred,A,B
galr1_human___3735,0.512,galr1_human___3735,pred,A,B
crfr2_human___1140,0.172,crfr2_human___1140,pred,A,B
npff2_human___11417,0.656,npff2_human___11417,pred,A,B
oprd_human___2019,0.025,oprd_human___2019,pred,A,B
ccr6_human___758,0.424,ccr6_human___758,pred,A,B
fzd2_human___856,0.673,fzd2_human___856,pred,A,B
ccr10_human___1514,0.001,ccr10_human___1514,pred,A,B
ghsr_human___2090,1.774,ghsr_human___2090,pred,A,B
npy1r_human___3700,1.606,npy1r_human___3700,pred,A,B
mshr_human___1997,0.052,mshr_human___1997,pred,A,B
qrfpr_human___681,0.299,qrfpr_human___681,pred,A,B
npff1_human___1152,0.075,npff1_human___1152,pred,A,B
v1ar_human___758,0.395,v1ar_human___758,pred,A,B
ccr6_human___2257,0.323,ccr6_human___2257,pred,A,B
mc4r_human___2090,0.581,mc4r_human___2090,pred,A,B
ednra_human___687,0.003,ednra_human___687,pred,A,B
v2r_human___1490,0.002,v2r_human___1490,pred,A,B
pth1r_human___3643,0.229,pth1r_human___3643,pred,A,B
oprm_human___2945,0.265,oprm_human___2945,pred,A,B
nmbr_human___1152,0.06,nmbr_human___1152,pred,A,B
gpr39_human___2089,0.37,gpr39_human___2089,pred,A,B
ccr7_human___810,0.759,ccr7_human___810,pred,A,B
ghrhr_human___1272,0.864,ghrhr_human___1272,pred,A,B
galr1_human___1157,0.167,galr1_human___1157,pred,A,B
c5ar1_human___921,0.064,c5ar1_human___921,pred,A,B
pth1r_human___1283,0.422,pth1r_human___1283,pred,A,B
glp1r_human___2945,0.356,glp1r_human___2945,pred,A,B
xcr1_human___856,1.984,xcr1_human___856,pred,A,B
ntr2_human___2156,1.661,ntr2_human___2156,pred,A,B
calcr_human___1099,0.321,calcr_human___1099,pred,A,B
ssr1_human___1623,0.302,ssr1_human___1623,pred,A,B
nmbr_human___3700,0.688,nmbr_human___3700,pred,A,B
gpr75_human___6067,0.005,gpr75_human___6067,pred,A,B
oprx_human___2945,0.208,oprx_human___2945,pred,A,B
ccr8_human___812,0.226,ccr8_human___812,pred,A,B
nmur1_human___754,1.016,nmur1_human___754,pred,A,B
gpr37_human___4058,1.486,gpr37_human___4058,pred,A,B
agtr1_human___644,1.36,agtr1_human___644,pred,A,B
ghrhr_human___2270,1.12,ghrhr_human___2270,pred,A,B
grpr_human___1136,0.316,grpr_human___1136,pred,A,B
prlhr_human___1136,0.244,prlhr_human___1136,pred,A,B
nk1r_human___687,0.025,nk1r_human___687,pred,A,B
g37l1_human___1140,0.043,g37l1_human___1140,pred,A,B
qrfpr_human___821,0.531,qrfpr_human___821,pred,A,B
fshr_human___3633,0.371,fshr_human___3633,pred,A,B
fzd6_human___3542,3.368,fzd6_human___3542,pred,A,B
ccr1_human___861,0.861,ccr1_human___861,pred,A,B
agtr1_human___585,1.32,agtr1_human___585,pred,A,B
crfr2_human___3643,0.149,crfr2_human___3643,pred,A,B
npy2r_human___1283,0.987,npy2r_human___1283,pred,A,B
ccr9_human___856,0.306,ccr9_human___856,pred,A,B
sctr_human___3643,0.702,sctr_human___3643,pred,A,B
gasr_human___1871,0.0,gasr_human___1871,pred,A,B
prlhr_human___2257,0.297,prlhr_human___2257,pred,A,B
xcr1_human___644,0.389,xcr1_human___644,pred,A,B
ccr1_human___754,1.372,ccr1_human___754,pred,A,B
rl3r1_human___3643,0.157,rl3r1_human___3643,pred,A,B
nk3r_human___687,0.002,nk3r_human___687,pred,A,B
prlhr_human___3700,0.539,prlhr_human___3700,pred,A,B
gpr37_human___2168,1.197,gpr37_human___2168,pred,A,B
g37l1_human___5895,2.157,g37l1_human___5895,pred,A,B
oprd_human___3700,0.818,oprd_human___3700,pred,A,B
ccr5_human___3643,0.124,ccr5_human___3643,pred,A,B
cml1_human___1681,0.0,cml1_human___1681,pred,A,B
pth2r_human___1152,0.383,pth2r_human___1152,pred,A,B
ackr4_human___3570,1.237,ackr4_human___3570,pred,A,B
calrl_human___3700,1.76,calrl_human___3700,pred,A,B
vipr2_human___808,0.127,vipr2_human___808,pred,A,B
ccr1_human___1579,0.007,ccr1_human___1579,pred,A,B
ccr10_human___855,0.781,ccr10_human___855,pred,A,B
npsr1_human___5654,0.014,npsr1_human___5654,pred,A,B
crfr2_human___921,0.211,crfr2_human___921,pred,A,B
prlhr_human___1871,0.004,prlhr_human___1871,pred,A,B
cxcr4_human___646,0.713,cxcr4_human___646,pred,A,B
mc4r_human___687,1.973,mc4r_human___687,pred,A,B
mtlr_human___754,1.865,mtlr_human___754,pred,A,B
nk3r_human___2270,0.021,nk3r_human___2270,pred,A,B
gpr39_human___1047,0.151,gpr39_human___1047,pred,A,B
c5ar1_human___1136,0.042,c5ar1_human___1136,pred,A,B
fpr1_human___613,0.01,fpr1_human___613,pred,A,B
bkrb1_human___644,0.277,bkrb1_human___644,pred,A,B
cx3c1_human___681,0.004,cx3c1_human___681,pred,A,B
pth2r_human___1140,0.497,pth2r_human___1140,pred,A,B
trfr_human___613,0.582,trfr_human___613,pred,A,B
ccr4_human___821,0.871,ccr4_human___821,pred,A,B
cxcr3_human___2257,0.218,cxcr3_human___2257,pred,A,B
fzd1_human___1320,0.293,fzd1_human___1320,pred,A,B
galr1_human___3548,0.258,galr1_human___3548,pred,A,B
ednrb_human___687,0.223,ednrb_human___687,pred,A,B
oprk_human___3542,1.258,oprk_human___3542,pred,A,B
ox1r_human___1699,0.289,ox1r_human___1699,pred,A,B
ccr8_human___821,0.94,ccr8_human___821,pred,A,B
c3ar_human___5654,0.002,c3ar_human___5654,pred,A,B
fpr2_human___3542,0.662,fpr2_human___3542,pred,A,B
nmur1_human___2089,0.34,nmur1_human___2089,pred,A,B
nk1r_human___1514,0.001,nk1r_human___1514,pred,A,B
rl3r1_human___3548,0.172,rl3r1_human___3548,pred,A,B
ur2r_human___613,1.03,ur2r_human___613,pred,A,B
ssr2_human___2270,0.604,ssr2_human___2270,pred,A,B
mc4r_human___5654,0.02,mc4r_human___5654,pred,A,B
trfr_human___4058,0.658,trfr_human___4058,pred,A,B
ccr4_human___771,0.577,ccr4_human___771,pred,A,B
galr2_human___1479,0.204,galr2_human___1479,pred,A,B
npff2_human___1157,0.042,npff2_human___1157,pred,A,B
crfr2_human___2257,0.147,crfr2_human___2257,pred,A,B
ednra_human___1997,1.516,ednra_human___1997,pred,A,B
glr_human___754,0.42,glr_human___754,pred,A,B
ntr1_human___1152,0.577,ntr1_human___1152,pred,A,B
ednrb_human___1997,0.024,ednrb_human___1997,pred,A,B
c5ar1_human___1495,0.333,c5ar1_human___1495,pred,A,B
gp107_human___1320,0.003,gp107_human___1320,pred,A,B
ackr2_human___1320,0.003,ackr2_human___1320,pred,A,B
npy2r_human___2270,0.832,npy2r_human___2270,pred,A,B
sctr_human___1152,0.667,sctr_human___1152,pred,A,B
c3ar_human___758,0.388,c3ar_human___758,pred,A,B
ccr10_human___758,0.332,ccr10_human___758,pred,A,B
cml2_human___644,0.464,cml2_human___644,pred,A,B
oxyr_human___681,0.003,oxyr_human___681,pred,A,B
mtlr_human___1136,0.133,mtlr_human___1136,pred,A,B
vipr2_human___3542,0.171,vipr2_human___3542,pred,A,B
nk2r_human___2089,0.747,nk2r_human___2089,pred,A,B
ccr2_human___5654,0.137,ccr2_human___5654,pred,A,B
ackr2_human___1157,0.069,ackr2_human___1157,pred,A,B
gasr_human___1504,0.124,gasr_human___1504,pred,A,B
npbw2_human___573,0.546,npbw2_human___573,pred,A,B
fzd2_human___644,0.006,fzd2_human___644,pred,A,B
ccr4_human___1579,0.001,ccr4_human___1579,pred,A,B
pth2r_human___1790,1.203,pth2r_human___1790,pred,A,B
lgr6_human___582,0.116,lgr6_human___582,pred,A,B
ox2r_human___612,0.005,ox2r_human___612,pred,A,B
mshr_human___1579,0.364,mshr_human___1579,pred,A,B
ccr9_human___2168,0.437,ccr9_human___2168,pred,A,B
nmur1_human___1470,0.549,nmur1_human___1470,pred,A,B
cml1_human___1157,0.026,cml1_human___1157,pred,A,B
agtr2_human___3646,0.985,agtr2_human___3646,pred,A,B
gasr_human___613,0.461,gasr_human___613,pred,A,B
fshr_human___2270,0.536,fshr_human___2270,pred,A,B
nmbr_human___11417,0.114,nmbr_human___11417,pred,A,B
glp1r_human___1152,0.591,glp1r_human___1152,pred,A,B
mchr2_human___3594,1.158,mchr2_human___3594,pred,A,B
qrfpr_human___758,0.158,qrfpr_human___758,pred,A,B
ssr2_human___1623,1.715,ssr2_human___1623,pred,A,B
oprk_human___1643,0.005,oprk_human___1643,pred,A,B
ox2r_human___1699,0.161,ox2r_human___1699,pred,A,B
ox2r_human___1479,0.212,ox2r_human___1479,pred,A,B
qrfpr_human___808,0.44,qrfpr_human___808,pred,A,B
ackr4_human___758,1.351,ackr4_human___758,pred,A,B
pkr1_human___1681,0.018,pkr1_human___1681,pred,A,B
pkr2_human___1681,0.024,pkr2_human___1681,pred,A,B
rl3r1_human___1004,0.501,rl3r1_human___1004,pred,A,B
ssr2_human___1997,0.008,ssr2_human___1997,pred,A,B
mrgx2_human___5654,0.226,mrgx2_human___5654,pred,A,B
ghrhr_human___613,0.183,ghrhr_human___613,pred,A,B
mc5r_human___1643,0.681,mc5r_human___1643,pred,A,B
cxcr6_human___2156,0.099,cxcr6_human___2156,pred,A,B
g37l1_human___3594,1.125,g37l1_human___3594,pred,A,B
xcr1_human___3542,0.67,xcr1_human___3542,pred,A,B
par4_human___574,1.714,par4_human___574,pred,A,B
pkr2_human___613,1.595,pkr2_human___613,pred,A,B
gpr75_human___4057,0.002,gpr75_human___4057,pred,A,B
glp1r_human___2257,0.22,glp1r_human___2257,pred,A,B
ednrb_human___1152,0.133,ednrb_human___1152,pred,A,B
ackr1_human___856,0.879,ackr1_human___856,pred,A,B
nmur1_human___1579,0.003,nmur1_human___1579,pred,A,B
ackr1_human___798,0.506,ackr1_human___798,pred,A,B
ccr5_human___758,0.137,ccr5_human___758,pred,A,B
ccr5_human___776,0.115,ccr5_human___776,pred,A,B
par4_human___687,0.367,par4_human___687,pred,A,B
pkr1_human___3548,0.267,pkr1_human___3548,pred,A,B
pkr1_human___1867,0.574,pkr1_human___1867,pred,A,B
v2r_human___3592,1.185,v2r_human___3592,pred,A,B
mc4r_human___3606,0.737,mc4r_human___3606,pred,A,B
nk2r_human___1871,0.528,nk2r_human___1871,pred,A,B
mrgx1_human___4057,0.0,mrgx1_human___4057,pred,A,B
mc3r_human___1643,0.681,mc3r_human___1643,pred,A,B
crfr1_human___2174,0.112,crfr1_human___2174,pred,A,B
prlhr_human___3548,2.124,prlhr_human___3548,pred,A,B
gpr39_human___810,1.155,gpr39_human___810,pred,A,B
ccr2_human___758,1.34,ccr2_human___758,pred,A,B
gnrhr_human___687,1.101,gnrhr_human___687,pred,A,B
ccr2_human___1047,0.052,ccr2_human___1047,pred,A,B
npff2_human___1790,0.102,npff2_human___1790,pred,A,B
gpr37_human___3594,1.539,gpr37_human___3594,pred,A,B
npy5r_human___758,0.312,npy5r_human___758,pred,A,B
nk1r_human___2098,0.834,nk1r_human___2098,pred,A,B
ccr4_human___798,0.649,ccr4_human___798,pred,A,B
ackr3_human___5336,0.036,ackr3_human___5336,pred,A,B
lgr6_human___2270,0.122,lgr6_human___2270,pred,A,B
pacr_human___4358,0.513,pacr_human___4358,pred,A,B
par4_human___681,0.009,par4_human___681,pred,A,B
v2r_human___11417,0.499,v2r_human___11417,pred,A,B
galr3_human___3643,0.766,galr3_human___3643,pred,A,B
npy2r_human___2156,0.773,npy2r_human___2156,pred,A,B
ackr1_human___3647,1.432,ackr1_human___3647,pred,A,B
nmur1_human___812,0.983,nmur1_human___812,pred,A,B
grpr_human___1479,1.274,grpr_human___1479,pred,A,B
ackr4_human___1099,0.097,ackr4_human___1099,pred,A,B
gpr37_human___1140,1.006,gpr37_human___1140,pred,A,B
npff2_human___681,1.022,npff2_human___681,pred,A,B
mtlr_human___1458,0.06,mtlr_human___1458,pred,A,B
ccr4_human___3542,0.124,ccr4_human___3542,pred,A,B
gp107_human___1495,0.005,gp107_human___1495,pred,A,B
fpr1_human___1157,0.019,fpr1_human___1157,pred,A,B
apj_human___8526,0.223,apj_human___8526,pred,A,B
mrgx2_human___4058,0.279,mrgx2_human___4058,pred,A,B
vipr2_human___1140,0.059,vipr2_human___1140,pred,A,B
mchr1_human___1681,0.02,mchr1_human___1681,pred,A,B
cckar_human___3548,0.39,cckar_human___3548,pred,A,B
npy1r_human___1504,1.605,npy1r_human___1504,pred,A,B
pacr_human___2270,0.698,pacr_human___2270,pred,A,B
npy4r_human___1871,0.301,npy4r_human___1871,pred,A,B
gpr39_human___864,1.536,gpr39_human___864,pred,A,B
nmur2_human___1298,0.2,nmur2_human___1298,pred,A,B
galr3_human___921,0.265,galr3_human___921,pred,A,B
npy4r_human___1283,0.658,npy4r_human___1283,pred,A,B
cxcr5_human___758,0.608,cxcr5_human___758,pred,A,B
kissr_human___3594,1.308,kissr_human___3594,pred,A,B
vipr2_human___921,0.655,vipr2_human___921,pred,A,B
npy1r_human___921,0.16,npy1r_human___921,pred,A,B
ssr5_human___2019,0.003,ssr5_human___2019,pred,A,B
cxcr1_human___3643,0.184,cxcr1_human___3643,pred,A,B
cckar_human___1283,0.908,cckar_human___1283,pred,A,B
galr2_human___5654,0.065,galr2_human___5654,pred,A,B
calrl_human___754,0.276,calrl_human___754,pred,A,B
ccr10_human___687,0.274,ccr10_human___687,pred,A,B
c5ar2_human___1162,1.085,c5ar2_human___1162,pred,A,B
crfr1_human___687,0.673,crfr1_human___687,pred,A,B
sctr_human___3570,2.74,sctr_human___3570,pred,A,B
glp2r_human___3645,0.99,glp2r_human___3645,pred,A,B
npsr1_human___1490,0.521,npsr1_human___1490,pred,A,B
ackr4_human___613,0.1,ackr4_human___613,pred,A,B
fzd2_human___681,1.7,fzd2_human___681,pred,A,B
v2r_human___3594,0.391,v2r_human___3594,pred,A,B
glp1r_human___4358,0.475,glp1r_human___4358,pred,A,B
fpr1_human___687,0.02,fpr1_human___687,pred,A,B
xcr1_human___754,0.154,xcr1_human___754,pred,A,B
glp2r_human___808,0.711,glp2r_human___808,pred,A,B
ccr3_human___3647,0.879,ccr3_human___3647,pred,A,B
ghsr_human___758,0.412,ghsr_human___758,pred,A,B
npbw2_human___3640,0.332,npbw2_human___3640,pred,A,B
c5ar2_human___3935,0.778,c5ar2_human___3935,pred,A,B
ssr2_human___3570,1.233,ssr2_human___3570,pred,A,B
nmur2_human___771,0.038,nmur2_human___771,pred,A,B
oxyr_human___2174,0.517,oxyr_human___2174,pred,A,B
mc4r_human___1997,0.002,mc4r_human___1997,pred,A,B
ccr7_human___1136,-0.0,ccr7_human___1136,pred,A,B
mc4r_human___812,0.443,mc4r_human___812,pred,A,B
g37l1_human___11417,0.354,g37l1_human___11417,pred,A,B
gpr75_human___2168,0.013,gpr75_human___2168,pred,A,B
gpr75_human___1152,0.861,gpr75_human___1152,pred,A,B
bkrb2_human___1790,0.45,bkrb2_human___1790,pred,A,B
mshr_human___574,1.139,mshr_human___574,pred,A,B
ccr6_human___687,0.002,ccr6_human___687,pred,A,B
gnrhr_human___1162,0.728,gnrhr_human___1162,pred,A,B
cckar_human___573,0.959,cckar_human___573,pred,A,B
v1ar_human___585,0.22,v1ar_human___585,pred,A,B
g37l1_human___1681,0.083,g37l1_human___1681,pred,A,B
apj_human___3542,0.792,apj_human___3542,pred,A,B
c3ar_human___3700,0.203,c3ar_human___3700,pred,A,B
c5ar1_human___5895,0.353,c5ar1_human___5895,pred,A,B
mchr1_human___2019,0.002,mchr1_human___2019,pred,A,B
gnrhr_human___11417,0.839,gnrhr_human___11417,pred,A,B
par4_human___11417,0.225,par4_human___11417,pred,A,B
mshr_human___1136,0.067,mshr_human___1136,pred,A,B
sctr_human___1790,0.674,sctr_human___1790,pred,A,B
pth1r_human___1790,0.807,pth1r_human___1790,pred,A,B
pkr2_human___1790,0.244,pkr2_human___1790,pred,A,B
bkrb1_human___5654,1.161,bkrb1_human___5654,pred,A,B
calcr_human___1140,0.121,calcr_human___1140,pred,A,B
mchr1_human___3548,1.505,mchr1_human___3548,pred,A,B
ox1r_human___758,0.155,ox1r_human___758,pred,A,B
gp107_human___5654,0.016,gp107_human___5654,pred,A,B
qrfpr_human___613,0.266,qrfpr_human___613,pred,A,B
oprd_human___644,1.101,oprd_human___644,pred,A,B
pth1r_human___2257,0.133,pth1r_human___2257,pred,A,B
cxcr5_human___819,1.209,cxcr5_human___819,pred,A,B
glp1r_human___1333,0.799,glp1r_human___1333,pred,A,B
vipr1_human___921,0.829,vipr1_human___921,pred,A,B
nmur2_human___1470,0.868,nmur2_human___1470,pred,A,B
ssr4_human___11417,0.001,ssr4_human___11417,pred,A,B
cxcr2_human___771,0.369,cxcr2_human___771,pred,A,B
npff1_human___2945,0.331,npff1_human___2945,pred,A,B
npy5r_human___3548,0.313,npy5r_human___3548,pred,A,B
mc3r_human___6067,0.461,mc3r_human___6067,pred,A,B
cxcr5_human___3645,1.224,cxcr5_human___3645,pred,A,B
glp1r_human___1157,0.322,glp1r_human___1157,pred,A,B
ssr2_human___3700,0.569,ssr2_human___3700,pred,A,B
fzd2_human___817,0.569,fzd2_human___817,pred,A,B
npbw1_human___3700,1.094,npbw1_human___3700,pred,A,B
gpr39_human___1470,0.111,gpr39_human___1470,pred,A,B
gp107_human___1162,0.008,gp107_human___1162,pred,A,B
calrl_human___3935,0.043,calrl_human___3935,pred,A,B
pacr_human___821,0.89,pacr_human___821,pred,A,B
cxcr6_human___817,1.165,cxcr6_human___817,pred,A,B
glp1r_human___1272,1.109,glp1r_human___1272,pred,A,B
nmur2_human___2270,0.539,nmur2_human___2270,pred,A,B
npy4r_human___2089,0.414,npy4r_human___2089,pred,A,B
ssr1_human___921,0.73,ssr1_human___921,pred,A,B
gp107_human___856,0.882,gp107_human___856,pred,A,B
gpr37_human___3700,1.042,gpr37_human___3700,pred,A,B
npsr1_human___1157,0.252,npsr1_human___1157,pred,A,B
gpr75_human___2089,0.141,gpr75_human___2089,pred,A,B
apj_human___612,0.226,apj_human___612,pred,A,B
npbw1_human___2019,3.958,npbw1_human___2019,pred,A,B
npy1r_human___812,0.527,npy1r_human___812,pred,A,B
mrgx2_human___1099,0.192,mrgx2_human___1099,pred,A,B
pkr2_human___1871,0.011,pkr2_human___1871,pred,A,B
ssr2_human___1620,0.003,ssr2_human___1620,pred,A,B
cml1_human___687,0.011,cml1_human___687,pred,A,B
ox2r_human___5654,0.005,ox2r_human___5654,pred,A,B
nmur2_human___2019,0.379,nmur2_human___2019,pred,A,B
cxcr1_human___3700,0.846,cxcr1_human___3700,pred,A,B
npy4r_human___5654,0.092,npy4r_human___5654,pred,A,B
oprx_human___5654,0.182,oprx_human___5654,pred,A,B
fzd1_human___921,0.246,fzd1_human___921,pred,A,B
ccr5_human___754,0.688,ccr5_human___754,pred,A,B
npy2r_human___1871,0.735,npy2r_human___1871,pred,A,B
ackr1_human___1579,0.044,ackr1_human___1579,pred,A,B
ccr6_human___855,0.517,ccr6_human___855,pred,A,B
fzd1_human___810,0.269,fzd1_human___810,pred,A,B
mchr2_human___1298,0.73,mchr2_human___1298,pred,A,B
v1ar_human___3645,0.788,v1ar_human___3645,pred,A,B
bkrb2_human___3548,0.461,bkrb2_human___3548,pred,A,B
qrfpr_human___3542,0.425,qrfpr_human___3542,pred,A,B
mtlr_human___2098,0.352,mtlr_human___2098,pred,A,B
galr3_human___612,1.801,galr3_human___612,pred,A,B
ntr1_human___585,0.44,ntr1_human___585,pred,A,B
galr3_human___1623,0.575,galr3_human___1623,pred,A,B
grpr_human___11417,0.66,grpr_human___11417,pred,A,B
gipr_human___798,0.152,gipr_human___798,pred,A,B
ccr7_human___817,0.727,ccr7_human___817,pred,A,B
gipr_human___1136,0.476,gipr_human___1136,pred,A,B
gpr75_human___758,0.124,gpr75_human___758,pred,A,B
ntr2_human___1099,0.277,ntr2_human___1099,pred,A,B
gpr39_human___1699,0.359,gpr39_human___1699,pred,A,B
ssr3_human___681,1.91,ssr3_human___681,pred,A,B
ackr1_human___1458,0.529,ackr1_human___1458,pred,A,B
cml2_human___2945,0.298,cml2_human___2945,pred,A,B
cx3c1_human___2257,0.07,cx3c1_human___2257,pred,A,B
nk1r_human___644,0.113,nk1r_human___644,pred,A,B
fshr_human___1157,0.434,fshr_human___1157,pred,A,B
v1br_human___3645,1.788,v1br_human___3645,pred,A,B
npbw2_human___6067,0.591,npbw2_human___6067,pred,A,B
ccr9_human___3542,0.006,ccr9_human___3542,pred,A,B
mchr2_human___1152,0.015,mchr2_human___1152,pred,A,B
glp1r_human___1140,0.254,glp1r_human___1140,pred,A,B
hrh4_human___687,0.036,hrh4_human___687,pred,A,B
c5ar2_human___3548,0.669,c5ar2_human___3548,pred,A,B
ccr3_human___855,0.843,ccr3_human___855,pred,A,B
ccr6_human___5654,0.004,ccr6_human___5654,pred,A,B
nk3r_human___1514,0.164,nk3r_human___1514,pred,A,B
ccr8_human___856,0.435,ccr8_human___856,pred,A,B
lgr5_human___3700,0.376,lgr5_human___3700,pred,A,B
calrl_human___3643,0.148,calrl_human___3643,pred,A,B
npff2_human___3592,0.552,npff2_human___3592,pred,A,B
ur2r_human___1320,0.314,ur2r_human___1320,pred,A,B
rl3r1_human___2019,0.028,rl3r1_human___2019,pred,A,B
ccr9_human___808,0.793,ccr9_human___808,pred,A,B
fshr_human___3700,1.3,fshr_human___3700,pred,A,B
nmur2_human___817,0.961,nmur2_human___817,pred,A,B
cxcr6_human___1320,0.002,cxcr6_human___1320,pred,A,B
gpr75_human___1504,0.241,gpr75_human___1504,pred,A,B
nk1r_human___5654,0.008,nk1r_human___5654,pred,A,B
bkrb2_human___1495,0.05,bkrb2_human___1495,pred,A,B
npy5r_human___1681,0.551,npy5r_human___1681,pred,A,B
ackr1_human___989,0.116,ackr1_human___989,pred,A,B
gpr39_human___1152,0.111,gpr39_human___1152,pred,A,B
galr1_human___3700,1.189,galr1_human___3700,pred,A,B
kissr_human___1643,0.287,kissr_human___1643,pred,A,B
glr_human___3643,0.321,glr_human___3643,pred,A,B
fzd6_human___758,0.992,fzd6_human___758,pred,A,B
ssr1_human___2019,0.114,ssr1_human___2019,pred,A,B
trfr_human___1152,0.007,trfr_human___1152,pred,A,B
ednrb_human___3542,-0.001,ednrb_human___3542,pred,A,B
ssr4_human___1643,0.162,ssr4_human___1643,pred,A,B
cxcr6_human___855,1.089,cxcr6_human___855,pred,A,B
mrgx2_human___2945,0.791,mrgx2_human___2945,pred,A,B
ghsr_human___1458,0.002,ghsr_human___1458,pred,A,B
ssr4_human___921,0.501,ssr4_human___921,pred,A,B
nk3r_human___1790,0.209,nk3r_human___1790,pred,A,B
oprm_human___1157,0.005,oprm_human___1157,pred,A,B
pth2r_human___2257,0.309,pth2r_human___2257,pred,A,B
oprk_human___1620,0.172,oprk_human___1620,pred,A,B
ghsr_human___2156,2.182,ghsr_human___2156,pred,A,B
ackr3_human___989,0.013,ackr3_human___989,pred,A,B
nmbr_human___921,0.35,nmbr_human___921,pred,A,B
glp1r_human___3643,0.304,glp1r_human___3643,pred,A,B
lgr4_human___5654,0.065,lgr4_human___5654,pred,A,B
mc5r_human___1140,0.355,mc5r_human___1140,pred,A,B
lgr6_human___1997,0.925,lgr6_human___1997,pred,A,B
nk1r_human___771,0.613,nk1r_human___771,pred,A,B
bkrb2_human___582,0.535,bkrb2_human___582,pred,A,B
pkr1_human___989,0.346,pkr1_human___989,pred,A,B
cml1_human___681,0.02,cml1_human___681,pred,A,B
glr_human___3542,0.53,glr_human___3542,pred,A,B
npbw1_human___644,0.44,npbw1_human___644,pred,A,B
gipr_human___3643,0.446,gipr_human___3643,pred,A,B
bkrb1_human___582,0.126,bkrb1_human___582,pred,A,B
oprx_human___4358,0.667,oprx_human___4358,pred,A,B
cxcr3_human___6067,0.003,cxcr3_human___6067,pred,A,B
nk3r_human___1298,0.555,nk3r_human___1298,pred,A,B
npsr1_human___2174,0.374,npsr1_human___2174,pred,A,B
npy1r_human___2098,0.974,npy1r_human___2098,pred,A,B
pkr2_human___1152,0.109,pkr2_human___1152,pred,A,B
kissr_human___11417,0.063,kissr_human___11417,pred,A,B
ackr1_human___819,0.771,ackr1_human___819,pred,A,B
mchr2_human___681,0.006,mchr2_human___681,pred,A,B
ghrhr_human___1867,0.842,ghrhr_human___1867,pred,A,B
bkrb1_human___1136,0.151,bkrb1_human___1136,pred,A,B
gpr37_human___612,0.346,gpr37_human___612,pred,A,B
mtlr_human___1099,0.303,mtlr_human___1099,pred,A,B
fzd2_human___1490,0.005,fzd2_human___1490,pred,A,B
mrgx2_human___1867,0.948,mrgx2_human___1867,pred,A,B
cckar_human___1298,0.4,cckar_human___1298,pred,A,B
kissr_human___1283,0.321,kissr_human___1283,pred,A,B
v1ar_human___3646,0.363,v1ar_human___3646,pred,A,B
qrfpr_human___5895,0.403,qrfpr_human___5895,pred,A,B
grpr_human___3548,0.483,grpr_human___3548,pred,A,B
cml1_human___1047,0.504,cml1_human___1047,pred,A,B
oprx_human___921,0.055,oprx_human___921,pred,A,B
npff2_human___1699,0.003,npff2_human___1699,pred,A,B
ccr6_human___856,0.82,ccr6_human___856,pred,A,B
gpr37_human___758,0.333,gpr37_human___758,pred,A,B
cxcr4_human___921,0.434,cxcr4_human___921,pred,A,B
xcr1_human___646,0.277,xcr1_human___646,pred,A,B
agtr2_human___1790,0.063,agtr2_human___1790,pred,A,B
c3ar_human___2019,0.003,c3ar_human___2019,pred,A,B
ccr6_human___817,0.557,ccr6_human___817,pred,A,B
fzd2_human___1157,0.345,fzd2_human___1157,pred,A,B
npy4r_human___1514,0.353,npy4r_human___1514,pred,A,B
mc5r_human___2270,0.768,mc5r_human___2270,pred,A,B
ssr3_human___758,0.962,ssr3_human___758,pred,A,B
mc3r_human___1579,0.22,mc3r_human___1579,pred,A,B
ghsr_human___3700,0.924,ghsr_human___3700,pred,A,B
ccr4_human___681,0.004,ccr4_human___681,pred,A,B
ghsr_human___1579,0.008,ghsr_human___1579,pred,A,B
crfr1_human___3643,0.357,crfr1_human___3643,pred,A,B
ednrb_human___574,0.781,ednrb_human___574,pred,A,B
oprd_human___758,0.216,oprd_human___758,pred,A,B
ackr2_human___856,0.775,ackr2_human___856,pred,A,B
glp2r_human___1152,0.496,glp2r_human___1152,pred,A,B
cml1_human___574,0.68,cml1_human___574,pred,A,B
pacr_human___1579,0.227,pacr_human___1579,pred,A,B
c5ar1_human___1579,0.02,c5ar1_human___1579,pred,A,B
mc5r_human___574,1.756,mc5r_human___574,pred,A,B
mchr1_human___1157,0.462,mchr1_human___1157,pred,A,B
cxcr5_human___3700,0.804,cxcr5_human___3700,pred,A,B
ccr4_human___758,0.356,ccr4_human___758,pred,A,B
sctr_human___3700,0.934,sctr_human___3700,pred,A,B
gpr39_human___1579,0.348,gpr39_human___1579,pred,A,B
ccr1_human___776,0.653,ccr1_human___776,pred,A,B
vipr2_human___1136,0.08,vipr2_human___1136,pred,A,B
bkrb2_human___3700,0.872,bkrb2_human___3700,pred,A,B
fpr1_human___1047,0.312,fpr1_human___1047,pred,A,B
npy2r_human___1458,0.285,npy2r_human___1458,pred,A,B
vipr1_human___2156,0.282,vipr1_human___2156,pred,A,B
ackr2_human___2174,0.393,ackr2_human___2174,pred,A,B
acthr_human___1320,0.31,acthr_human___1320,pred,A,B
npy5r_human___1157,0.196,npy5r_human___1157,pred,A,B
sctr_human___2257,0.601,sctr_human___2257,pred,A,B
cxcr5_human___1458,0.004,cxcr5_human___1458,pred,A,B
pacr_human___1136,0.243,pacr_human___1136,pred,A,B
lgr6_human___613,1.023,lgr6_human___613,pred,A,B
ntr2_human___1579,1.713,ntr2_human___1579,pred,A,B
nmbr_human___3594,1.48,nmbr_human___3594,pred,A,B
cxcr4_human___644,0.689,cxcr4_human___644,pred,A,B
ssr5_human___1157,0.051,ssr5_human___1157,pred,A,B
nk2r_human___771,0.246,nk2r_human___771,pred,A,B
c5ar2_human___1099,0.031,c5ar2_human___1099,pred,A,B
agtr2_human___613,0.04,agtr2_human___613,pred,A,B
cxcr1_human___821,0.66,cxcr1_human___821,pred,A,B
fpr2_human___3935,1.432,fpr2_human___3935,pred,A,B
ackr2_human___821,1.045,ackr2_human___821,pred,A,B
ox2r_human___3643,0.283,ox2r_human___3643,pred,A,B
ackr4_human___3643,0.218,ackr4_human___3643,pred,A,B
cml2_human___1136,0.01,cml2_human___1136,pred,A,B
oprd_human___3594,0.334,oprd_human___3594,pred,A,B
gnrhr_human___3935,0.756,gnrhr_human___3935,pred,A,B
fzd1_human___3548,0.216,fzd1_human___3548,pred,A,B
cxcr6_human___1152,0.113,cxcr6_human___1152,pred,A,B
ox1r_human___1157,0.999,ox1r_human___1157,pred,A,B
ednrb_human___613,0.254,ednrb_human___613,pred,A,B
ur2r_human___2257,0.377,ur2r_human___2257,pred,A,B
trfr_human___1470,0.614,trfr_human___1470,pred,A,B
fpr3_human___681,0.006,fpr3_human___681,pred,A,B
pkr1_human___613,0.23,pkr1_human___613,pred,A,B
npy4r_human___1136,0.186,npy4r_human___1136,pred,A,B
oxyr_human___3594,0.583,oxyr_human___3594,pred,A,B
pth2r_human___3542,0.508,pth2r_human___3542,pred,A,B
apj_human___1504,0.389,apj_human___1504,pred,A,B
ox1r_human___4058,0.478,ox1r_human___4058,pred,A,B
lgr5_human___1298,0.366,lgr5_human___1298,pred,A,B
lgr5_human___1458,0.533,lgr5_human___1458,pred,A,B
ur2r_human___1681,0.024,ur2r_human___1681,pred,A,B
nmbr_human___1871,0.001,nmbr_human___1871,pred,A,B
c5ar1_human___574,0.297,c5ar1_human___574,pred,A,B
ur2r_human___1620,0.019,ur2r_human___1620,pred,A,B
oxyr_human___3646,0.286,oxyr_human___3646,pred,A,B
grpr_human___3592,0.384,grpr_human___3592,pred,A,B
oprx_human___1623,1.096,oprx_human___1623,pred,A,B
ccr3_human___2019,0.033,ccr3_human___2019,pred,A,B
npff1_human___3592,1.171,npff1_human___3592,pred,A,B
cml1_human___5654,0.015,cml1_human___5654,pred,A,B
oxyr_human___11417,1.851,oxyr_human___11417,pred,A,B
fpr3_human___613,0.231,fpr3_human___613,pred,A,B
bkrb1_human___1283,1.076,bkrb1_human___1283,pred,A,B
pkr2_human___5654,0.024,pkr2_human___5654,pred,A,B
ccr9_human___855,0.755,ccr9_human___855,pred,A,B
mc5r_human___1871,0.418,mc5r_human___1871,pred,A,B
fpr3_human___3570,1.558,fpr3_human___3570,pred,A,B
gnrhr_human___1623,0.276,gnrhr_human___1623,pred,A,B
ntr2_human___3548,0.092,ntr2_human___3548,pred,A,B
npbw1_human___1495,0.497,npbw1_human___1495,pred,A,B
fshr_human___1495,0.137,fshr_human___1495,pred,A,B
glr_human___1162,0.216,glr_human___1162,pred,A,B
glp2r_human___3542,0.048,glp2r_human___3542,pred,A,B
ednra_human___613,0.018,ednra_human___613,pred,A,B
ccr9_human___810,0.991,ccr9_human___810,pred,A,B
cckar_human___921,0.004,cckar_human___921,pred,A,B
oprk_human___1681,0.004,oprk_human___1681,pred,A,B
ednra_human___921,1.48,ednra_human___921,pred,A,B
ntr1_human___2270,0.265,ntr1_human___2270,pred,A,B
oxyr_human___4358,0.468,oxyr_human___4358,pred,A,B
ednra_human___5654,0.085,ednra_human___5654,pred,A,B
ednrb_human___1004,1.278,ednrb_human___1004,pred,A,B
v1br_human___819,1.749,v1br_human___819,pred,A,B
gasr_human___821,0.291,gasr_human___821,pred,A,B
vipr2_human___1790,0.334,vipr2_human___1790,pred,A,B
cx3c1_human___817,0.213,cx3c1_human___817,pred,A,B
hrh4_human___1298,0.008,hrh4_human___1298,pred,A,B
ssr2_human___921,2.103,ssr2_human___921,pred,A,B
lgr4_human___1298,0.178,lgr4_human___1298,pred,A,B
fpr2_human___2945,0.647,fpr2_human___2945,pred,A,B
gipr_human___1298,0.405,gipr_human___1298,pred,A,B
npy2r_human___861,0.403,npy2r_human___861,pred,A,B
lgr5_human___921,0.537,lgr5_human___921,pred,A,B
mshr_human___1643,0.397,mshr_human___1643,pred,A,B
pth1r_human___3645,0.506,pth1r_human___3645,pred,A,B
crfr2_human___1790,0.094,crfr2_human___1790,pred,A,B
v2r_human___2168,1.291,v2r_human___2168,pred,A,B
apj_human___2945,0.731,apj_human___2945,pred,A,B
npbw1_human___1790,0.428,npbw1_human___1790,pred,A,B
ssr2_human___1140,0.081,ssr2_human___1140,pred,A,B
rl3r1_human___2945,0.899,rl3r1_human___2945,pred,A,B
galr2_human___921,0.154,galr2_human___921,pred,A,B
npbw2_human___3548,0.184,npbw2_human___3548,pred,A,B
ccr1_human___1790,0.526,ccr1_human___1790,pred,A,B
ccr6_human___681,0.003,ccr6_human___681,pred,A,B
par4_human___1458,0.767,par4_human___1458,pred,A,B
ackr1_human___573,1.222,ackr1_human___573,pred,A,B
gipr_human___1790,0.612,gipr_human___1790,pred,A,B
ghrhr_human___2257,0.542,ghrhr_human___2257,pred,A,B
ccr10_human___808,0.167,ccr10_human___808,pred,A,B
npff1_human___3935,0.341,npff1_human___3935,pred,A,B
hrh4_human___3633,0.71,hrh4_human___3633,pred,A,B
cml2_human___1681,0.002,cml2_human___1681,pred,A,B
nk2r_human___2257,0.001,nk2r_human___2257,pred,A,B
glr_human___2257,0.231,glr_human___2257,pred,A,B
galr3_human___3594,0.811,galr3_human___3594,pred,A,B
lgr5_human___5654,0.083,lgr5_human___5654,pred,A,B
ox2r_human___613,0.28,ox2r_human___613,pred,A,B
vipr1_human___1871,0.24,vipr1_human___1871,pred,A,B
crfr1_human___921,0.226,crfr1_human___921,pred,A,B
gipr_human___1152,0.082,gipr_human___1152,pred,A,B
pth2r_human___1162,0.084,pth2r_human___1162,pred,A,B
pkr2_human___921,0.914,pkr2_human___921,pred,A,B
npff2_human___3594,1.005,npff2_human___3594,pred,A,B
pkr1_human___1470,0.432,pkr1_human___1470,pred,A,B
trfr_human___3935,0.112,trfr_human___3935,pred,A,B
gasr_human___861,0.983,gasr_human___861,pred,A,B
cxcr3_human___2098,0.143,cxcr3_human___2098,pred,A,B
oprx_human___1620,0.048,oprx_human___1620,pred,A,B
lgr5_human___1157,0.002,lgr5_human___1157,pred,A,B
cxcr2_human___921,0.31,cxcr2_human___921,pred,A,B
cml2_human___1157,0.011,cml2_human___1157,pred,A,B
ccr10_human___3700,1.061,ccr10_human___3700,pred,A,B
npbw1_human___3594,0.454,npbw1_human___3594,pred,A,B
ur2r_human___1495,0.032,ur2r_human___1495,pred,A,B
ackr4_human___808,0.587,ackr4_human___808,pred,A,B
ssr4_human___3700,0.844,ssr4_human___3700,pred,A,B
glp2r_human___3646,0.463,glp2r_human___3646,pred,A,B
ackr4_human___1790,0.36,ackr4_human___1790,pred,A,B
prlhr_human___613,0.006,prlhr_human___613,pred,A,B
g37l1_human___613,0.623,g37l1_human___613,pred,A,B
hrh4_human___758,0.815,hrh4_human___758,pred,A,B
nk2r_human___612,0.019,nk2r_human___612,pred,A,B
galr2_human___11417,0.314,galr2_human___11417,pred,A,B
cxcr5_human___808,0.422,cxcr5_human___808,pred,A,B
oprx_human___644,0.199,oprx_human___644,pred,A,B
par4_human___2019,0.828,par4_human___2019,pred,A,B
fpr2_human___3548,0.462,fpr2_human___3548,pred,A,B
c5ar1_human___3700,1.312,c5ar1_human___3700,pred,A,B
gipr_human___574,0.663,gipr_human___574,pred,A,B
trfr_human___921,1.364,trfr_human___921,pred,A,B
lgr6_human___4358,0.012,lgr6_human___4358,pred,A,B
fzd6_human___808,0.304,fzd6_human___808,pred,A,B
ccr3_human___1136,0.297,ccr3_human___1136,pred,A,B
ccr4_human___3640,0.391,ccr4_human___3640,pred,A,B
rl3r1_human___808,0.075,rl3r1_human___808,pred,A,B
ghrhr_human___3542,0.364,ghrhr_human___3542,pred,A,B
lgr6_human___1333,1.143,lgr6_human___1333,pred,A,B
cxcr2_human___819,1.039,cxcr2_human___819,pred,A,B
vipr1_human___3640,1.198,vipr1_human___3640,pred,A,B
ccr2_human___776,0.066,ccr2_human___776,pred,A,B
calcr_human___687,0.295,calcr_human___687,pred,A,B
ccr8_human___1152,0.059,ccr8_human___1152,pred,A,B
ntr1_human___1099,0.302,ntr1_human___1099,pred,A,B
npy4r_human___2098,0.356,npy4r_human___2098,pred,A,B
ackr2_human___808,0.228,ackr2_human___808,pred,A,B
fpr1_human___1152,0.001,fpr1_human___1152,pred,A,B
glp2r_human___2257,0.011,glp2r_human___2257,pred,A,B
fpr3_human___3700,1.688,fpr3_human___3700,pred,A,B
oprd_human___921,0.555,oprd_human___921,pred,A,B
ghsr_human___1272,1.356,ghsr_human___1272,pred,A,B
npsr1_human___1470,0.504,npsr1_human___1470,pred,A,B
mchr1_human___1643,1.628,mchr1_human___1643,pred,A,B
mchr1_human___1623,1.436,mchr1_human___1623,pred,A,B
mc5r_human___798,0.624,mc5r_human___798,pred,A,B
mshr_human___2019,0.204,mshr_human___2019,pred,A,B
fpr1_human___3570,2.729,fpr1_human___3570,pred,A,B
gasr_human___5654,0.073,gasr_human___5654,pred,A,B
cxcr6_human___821,0.204,cxcr6_human___821,pred,A,B
cxcr3_human___819,1.07,cxcr3_human___819,pred,A,B
npbw2_human___644,0.055,npbw2_human___644,pred,A,B
mrgx2_human___3640,0.698,mrgx2_human___3640,pred,A,B
ssr4_human___5654,0.008,ssr4_human___5654,pred,A,B
npy2r_human___1157,0.316,npy2r_human___1157,pred,A,B
crfr1_human___3647,1.62,crfr1_human___3647,pred,A,B
ccr10_human___1643,0.139,ccr10_human___1643,pred,A,B
galr1_human___2945,1.845,galr1_human___2945,pred,A,B
bkrb1_human___2945,1.453,bkrb1_human___2945,pred,A,B
glr_human___6067,0.001,glr_human___6067,pred,A,B
lgr5_human___1997,0.181,lgr5_human___1997,pred,A,B
mc3r_human___681,0.563,mc3r_human___681,pred,A,B
nmbr_human___613,0.318,nmbr_human___613,pred,A,B
ackr1_human___758,0.221,ackr1_human___758,pred,A,B
nmur1_human___5895,0.122,nmur1_human___5895,pred,A,B
trfr_human___2174,0.279,trfr_human___2174,pred,A,B
cml2_human___646,0.538,cml2_human___646,pred,A,B
cxcr4_human___2168,0.293,cxcr4_human___2168,pred,A,B
lgr5_human___3548,1.037,lgr5_human___3548,pred,A,B
c3ar_human___1495,0.286,c3ar_human___1495,pred,A,B
par4_human___1997,0.005,par4_human___1997,pred,A,B
v1br_human___2019,0.824,v1br_human___2019,pred,A,B
pkr1_human___3570,3.37,pkr1_human___3570,pred,A,B
mc3r_human___574,1.146,mc3r_human___574,pred,A,B
ssr4_human___2019,0.11,ssr4_human___2019,pred,A,B
c3ar_human___1470,0.097,c3ar_human___1470,pred,A,B
galr2_human___3548,0.067,galr2_human___3548,pred,A,B
ednrb_human___1136,0.048,ednrb_human___1136,pred,A,B
acthr_human___3542,1.326,acthr_human___3542,pred,A,B
prlhr_human___1514,0.1,prlhr_human___1514,pred,A,B
oxyr_human___3592,0.736,oxyr_human___3592,pred,A,B
pth2r_human___3643,0.303,pth2r_human___3643,pred,A,B
npy5r_human___2168,0.469,npy5r_human___2168,pred,A,B
npff1_human___1479,0.511,npff1_human___1479,pred,A,B
fzd1_human___1490,1.761,fzd1_human___1490,pred,A,B
ghrhr_human___1152,0.432,ghrhr_human___1152,pred,A,B
cckar_human___687,1.463,cckar_human___687,pred,A,B
pacr_human___1790,0.125,pacr_human___1790,pred,A,B
v2r_human___3640,0.66,v2r_human___3640,pred,A,B
c3ar_human___798,0.624,c3ar_human___798,pred,A,B
prlhr_human___2089,0.748,prlhr_human___2089,pred,A,B
crfr1_human___1790,0.304,crfr1_human___1790,pred,A,B
mrgx1_human___1579,0.105,mrgx1_human___1579,pred,A,B
qrfpr_human___3570,2.677,qrfpr_human___3570,pred,A,B
acthr_human___1790,0.117,acthr_human___1790,pred,A,B
glr_human___1152,0.421,glr_human___1152,pred,A,B
fzd2_human___3735,2.186,fzd2_human___3735,pred,A,B
c3ar_human___3640,0.375,c3ar_human___3640,pred,A,B
lgr5_human___2019,0.012,lgr5_human___2019,pred,A,B
gnrhr_human___3594,1.875,gnrhr_human___3594,pred,A,B
acthr_human___4057,1.003,acthr_human___4057,pred,A,B
galr2_human___3643,0.47,galr2_human___3643,pred,A,B
pth1r_human___3594,0.613,pth1r_human___3594,pred,A,B
ccr2_human___754,0.558,ccr2_human___754,pred,A,B
agtr1_human___1790,0.471,agtr1_human___1790,pred,A,B
ssr1_human___1157,0.011,ssr1_human___1157,pred,A,B
fzd1_human___644,0.144,fzd1_human___644,pred,A,B
mchr2_human___3700,1.473,mchr2_human___3700,pred,A,B
ssr3_human___921,2.401,ssr3_human___921,pred,A,B
vipr1_human___1790,0.45,vipr1_human___1790,pred,A,B
fzd6_human___644,0.09,fzd6_human___644,pred,A,B
npy2r_human___1504,0.394,npy2r_human___1504,pred,A,B
ackr2_human___754,1.09,ackr2_human___754,pred,A,B
v1br_human___1157,0.187,v1br_human___1157,pred,A,B
calcr_human___3643,0.044,calcr_human___3643,pred,A,B
ackr3_human___1157,1.139,ackr3_human___1157,pred,A,B
oprk_human___1157,0.005,oprk_human___1157,pred,A,B
v1ar_human___819,0.151,v1ar_human___819,pred,A,B
pth1r_human___1871,1.044,pth1r_human___1871,pred,A,B
cxcr2_human___5895,0.203,cxcr2_human___5895,pred,A,B
ox2r_human___1140,0.805,ox2r_human___1140,pred,A,B
ccr7_human___758,0.402,ccr7_human___758,pred,A,B
ccr8_human___3570,1.807,ccr8_human___3570,pred,A,B
oprm_human___3700,0.294,oprm_human___3700,pred,A,B
ssr3_human___2019,0.665,ssr3_human___2019,pred,A,B
lgr4_human___776,0.023,lgr4_human___776,pred,A,B
glp1r_human___1136,0.111,glp1r_human___1136,pred,A,B
fpr3_human___3935,0.357,fpr3_human___3935,pred,A,B
cx3c1_human___798,0.775,cx3c1_human___798,pred,A,B
ccr3_human___4358,0.93,ccr3_human___4358,pred,A,B
mchr1_human___1298,0.002,mchr1_human___1298,pred,A,B
gpr37_human___1495,0.008,gpr37_human___1495,pred,A,B
gnrhr_human___2019,1.414,gnrhr_human___2019,pred,A,B
npbw2_human___646,0.27,npbw2_human___646,pred,A,B
cxcr4_human___798,0.745,cxcr4_human___798,pred,A,B
calrl_human___1152,0.269,calrl_human___1152,pred,A,B
nmur2_human___1579,0.015,nmur2_human___1579,pred,A,B
cxcr6_human___810,0.637,cxcr6_human___810,pred,A,B
calcr_human___1152,0.139,calcr_human___1152,pred,A,B
ccr3_human___3700,1.092,ccr3_human___3700,pred,A,B
ccr9_human___2257,0.16,ccr9_human___2257,pred,A,B
oprm_human___1298,0.002,oprm_human___1298,pred,A,B
nmbr_human___3548,0.472,nmbr_human___3548,pred,A,B
lgr6_human___1157,0.196,lgr6_human___1157,pred,A,B
npff1_human___11417,0.718,npff1_human___11417,pred,A,B
oprx_human___1643,0.001,oprx_human___1643,pred,A,B
apj_human___3548,0.067,apj_human___3548,pred,A,B
grpr_human___687,0.093,grpr_human___687,pred,A,B
fpr3_human___1162,0.954,fpr3_human___1162,pred,A,B
vipr1_human___3542,0.485,vipr1_human___3542,pred,A,B
trfr_human___3548,0.763,trfr_human___3548,pred,A,B
v1br_human___821,1.382,v1br_human___821,pred,A,B
sctr_human___2156,0.692,sctr_human___2156,pred,A,B
mrgx1_human___1272,0.179,mrgx1_human___1272,pred,A,B
galr1_human___3592,0.859,galr1_human___3592,pred,A,B
trfr_human___1490,0.145,trfr_human___1490,pred,A,B
gp107_human___4058,1.338,gp107_human___4058,pred,A,B
cx3c1_human___644,0.425,cx3c1_human___644,pred,A,B
v1br_human___798,0.799,v1br_human___798,pred,A,B
cx3c1_human___3548,0.277,cx3c1_human___3548,pred,A,B
mrgx1_human___1623,0.037,mrgx1_human___1623,pred,A,B
pkr2_human___1004,0.57,pkr2_human___1004,pred,A,B
xcr1_human___5336,0.022,xcr1_human___5336,pred,A,B
oprk_human___1623,0.541,oprk_human___1623,pred,A,B
