Input,Score,identifier
cckar_human___864.pdb,0.6065,cckar_human___864
ghsr_human___2156.pdb,0.5747,ghsr_human___2156
lgr4_human___573.pdb,0.2773,lgr4_human___573
c5ar1_human___573.pdb,0.1958,c5ar1_human___573
oprm_human___5654.pdb,0.7025,oprm_human___5654
ednrb_human___613.pdb,0.5922,ednrb_human___613
pacr_human___3570.pdb,0.2572,pacr_human___3570
fzd2_human___1157.pdb,0.2966,fzd2_human___1157
ssr1_human___5654.pdb,0.6378,ssr1_human___5654
ntr2_human___1099.pdb,0.6847,ntr2_human___1099
grpr_human___1136.pdb,0.5543,grpr_human___1136
agtr2_human___1790.pdb,0.468,agtr2_human___1790
cml1_human___2945.pdb,0.278,cml1_human___2945
ntr1_human___798.pdb,0.2561,ntr1_human___798
gipr_human___1140.pdb,0.2114,gipr_human___1140
ntr1_human___1579.pdb,0.6315,ntr1_human___1579
gpr37_human___3594.pdb,0.7015,gpr37_human___3594
nk3r_human___2090.pdb,0.531,nk3r_human___2090
ox2r_human___3735.pdb,0.6228,ox2r_human___3735
ccr2_human___798.pdb,0.3108,ccr2_human___798
mrgx1_human___687.pdb,0.2684,mrgx1_human___687
par4_human___11417.pdb,0.6517,par4_human___11417
acthr_human___1320.pdb,0.557,acthr_human___1320
oprd_human___2019.pdb,0.6458,oprd_human___2019
cxcr3_human___6067.pdb,0.7379,cxcr3_human___6067
c5ar2_human___3548.pdb,0.3218,c5ar2_human___3548
hrh4_human___1298.pdb,0.7468,hrh4_human___1298
bkrb2_human___582.pdb,0.4478,bkrb2_human___582
kissr_human___3594.pdb,0.6865,kissr_human___3594
cx3c1_human___3548.pdb,0.2274,cx3c1_human___3548
qrfpr_human___681.pdb,0.2594,qrfpr_human___681
glp2r_human___856.pdb,0.2317,glp2r_human___856
ackr4_human___810.pdb,0.2129,ackr4_human___810
galr1_human___573.pdb,0.6219,galr1_human___573
cxcr4_human___5654.pdb,0.4883,cxcr4_human___5654
oprd_human___1162.pdb,0.5326,oprd_human___1162
v1br_human___2168.pdb,0.6435,v1br_human___2168
fpr1_human___613.pdb,0.4067,fpr1_human___613
ccr4_human___856.pdb,0.202,ccr4_human___856
cxcr4_human___808.pdb,0.5117,cxcr4_human___808
xcr1_human___754.pdb,0.4295,xcr1_human___754
pacr_human___4358.pdb,0.8122,pacr_human___4358
ccr7_human___855.pdb,0.4518,ccr7_human___855
oprx_human___1136.pdb,0.5934,oprx_human___1136
ur2r_human___3643.pdb,0.3549,ur2r_human___3643
lgr4_human___585.pdb,0.3294,lgr4_human___585
npy2r_human___1152.pdb,0.6262,npy2r_human___1152
lgr4_human___817.pdb,0.2643,lgr4_human___817
galr1_human___5654.pdb,0.6604,galr1_human___5654
cxcr3_human___5895.pdb,0.7164,cxcr3_human___5895
cx3c1_human___3647.pdb,0.2392,cx3c1_human___3647
gpr37_human___585.pdb,0.4316,gpr37_human___585
nk1r_human___612.pdb,0.652,nk1r_human___612
v1br_human___821.pdb,0.7888,v1br_human___821
npy5r_human___3548.pdb,0.2696,npy5r_human___3548
bkrb2_human___1790.pdb,0.5445,bkrb2_human___1790
oprm_human___3542.pdb,0.8295,oprm_human___3542
npbw2_human___3640.pdb,0.2542,npbw2_human___3640
ssr1_human___1997.pdb,0.6215,ssr1_human___1997
ox2r_human___5654.pdb,0.5522,ox2r_human___5654
pacr_human___1579.pdb,0.6293,pacr_human___1579
nk1r_human___644.pdb,0.6379,nk1r_human___644
ntr1_human___585.pdb,0.5939,ntr1_human___585
c5ar2_human___2945.pdb,0.4071,c5ar2_human___2945
npy2r_human___1699.pdb,0.6123,npy2r_human___1699
crfr2_human___2257.pdb,0.6549,crfr2_human___2257
ssr5_human___2019.pdb,0.6443,ssr5_human___2019
mshr_human___1140.pdb,0.6686,mshr_human___1140
nmur2_human___1099.pdb,0.2274,nmur2_human___1099
gipr_human___1152.pdb,0.2647,gipr_human___1152
kissr_human___1643.pdb,0.5667,kissr_human___1643
npff2_human___681.pdb,0.7272,npff2_human___681
kissr_human___1871.pdb,0.6138,kissr_human___1871
trfr_human___3548.pdb,0.4526,trfr_human___3548
gpr39_human___2019.pdb,0.7449,gpr39_human___2019
galr2_human___3643.pdb,0.3019,galr2_human___3643
bkrb1_human___3542.pdb,0.27,bkrb1_human___3542
gpr75_human___2168.pdb,0.6565,gpr75_human___2168
calrl_human___754.pdb,0.7098,calrl_human___754
npsr1_human___2168.pdb,0.6104,npsr1_human___2168
gipr_human___574.pdb,0.7111,gipr_human___574
pkr1_human___1871.pdb,0.7378,pkr1_human___1871
ccr7_human___808.pdb,0.2335,ccr7_human___808
ccr2_human___758.pdb,0.2108,ccr2_human___758
npsr1_human___5654.pdb,0.6475,npsr1_human___5654
nk3r_human___1504.pdb,0.5828,nk3r_human___1504
ghrhr_human___3542.pdb,0.2222,ghrhr_human___3542
hrh4_human___687.pdb,0.6473,hrh4_human___687
mrgx1_human___3640.pdb,0.7354,mrgx1_human___3640
agtr2_human___613.pdb,0.5707,agtr2_human___613
sctr_human___2156.pdb,0.3224,sctr_human___2156
nmur1_human___1579.pdb,0.4063,nmur1_human___1579
xcr1_human___817.pdb,0.2213,xcr1_human___817
trfr_human___4058.pdb,0.7541,trfr_human___4058
mshr_human___5654.pdb,0.5898,mshr_human___5654
fshr_human___3640.pdb,0.5627,fshr_human___3640
galr2_human___2019.pdb,0.6415,galr2_human___2019
cxcr2_human___585.pdb,0.3859,cxcr2_human___585
npff1_human___11417.pdb,0.6292,npff1_human___11417
npff2_human___1790.pdb,0.3251,npff2_human___1790
fpr1_human___1047.pdb,0.6178,fpr1_human___1047
mchr1_human___1790.pdb,0.7349,mchr1_human___1790
nmur2_human___2270.pdb,0.3283,nmur2_human___2270
nmur2_human___1579.pdb,0.378,nmur2_human___1579
galr1_human___3735.pdb,0.6377,galr1_human___3735
mc3r_human___2270.pdb,0.59,mc3r_human___2270
ackr4_human___808.pdb,0.2458,ackr4_human___808
cx3c1_human___681.pdb,0.4147,cx3c1_human___681
oprm_human___1298.pdb,0.2748,oprm_human___1298
crfr1_human___3643.pdb,0.6414,crfr1_human___3643
gpr37_human___2168.pdb,0.4149,gpr37_human___2168
rl3r1_human___574.pdb,0.8541,rl3r1_human___574
oprk_human___2945.pdb,0.7192,oprk_human___2945
apj_human___1479.pdb,0.6509,apj_human___1479
cxcr4_human___3542.pdb,0.7621,cxcr4_human___3542
cxcr3_human___3570.pdb,0.6528,cxcr3_human___3570
gnrhr_human___3548.pdb,0.2472,gnrhr_human___3548
vipr2_human___3700.pdb,0.8451,vipr2_human___3700
ccr8_human___856.pdb,0.2049,ccr8_human___856
mrgx2_human___574.pdb,0.549,mrgx2_human___574
ssr3_human___2019.pdb,0.5399,ssr3_human___2019
acthr_human___4057.pdb,0.7177,acthr_human___4057
apj_human___2945.pdb,0.7899,apj_human___2945
nk1r_human___1514.pdb,0.5145,nk1r_human___1514
mtlr_human___1099.pdb,0.6482,mtlr_human___1099
nk1r_human___1871.pdb,0.736,nk1r_human___1871
fzd2_human___644.pdb,0.2535,fzd2_human___644
bkrb1_human___5654.pdb,0.6728,bkrb1_human___5654
ccr2_human___5654.pdb,0.5374,ccr2_human___5654
bkrb2_human___3548.pdb,0.2274,bkrb2_human___3548
pth2r_human___3594.pdb,0.238,pth2r_human___3594
fpr1_human___687.pdb,0.636,fpr1_human___687
cxcr6_human___817.pdb,0.2674,cxcr6_human___817
fzd1_human___810.pdb,0.6652,fzd1_human___810
nk2r_human___1871.pdb,0.7508,nk2r_human___1871
mtlr_human___1136.pdb,0.5677,mtlr_human___1136
nmbr_human___3594.pdb,0.4569,nmbr_human___3594
ghrhr_human___2270.pdb,0.1856,ghrhr_human___2270
ackr2_human___1320.pdb,0.6521,ackr2_human___1320
ox2r_human___1699.pdb,0.2629,ox2r_human___1699
galr2_human___3700.pdb,0.2502,galr2_human___3700
ackr4_human___1790.pdb,0.6543,ackr4_human___1790
lgr4_human___856.pdb,0.4266,lgr4_human___856
calcr_human___687.pdb,0.2095,calcr_human___687
lgr4_human___1157.pdb,0.3057,lgr4_human___1157
ssr2_human___1643.pdb,0.7373,ssr2_human___1643
fpr2_human___3542.pdb,0.7789,fpr2_human___3542
nk2r_human___771.pdb,0.7809,nk2r_human___771
c3ar_human___3700.pdb,0.2127,c3ar_human___3700
ox2r_human___1479.pdb,0.6644,ox2r_human___1479
vipr1_human___1504.pdb,0.1997,vipr1_human___1504
cml2_human___1681.pdb,0.5305,cml2_human___1681
trfr_human___2139.pdb,0.2734,trfr_human___2139
gp107_human___2019.pdb,0.5843,gp107_human___2019
v1br_human___1643.pdb,0.7422,v1br_human___1643
g37l1_human___1157.pdb,0.2807,g37l1_human___1157
pkr1_human___3570.pdb,0.3529,pkr1_human___3570
ccr7_human___1579.pdb,0.3193,ccr7_human___1579
oprx_human___1643.pdb,0.7872,oprx_human___1643
mshr_human___574.pdb,0.3553,mshr_human___574
ssr1_human___1157.pdb,0.2955,ssr1_human___1157
c3ar_human___1470.pdb,0.3354,c3ar_human___1470
nmur1_human___1470.pdb,0.4198,nmur1_human___1470
kissr_human___1283.pdb,0.5852,kissr_human___1283
hrh4_human___3645.pdb,0.7218,hrh4_human___3645
nmur2_human___1047.pdb,0.7015,nmur2_human___1047
pth2r_human___3542.pdb,0.1947,pth2r_human___3542
nmur1_human___2089.pdb,0.6163,nmur1_human___2089
rl3r1_human___3548.pdb,0.6278,rl3r1_human___3548
npy1r_human___1298.pdb,0.2208,npy1r_human___1298
xcr1_human___5336.pdb,0.6848,xcr1_human___5336
calcr_human___798.pdb,0.8969,calcr_human___798
hrh4_human___1099.pdb,0.6779,hrh4_human___1099
ccr10_human___810.pdb,0.2281,ccr10_human___810
npff2_human___3735.pdb,0.4822,npff2_human___3735
acthr_human___3633.pdb,0.6996,acthr_human___3633
cml2_human___681.pdb,0.7701,cml2_human___681
grpr_human___3700.pdb,0.3122,grpr_human___3700
qrfpr_human___3570.pdb,0.3968,qrfpr_human___3570
lgr6_human___613.pdb,0.3478,lgr6_human___613
trfr_human___1490.pdb,0.6838,trfr_human___1490
sctr_human___817.pdb,0.6527,sctr_human___817
npbw1_human___1623.pdb,0.3269,npbw1_human___1623
fpr2_human___574.pdb,0.7857,fpr2_human___574
gpr75_human___6067.pdb,0.6416,gpr75_human___6067
ccr2_human___1047.pdb,0.6288,ccr2_human___1047
galr2_human___5654.pdb,0.6049,galr2_human___5654
sctr_human___3570.pdb,0.35,sctr_human___3570
bkrb1_human___1681.pdb,0.6985,bkrb1_human___1681
ccr1_human___754.pdb,0.0861,ccr1_human___754
fpr2_human___3935.pdb,0.6682,fpr2_human___3935
cml1_human___3700.pdb,0.8886,cml1_human___3700
mtlr_human___2098.pdb,0.6797,mtlr_human___2098
npbw1_human___1495.pdb,0.2335,npbw1_human___1495
nk2r_human___1514.pdb,0.5005,nk2r_human___1514
mc5r_human___574.pdb,0.6546,mc5r_human___574
calrl_human___3643.pdb,0.2928,calrl_human___3643
c5ar1_human___5895.pdb,0.7515,c5ar1_human___5895
v2r_human___3640.pdb,0.4723,v2r_human___3640
gpr37_human___612.pdb,0.6967,gpr37_human___612
npy4r_human___2090.pdb,0.6628,npy4r_human___2090
npy4r_human___1136.pdb,0.6593,npy4r_human___1136
trfr_human___1699.pdb,0.336,trfr_human___1699
mrgx1_human___1579.pdb,0.6581,mrgx1_human___1579
vipr2_human___1790.pdb,0.2364,vipr2_human___1790
mc4r_human___1997.pdb,0.6914,mc4r_human___1997
ccr2_human___776.pdb,0.4441,ccr2_human___776
ednra_human___989.pdb,0.2317,ednra_human___989
cxcr2_human___758.pdb,0.3903,cxcr2_human___758
mc3r_human___1579.pdb,0.6614,mc3r_human___1579
qrfpr_human___1140.pdb,0.3955,qrfpr_human___1140
ackr2_human___754.pdb,0.2423,ackr2_human___754
gpr75_human___5895.pdb,0.6302,gpr75_human___5895
npy2r_human___2156.pdb,0.5823,npy2r_human___2156
crfr2_human___3594.pdb,0.2389,crfr2_human___3594
cckar_human___573.pdb,0.6392,cckar_human___573
gpr39_human___1470.pdb,0.7409,gpr39_human___1470
ssr1_human___1623.pdb,0.304,ssr1_human___1623
ssr1_human___1643.pdb,0.7526,ssr1_human___1643
v1ar_human___3645.pdb,0.4547,v1ar_human___3645
mchr1_human___1681.pdb,0.6664,mchr1_human___1681
calrl_human___1470.pdb,0.7975,calrl_human___1470
crfr1_human___1470.pdb,0.7429,crfr1_human___1470
pkr2_human___613.pdb,0.7147,pkr2_human___613
vipr1_human___2156.pdb,0.2653,vipr1_human___2156
ssr2_human___2019.pdb,0.6314,ssr2_human___2019
lgr4_human___2098.pdb,0.4666,lgr4_human___2098
pkr2_human___5654.pdb,0.7134,pkr2_human___5654
oprk_human___1157.pdb,0.459,oprk_human___1157
oprk_human___3700.pdb,0.6477,oprk_human___3700
ur2r_human___613.pdb,0.6525,ur2r_human___613
acthr_human___574.pdb,0.3857,acthr_human___574
ccr8_human___812.pdb,0.2016,ccr8_human___812
grpr_human___3592.pdb,0.5358,grpr_human___3592
v2r_human___3700.pdb,0.881,v2r_human___3700
ssr2_human___687.pdb,0.821,ssr2_human___687
ccr4_human___3542.pdb,0.5617,ccr4_human___3542
ccr6_human___4358.pdb,0.2197,ccr6_human___4358
ntr1_human___1458.pdb,0.6487,ntr1_human___1458
ccr4_human___821.pdb,0.1823,ccr4_human___821
pkr1_human___613.pdb,0.7023,pkr1_human___613
bkrb1_human___2945.pdb,0.2274,bkrb1_human___2945
ccr3_human___1136.pdb,0.2368,ccr3_human___1136
npy5r_human___1997.pdb,0.6649,npy5r_human___1997
ssr2_human___2270.pdb,0.6409,ssr2_human___2270
ox1r_human___5654.pdb,0.6898,ox1r_human___5654
cckar_human___921.pdb,0.6406,cckar_human___921
cx3c1_human___808.pdb,0.2829,cx3c1_human___808
ur2r_human___1320.pdb,0.6983,ur2r_human___1320
acthr_human___1333.pdb,0.5209,acthr_human___1333
cckar_human___1298.pdb,0.7712,cckar_human___1298
ccr7_human___1136.pdb,0.272,ccr7_human___1136
nmur2_human___771.pdb,0.6542,nmur2_human___771
fpr2_human___1140.pdb,0.6887,fpr2_human___1140
gnrhr_human___1152.pdb,0.519,gnrhr_human___1152
ox1r_human___612.pdb,0.6722,ox1r_human___612
rl3r1_human___808.pdb,0.6847,rl3r1_human___808
crfr2_human___1140.pdb,0.2278,crfr2_human___1140
npsr1_human___1470.pdb,0.6552,npsr1_human___1470
rl3r1_human___1004.pdb,0.5826,rl3r1_human___1004
ssr5_human___1152.pdb,0.6046,ssr5_human___1152
npy2r_human___1871.pdb,0.4259,npy2r_human___1871
ednra_human___921.pdb,0.2724,ednra_human___921
ox1r_human___1699.pdb,0.2734,ox1r_human___1699
agtr1_human___8526.pdb,0.6603,agtr1_human___8526
ccr8_human___808.pdb,0.6886,ccr8_human___808
ccr4_human___754.pdb,0.0994,ccr4_human___754
mtlr_human___1579.pdb,0.609,mtlr_human___1579
cxcr4_human___798.pdb,0.2363,cxcr4_human___798
fzd1_human___6067.pdb,0.6728,fzd1_human___6067
oxyr_human___3646.pdb,0.2543,oxyr_human___3646
ccr5_human___3643.pdb,0.2384,ccr5_human___3643
bkrb1_human___3700.pdb,0.5924,bkrb1_human___3700
ccr7_human___758.pdb,0.2105,ccr7_human___758
ssr3_human___5654.pdb,0.6587,ssr3_human___5654
mrgx1_human___1504.pdb,0.7268,mrgx1_human___1504
prlhr_human___3548.pdb,0.2439,prlhr_human___3548
cxcr5_human___808.pdb,0.6654,cxcr5_human___808
acthr_human___1157.pdb,0.3559,acthr_human___1157
apj_human___3548.pdb,0.2312,apj_human___3548
npy4r_human___1283.pdb,0.644,npy4r_human___1283
npbw2_human___3700.pdb,0.8799,npbw2_human___3700
npbw1_human___1152.pdb,0.4047,npbw1_human___1152
ccr5_human___798.pdb,0.2466,ccr5_human___798
cml2_human___1136.pdb,0.5817,cml2_human___1136
ghsr_human___1458.pdb,0.5888,ghsr_human___1458
fpr3_human___758.pdb,0.6604,fpr3_human___758
nmbr_human___613.pdb,0.6457,nmbr_human___613
mrgx2_human___2945.pdb,0.2434,mrgx2_human___2945
apj_human___8526.pdb,0.5749,apj_human___8526
gpr39_human___1699.pdb,0.5702,gpr39_human___1699
c5ar2_human___5654.pdb,0.6392,c5ar2_human___5654
ntr1_human___2270.pdb,0.6451,ntr1_human___2270
ccr8_human___3606.pdb,0.7674,ccr8_human___3606
gnrhr_human___3643.pdb,0.7379,gnrhr_human___3643
bkrb2_human___644.pdb,0.6026,bkrb2_human___644
galr1_human___3592.pdb,0.5817,galr1_human___3592
mc3r_human___2090.pdb,0.6396,mc3r_human___2090
agtr1_human___644.pdb,0.5061,agtr1_human___644
par4_human___2019.pdb,0.5846,par4_human___2019
xcr1_human___856.pdb,0.2189,xcr1_human___856
ssr4_human___11417.pdb,0.6819,ssr4_human___11417
mtlr_human___687.pdb,0.782,mtlr_human___687
npff1_human___1790.pdb,0.7963,npff1_human___1790
apj_human___1504.pdb,0.4964,apj_human___1504
galr3_human___1136.pdb,0.2673,galr3_human___1136
oxyr_human___3594.pdb,0.6554,oxyr_human___3594
lgr4_human___1298.pdb,0.3968,lgr4_human___1298
c3ar_human___1495.pdb,0.6513,c3ar_human___1495
ackr4_human___798.pdb,0.2019,ackr4_human___798
ssr4_human___2019.pdb,0.6292,ssr4_human___2019
cxcr2_human___5895.pdb,0.6567,cxcr2_human___5895
oprm_human___2019.pdb,0.6684,oprm_human___2019
vipr2_human___3542.pdb,0.2084,vipr2_human___3542
vipr2_human___2156.pdb,0.281,vipr2_human___2156
bkrb2_human___646.pdb,0.5675,bkrb2_human___646
oprd_human___921.pdb,0.6414,oprd_human___921
glp2r_human___808.pdb,0.4154,glp2r_human___808
pth2r_human___1140.pdb,0.2288,pth2r_human___1140
c3ar_human___3640.pdb,0.4858,c3ar_human___3640
ackr4_human___758.pdb,0.2218,ackr4_human___758
vipr1_human___1790.pdb,0.1998,vipr1_human___1790
cxcr6_human___808.pdb,0.6168,cxcr6_human___808
hrh4_human___1681.pdb,0.6826,hrh4_human___1681
pth2r_human___1790.pdb,0.159,pth2r_human___1790
pkr2_human___1458.pdb,0.6099,pkr2_human___1458
c5ar2_human___1099.pdb,0.6346,c5ar2_human___1099
acthr_human___3606.pdb,0.6853,acthr_human___3606
galr3_human___1162.pdb,0.3669,galr3_human___1162
bkrb1_human___1136.pdb,0.7927,bkrb1_human___1136
nk3r_human___5654.pdb,0.6861,nk3r_human___5654
mc4r_human___2090.pdb,0.5943,mc4r_human___2090
prlhr_human___1871.pdb,0.2545,prlhr_human___1871
g37l1_human___681.pdb,0.6324,g37l1_human___681
npsr1_human___1157.pdb,0.33,npsr1_human___1157
ssr2_human___1997.pdb,0.262,ssr2_human___1997
fpr3_human___3542.pdb,0.6406,fpr3_human___3542
fpr3_human___574.pdb,0.6411,fpr3_human___574
par4_human___1997.pdb,0.65,par4_human___1997
oprx_human___1623.pdb,0.3273,oprx_human___1623
fzd2_human___3735.pdb,0.5252,fzd2_human___3735
ghsr_human___2270.pdb,0.3948,ghsr_human___2270
gpr75_human___1504.pdb,0.3738,gpr75_human___1504
ackr4_human___5654.pdb,0.6168,ackr4_human___5654
cxcr5_human___1458.pdb,0.6885,cxcr5_human___1458
agtr2_human___1152.pdb,0.3305,agtr2_human___1152
npy2r_human___1504.pdb,0.6388,npy2r_human___1504
oprk_human___3542.pdb,0.606,oprk_human___3542
pth2r_human___3643.pdb,0.3183,pth2r_human___3643
fpr1_human___4058.pdb,0.6034,fpr1_human___4058
hrh4_human___644.pdb,0.3616,hrh4_human___644
cxcr6_human___821.pdb,0.3981,cxcr6_human___821
crfr2_human___1790.pdb,0.6299,crfr2_human___1790
cxcr3_human___819.pdb,0.1545,cxcr3_human___819
oprx_human___1790.pdb,0.6733,oprx_human___1790
vipr1_human___1136.pdb,0.2466,vipr1_human___1136
gpr75_human___758.pdb,0.5746,gpr75_human___758
cxcr2_human___1579.pdb,0.4524,cxcr2_human___1579
ackr4_human___613.pdb,0.6041,ackr4_human___613
mchr1_human___3548.pdb,0.6284,mchr1_human___3548
oprm_human___1157.pdb,0.3468,oprm_human___1157
rl3r1_human___687.pdb,0.8731,rl3r1_human___687
cml1_human___5654.pdb,0.5948,cml1_human___5654
ccr10_human___808.pdb,0.2259,ccr10_human___808
ghsr_human___1099.pdb,0.5906,ghsr_human___1099
bkrb1_human___582.pdb,0.5677,bkrb1_human___582
gp107_human___4058.pdb,0.2254,gp107_human___4058
mshr_human___1152.pdb,0.7859,mshr_human___1152
vipr2_human___808.pdb,0.6767,vipr2_human___808
oprk_human___1643.pdb,0.475,oprk_human___1643
pkr2_human___1790.pdb,0.8003,pkr2_human___1790
npy5r_human___2168.pdb,0.648,npy5r_human___2168
gp107_human___1320.pdb,0.6376,gp107_human___1320
ackr3_human___989.pdb,0.3344,ackr3_human___989
cxcr2_human___2945.pdb,0.3213,cxcr2_human___2945
ghrhr_human___644.pdb,0.4485,ghrhr_human___644
npy1r_human___1504.pdb,0.2845,npy1r_human___1504
gpr37_human___758.pdb,0.6325,gpr37_human___758
cml1_human___1157.pdb,0.3363,cml1_human___1157
fshr_human___2019.pdb,0.7255,fshr_human___2019
mc4r_human___1140.pdb,0.6496,mc4r_human___1140
cml2_human___1643.pdb,0.7034,cml2_human___1643
ccr3_human___855.pdb,0.2563,ccr3_human___855
ackr3_human___2089.pdb,0.6698,ackr3_human___2089
cml1_human___687.pdb,0.9038,cml1_human___687
ednrb_human___3542.pdb,0.2754,ednrb_human___3542
cxcr4_human___2168.pdb,0.5639,cxcr4_human___2168
ccr1_human___1790.pdb,0.2351,ccr1_human___1790
ccr6_human___2257.pdb,0.2778,ccr6_human___2257
mc3r_human___681.pdb,0.8401,mc3r_human___681
mc3r_human___574.pdb,0.3772,mc3r_human___574
cxcr1_human___808.pdb,0.2008,cxcr1_human___808
ccr8_human___1514.pdb,0.2546,ccr8_human___1514
mtlr_human___1623.pdb,0.3168,mtlr_human___1623
pkr1_human___1681.pdb,0.5784,pkr1_human___1681
ssr4_human___1620.pdb,0.6572,ssr4_human___1620
nmbr_human___1871.pdb,0.5948,nmbr_human___1871
npff2_human___3594.pdb,0.2399,npff2_human___3594
g37l1_human___613.pdb,0.6765,g37l1_human___613
npsr1_human___2174.pdb,0.568,npsr1_human___2174
gpr75_human___4057.pdb,0.566,gpr75_human___4057
lgr5_human___5654.pdb,0.3121,lgr5_human___5654
v2r_human___5654.pdb,0.6014,v2r_human___5654
ntr1_human___1099.pdb,0.6487,ntr1_human___1099
ssr4_human___3548.pdb,0.2573,ssr4_human___3548
npff1_human___1470.pdb,0.6854,npff1_human___1470
apj_human___612.pdb,0.4867,apj_human___612
ox2r_human___3700.pdb,0.323,ox2r_human___3700
cml1_human___1681.pdb,0.7835,cml1_human___1681
fshr_human___3700.pdb,0.2449,fshr_human___3700
prlhr_human___2090.pdb,0.6367,prlhr_human___2090
ssr5_human___3700.pdb,0.8182,ssr5_human___3700
ssr2_human___3570.pdb,0.6185,ssr2_human___3570
oxyr_human___1157.pdb,0.3846,oxyr_human___1157
ackr1_human___819.pdb,0.1801,ackr1_human___819
oprm_human___1681.pdb,0.6746,oprm_human___1681
glp2r_human___1140.pdb,0.1596,glp2r_human___1140
oprk_human___5654.pdb,0.6828,oprk_human___5654
pkr2_human___921.pdb,0.6091,pkr2_human___921
ssr3_human___1997.pdb,0.5024,ssr3_human___1997
pth2r_human___2257.pdb,0.2261,pth2r_human___2257
cxcr6_human___681.pdb,0.7024,cxcr6_human___681
rl3r1_human___5654.pdb,0.6492,rl3r1_human___5654
xcr1_human___644.pdb,0.5799,xcr1_human___644
mchr2_human___681.pdb,0.6723,mchr2_human___681
mtlr_human___1458.pdb,0.427,mtlr_human___1458
nmur1_human___812.pdb,0.6324,nmur1_human___812
lgr5_human___1458.pdb,0.6247,lgr5_human___1458
ccr3_human___776.pdb,0.2028,ccr3_human___776
crfr2_human___3643.pdb,0.2749,crfr2_human___3643
ackr2_human___646.pdb,0.2898,ackr2_human___646
cxcr1_human___3700.pdb,0.7861,cxcr1_human___3700
ccr5_human___819.pdb,0.2456,ccr5_human___819
ssr3_human___3700.pdb,0.8418,ssr3_human___3700
c5ar2_human___574.pdb,0.5506,c5ar2_human___574
agtr2_human___3646.pdb,0.2323,agtr2_human___3646
mc5r_human___573.pdb,0.6878,mc5r_human___573
ntr2_human___1579.pdb,0.6419,ntr2_human___1579
npy4r_human___5654.pdb,0.6527,npy4r_human___5654
c5ar2_human___1997.pdb,0.6798,c5ar2_human___1997
c5ar1_human___5654.pdb,0.654,c5ar1_human___5654
mc4r_human___3606.pdb,0.6533,mc4r_human___3606
calrl_human___3700.pdb,0.6421,calrl_human___3700
ccr6_human___808.pdb,0.1813,ccr6_human___808
v1br_human___798.pdb,0.7015,v1br_human___798
mchr1_human___1157.pdb,0.3575,mchr1_human___1157
g37l1_human___1136.pdb,0.5698,g37l1_human___1136
mc5r_human___1140.pdb,0.7517,mc5r_human___1140
ntr2_human___3548.pdb,0.2309,ntr2_human___3548
ackr1_human___758.pdb,0.5964,ackr1_human___758
mc3r_human___3643.pdb,0.6258,mc3r_human___3643
ur2r_human___2270.pdb,0.787,ur2r_human___2270
ccr1_human___798.pdb,0.2132,ccr1_human___798
ssr3_human___681.pdb,0.8885,ssr3_human___681
npy5r_human___1504.pdb,0.2339,npy5r_human___1504
nmbr_human___11417.pdb,0.6628,nmbr_human___11417
bkrb2_human___1495.pdb,0.7429,bkrb2_human___1495
oxyr_human___2174.pdb,0.6076,oxyr_human___2174
gasr_human___1699.pdb,0.4522,gasr_human___1699
cxcr5_human___758.pdb,0.6329,cxcr5_human___758
nmbr_human___3548.pdb,0.276,nmbr_human___3548
pkr1_human___687.pdb,0.8023,pkr1_human___687
calrl_human___3645.pdb,0.6714,calrl_human___3645
ccr5_human___2098.pdb,0.4055,ccr5_human___2098
v1br_human___3645.pdb,0.321,v1br_human___3645
bkrb2_human___754.pdb,0.6887,bkrb2_human___754
fpr2_human___1047.pdb,0.5486,fpr2_human___1047
lgr5_human___1298.pdb,0.4076,lgr5_human___1298
ackr2_human___856.pdb,0.2244,ackr2_human___856
pacr_human___1136.pdb,0.2029,pacr_human___1136
calcr_human___1162.pdb,0.2862,calcr_human___1162
npy1r_human___2098.pdb,0.6252,npy1r_human___2098
mchr1_human___1623.pdb,0.3443,mchr1_human___1623
g37l1_human___11417.pdb,0.4381,g37l1_human___11417
gpr75_human___613.pdb,0.5036,gpr75_human___613
npy2r_human___1458.pdb,0.6287,npy2r_human___1458
ssr4_human___5654.pdb,0.6617,ssr4_human___5654
nk1r_human___5654.pdb,0.5615,nk1r_human___5654
ackr4_human___3570.pdb,0.2627,ackr4_human___3570
ccr8_human___1152.pdb,0.5833,ccr8_human___1152
fpr1_human___3935.pdb,0.3483,fpr1_human___3935
ox1r_human___1152.pdb,0.4992,ox1r_human___1152
ghrhr_human___1136.pdb,0.2458,ghrhr_human___1136
cml1_human___3592.pdb,0.7127,cml1_human___3592
oxyr_human___1490.pdb,0.439,oxyr_human___1490
ccr10_human___1790.pdb,0.2751,ccr10_human___1790
gnrhr_human___3594.pdb,0.236,gnrhr_human___3594
cml2_human___3700.pdb,0.862,cml2_human___3700
npy5r_human___1157.pdb,0.5581,npy5r_human___1157
agtr2_human___2019.pdb,0.6563,agtr2_human___2019
calrl_human___3935.pdb,0.657,calrl_human___3935
ackr1_human___3645.pdb,0.2091,ackr1_human___3645
cxcr4_human___4358.pdb,0.1623,cxcr4_human___4358
ssr5_human___1997.pdb,0.6642,ssr5_human___1997
ccr5_human___776.pdb,0.2014,ccr5_human___776
oxyr_human___4358.pdb,0.3074,oxyr_human___4358
oprm_human___1162.pdb,0.6523,oprm_human___1162
gipr_human___1320.pdb,0.6389,gipr_human___1320
nmur1_human___1099.pdb,0.2304,nmur1_human___1099
ssr1_human___3700.pdb,0.7347,ssr1_human___3700
nk2r_human___3548.pdb,0.6903,nk2r_human___3548
ccr3_human___2270.pdb,0.7451,ccr3_human___2270
npy1r_human___771.pdb,0.7691,npy1r_human___771
hrh4_human___3633.pdb,0.7282,hrh4_human___3633
lgr4_human___2019.pdb,0.3058,lgr4_human___2019
vipr1_human___1152.pdb,0.2345,vipr1_human___1152
ntr2_human___1458.pdb,0.7324,ntr2_human___1458
gpr39_human___864.pdb,0.5607,gpr39_human___864
oprk_human___1623.pdb,0.4363,oprk_human___1623
ccr10_human___1643.pdb,0.6411,ccr10_human___1643
ghrhr_human___1152.pdb,0.2421,ghrhr_human___1152
ccr9_human___855.pdb,0.5527,ccr9_human___855
ackr1_human___989.pdb,0.693,ackr1_human___989
ednrb_human___687.pdb,0.3452,ednrb_human___687
pkr2_human___1681.pdb,0.7656,pkr2_human___1681
fshr_human___3633.pdb,0.7276,fshr_human___3633
ackr3_human___921.pdb,0.6591,ackr3_human___921
fzd1_human___1320.pdb,0.4213,fzd1_human___1320
mtlr_human___681.pdb,0.283,mtlr_human___681
nmur2_human___1298.pdb,0.5108,nmur2_human___1298
npbw1_human___3633.pdb,0.6828,npbw1_human___3633
apj_human___1790.pdb,0.2511,apj_human___1790
ssr4_human___1157.pdb,0.2907,ssr4_human___1157
par4_human___3570.pdb,0.2757,par4_human___3570
lgr5_human___1997.pdb,0.2868,lgr5_human___1997
ssr3_human___6067.pdb,0.3366,ssr3_human___6067
ackr1_human___856.pdb,0.6144,ackr1_human___856
mrgx1_human___5336.pdb,0.3627,mrgx1_human___5336
cxcr2_human___1099.pdb,0.5175,cxcr2_human___1099
npy1r_human___1871.pdb,0.3112,npy1r_human___1871
par4_human___2270.pdb,0.6717,par4_human___2270
ccr10_human___3646.pdb,0.2212,ccr10_human___3646
c5ar2_human___3935.pdb,0.6361,c5ar2_human___3935
gp107_human___758.pdb,0.6843,gp107_human___758
ackr1_human___1579.pdb,0.6475,ackr1_human___1579
gpr39_human___810.pdb,0.6872,gpr39_human___810
ox2r_human___1140.pdb,0.5597,ox2r_human___1140
fpr2_human___4058.pdb,0.651,fpr2_human___4058
ccr9_human___2168.pdb,0.5984,ccr9_human___2168
ssr2_human___921.pdb,0.6786,ssr2_human___921
cxcr1_human___821.pdb,0.1347,cxcr1_human___821
ntr1_human___3570.pdb,0.7899,ntr1_human___3570
cxcr5_human___1136.pdb,0.3053,cxcr5_human___1136
cxcr2_human___687.pdb,0.6893,cxcr2_human___687
gnrhr_human___3935.pdb,0.2383,gnrhr_human___3935
ccr10_human___687.pdb,0.6737,ccr10_human___687
qrfpr_human___1681.pdb,0.5678,qrfpr_human___1681
par4_human___1458.pdb,0.6491,par4_human___1458
mshr_human___573.pdb,0.3575,mshr_human___573
fzd1_human___612.pdb,0.297,fzd1_human___612
npbw1_human___1790.pdb,0.3182,npbw1_human___1790
kissr_human___3700.pdb,0.8573,kissr_human___3700
mc5r_human___1871.pdb,0.7273,mc5r_human___1871
cxcr1_human___1790.pdb,0.297,cxcr1_human___1790
c3ar_human___1643.pdb,0.7509,c3ar_human___1643
cx3c1_human___5654.pdb,0.6721,cx3c1_human___5654
pkr1_human___1470.pdb,0.5545,pkr1_human___1470
glp2r_human___2257.pdb,0.2614,glp2r_human___2257
ednra_human___613.pdb,0.6021,ednra_human___613
ssr2_human___3700.pdb,0.921,ssr2_human___3700
crfr2_human___2168.pdb,0.6544,crfr2_human___2168
c5ar1_human___574.pdb,0.2339,c5ar1_human___574
ednra_human___1157.pdb,0.3523,ednra_human___1157
galr1_human___3700.pdb,0.81,galr1_human___3700
gipr_human___798.pdb,0.6491,gipr_human___798
oprm_human___3548.pdb,0.2352,oprm_human___3548
npy4r_human___687.pdb,0.5495,npy4r_human___687
fzd6_human___3735.pdb,0.5833,fzd6_human___3735
ccr3_human___1790.pdb,0.2787,ccr3_human___1790
ntr1_human___1470.pdb,0.6101,ntr1_human___1470
calrl_human___1152.pdb,0.6336,calrl_human___1152
vipr2_human___1283.pdb,0.5526,vipr2_human___1283
ccr3_human___3647.pdb,0.3086,ccr3_human___3647
c5ar1_human___1495.pdb,0.6703,c5ar1_human___1495
ssr4_human___3640.pdb,0.2921,ssr4_human___3640
ccr9_human___856.pdb,0.6945,ccr9_human___856
fzd6_human___3542.pdb,0.518,fzd6_human___3542
npy5r_human___3570.pdb,0.5099,npy5r_human___3570
calcr_human___3935.pdb,0.7012,calcr_human___3935
ccr4_human___798.pdb,0.1993,ccr4_human___798
v1ar_human___819.pdb,0.7178,v1ar_human___819
fpr2_human___3570.pdb,0.6959,fpr2_human___3570
ccr1_human___771.pdb,0.1777,ccr1_human___771
grpr_human___11417.pdb,0.662,grpr_human___11417
cxcr3_human___821.pdb,0.1162,cxcr3_human___821
ccr3_human___4358.pdb,0.2098,ccr3_human___4358
cxcr3_human___3646.pdb,0.2016,cxcr3_human___3646
ssr3_human___582.pdb,0.3728,ssr3_human___582
glp1r_human___1136.pdb,0.1993,glp1r_human___1136
v2r_human___855.pdb,0.2428,v2r_human___855
lgr6_human___1333.pdb,0.3006,lgr6_human___1333
ghrhr_human___3643.pdb,0.4922,ghrhr_human___3643
fzd2_human___1490.pdb,0.2949,fzd2_human___1490
v2r_human___771.pdb,0.8011,v2r_human___771
npbw2_human___2945.pdb,0.264,npbw2_human___2945
kissr_human___1790.pdb,0.3735,kissr_human___1790
ghrhr_human___1272.pdb,0.9251,ghrhr_human___1272
bkrb1_human___644.pdb,0.6218,bkrb1_human___644
ssr3_human___758.pdb,0.8197,ssr3_human___758
acthr_human___1272.pdb,0.2975,acthr_human___1272
hrh4_human___3700.pdb,0.6333,hrh4_human___3700
cxcr1_human___758.pdb,0.2543,cxcr1_human___758
ackr2_human___808.pdb,0.2363,ackr2_human___808
ccr1_human___646.pdb,0.3251,ccr1_human___646
grpr_human___687.pdb,0.7912,grpr_human___687
cxcr2_human___819.pdb,0.1209,cxcr2_human___819
fpr2_human___613.pdb,0.5594,fpr2_human___613
c5ar2_human___921.pdb,0.6202,c5ar2_human___921
calrl_human___3548.pdb,0.2468,calrl_human___3548
ghsr_human___754.pdb,0.2099,ghsr_human___754
lgr5_human___921.pdb,0.687,lgr5_human___921
pacr_human___1140.pdb,0.3572,pacr_human___1140
mchr2_human___1298.pdb,0.5853,mchr2_human___1298
nmbr_human___3542.pdb,0.603,nmbr_human___3542
ackr1_human___3647.pdb,0.4967,ackr1_human___3647
mshr_human___1997.pdb,0.6344,mshr_human___1997
agtr2_human___582.pdb,0.5609,agtr2_human___582
ednrb_human___574.pdb,0.4134,ednrb_human___574
fzd2_human___758.pdb,0.5663,fzd2_human___758
oxyr_human___681.pdb,0.8123,oxyr_human___681
nmur1_human___5895.pdb,0.2446,nmur1_human___5895
xcr1_human___3542.pdb,0.6759,xcr1_human___3542
lgr4_human___776.pdb,0.7594,lgr4_human___776
ackr4_human___1099.pdb,0.26,ackr4_human___1099
c5ar1_human___646.pdb,0.4983,c5ar1_human___646
crfr1_human___1514.pdb,0.382,crfr1_human___1514
kissr_human___644.pdb,0.5755,kissr_human___644
hrh4_human___1140.pdb,0.7043,hrh4_human___1140
ccr6_human___855.pdb,0.7494,ccr6_human___855
lgr5_human___1140.pdb,0.5881,lgr5_human___1140
vipr2_human___1047.pdb,0.6534,vipr2_human___1047
pkr1_human___989.pdb,0.6263,pkr1_human___989
ccr6_human___758.pdb,0.5434,ccr6_human___758
crfr1_human___3700.pdb,0.6661,crfr1_human___3700
v2r_human___3594.pdb,0.7009,v2r_human___3594
fpr3_human___1162.pdb,0.5796,fpr3_human___1162
c5ar1_human___3592.pdb,0.6516,c5ar1_human___3592
fzd2_human___681.pdb,0.7253,fzd2_human___681
nk3r_human___1871.pdb,0.4241,nk3r_human___1871
g37l1_human___1140.pdb,0.388,g37l1_human___1140
g37l1_human___6067.pdb,0.2952,g37l1_human___6067
c5ar2_human___1047.pdb,0.6233,c5ar2_human___1047
ccr5_human___1699.pdb,0.2545,ccr5_human___1699
npff1_human___1136.pdb,0.367,npff1_human___1136
ur2r_human___1152.pdb,0.3015,ur2r_human___1152
oprx_human___921.pdb,0.6572,oprx_human___921
npff1_human___1699.pdb,0.6591,npff1_human___1699
ackr3_human___5336.pdb,0.662,ackr3_human___5336
ccr6_human___5654.pdb,0.5338,ccr6_human___5654
mshr_human___1579.pdb,0.6834,mshr_human___1579
npff1_human___2945.pdb,0.2355,npff1_human___2945
fzd2_human___856.pdb,0.2274,fzd2_human___856
cckar_human___613.pdb,0.6242,cckar_human___613
fpr3_human___3700.pdb,0.8273,fpr3_human___3700
cckar_human___3548.pdb,0.7837,cckar_human___3548
c5ar1_human___3700.pdb,0.7302,c5ar1_human___3700
ccr6_human___856.pdb,0.465,ccr6_human___856
ox2r_human___612.pdb,0.6704,ox2r_human___612
npsr1_human___2945.pdb,0.3057,npsr1_human___2945
ntr2_human___1470.pdb,0.2481,ntr2_human___1470
galr3_human___1157.pdb,0.3005,galr3_human___1157
sctr_human___3606.pdb,0.5732,sctr_human___3606
mc4r_human___5654.pdb,0.5182,mc4r_human___5654
galr2_human___612.pdb,0.6401,galr2_human___612
gasr_human___819.pdb,0.5306,gasr_human___819
ccr5_human___3645.pdb,0.2811,ccr5_human___3645
npy1r_human___2090.pdb,0.6587,npy1r_human___2090
c3ar_human___798.pdb,0.5769,c3ar_human___798
nk3r_human___1099.pdb,0.6382,nk3r_human___1099
mrgx1_human___1272.pdb,0.447,mrgx1_human___1272
mc4r_human___1643.pdb,0.6936,mc4r_human___1643
prlhr_human___2089.pdb,0.5302,prlhr_human___2089
galr1_human___2945.pdb,0.2968,galr1_human___2945
fpr1_human___3570.pdb,0.2591,fpr1_human___3570
pth1r_human___2257.pdb,0.2171,pth1r_human___2257
ccr9_human___817.pdb,0.1808,ccr9_human___817
glr_human___758.pdb,0.346,glr_human___758
oprd_human___3646.pdb,0.3033,oprd_human___3646
cxcr5_human___3570.pdb,0.6592,cxcr5_human___3570
ghrhr_human___2257.pdb,0.2305,ghrhr_human___2257
gipr_human___1298.pdb,0.6744,gipr_human___1298
v2r_human___2168.pdb,0.6407,v2r_human___2168
vipr1_human___921.pdb,0.1971,vipr1_human___921
nk3r_human___1790.pdb,0.327,nk3r_human___1790
v1ar_human___5654.pdb,0.6157,v1ar_human___5654
ccr3_human___798.pdb,0.201,ccr3_human___798
oprx_human___644.pdb,0.5399,oprx_human___644
ccr7_human___1490.pdb,0.6489,ccr7_human___1490
ccr1_human___776.pdb,0.1837,ccr1_human___776
oprx_human___4358.pdb,0.7474,oprx_human___4358
v2r_human___11417.pdb,0.6641,v2r_human___11417
grpr_human___3548.pdb,0.2611,grpr_human___3548
npff2_human___3542.pdb,0.2992,npff2_human___3542
fzd6_human___921.pdb,0.6286,fzd6_human___921
glp1r_human___1152.pdb,0.2794,glp1r_human___1152
crfr2_human___1272.pdb,0.7261,crfr2_human___1272
par4_human___1298.pdb,0.6831,par4_human___1298
ackr3_human___2257.pdb,0.25,ackr3_human___2257
npff1_human___1479.pdb,0.6134,npff1_human___1479
ur2r_human___2156.pdb,0.6211,ur2r_human___2156
ccr4_human___758.pdb,0.231,ccr4_human___758
mchr2_human___585.pdb,0.5588,mchr2_human___585
v1br_human___819.pdb,0.674,v1br_human___819
agtr2_human___644.pdb,0.5935,agtr2_human___644
lgr4_human___5654.pdb,0.2696,lgr4_human___5654
ox1r_human___758.pdb,0.7811,ox1r_human___758
npsr1_human___1490.pdb,0.6642,npsr1_human___1490
ssr4_human___1643.pdb,0.7749,ssr4_human___1643
npy2r_human___1479.pdb,0.6629,npy2r_human___1479
v1br_human___1579.pdb,0.6618,v1br_human___1579
mc4r_human___687.pdb,0.8344,mc4r_human___687
ccr5_human___1136.pdb,0.2923,ccr5_human___1136
ccr7_human___810.pdb,0.2182,ccr7_human___810
ntr2_human___3643.pdb,0.7703,ntr2_human___3643
pkr1_human___1004.pdb,0.7414,pkr1_human___1004
nmur2_human___1470.pdb,0.6522,nmur2_human___1470
fpr2_human___2945.pdb,0.2798,fpr2_human___2945
oprd_human___1681.pdb,0.6544,oprd_human___1681
bkrb1_human___2270.pdb,0.5914,bkrb1_human___2270
glp1r_human___1333.pdb,0.3519,glp1r_human___1333
cxcr3_human___2098.pdb,0.3351,cxcr3_human___2098
npff1_human___3935.pdb,0.6492,npff1_human___3935
glp2r_human___3646.pdb,0.7264,glp2r_human___3646
agtr1_human___1298.pdb,0.6875,agtr1_human___1298
cxcr5_human___821.pdb,0.1218,cxcr5_human___821
cxcr4_human___646.pdb,0.313,cxcr4_human___646
cml2_human___644.pdb,0.6774,cml2_human___644
ccr1_human___2098.pdb,0.4021,ccr1_human___2098
ccr3_human___2019.pdb,0.6505,ccr3_human___2019
ccr4_human___681.pdb,0.49,ccr4_human___681
npy1r_human___921.pdb,0.3198,npy1r_human___921
c3ar_human___2019.pdb,0.6671,c3ar_human___2019
npy2r_human___861.pdb,0.3997,npy2r_human___861
oxyr_human___2168.pdb,0.6355,oxyr_human___2168
calrl_human___4057.pdb,0.7191,calrl_human___4057
pth1r_human___3542.pdb,0.2171,pth1r_human___3542
pacr_human___2270.pdb,0.2926,pacr_human___2270
oxyr_human___5654.pdb,0.6519,oxyr_human___5654
agtr1_human___758.pdb,0.9053,agtr1_human___758
gpr39_human___1579.pdb,0.3672,gpr39_human___1579
glr_human___3643.pdb,0.2325,glr_human___3643
npbw1_human___2019.pdb,0.6353,npbw1_human___2019
oprd_human___3700.pdb,0.758,oprd_human___3700
ccr5_human___758.pdb,0.1992,ccr5_human___758
npy5r_human___5895.pdb,0.4591,npy5r_human___5895
calcr_human___1140.pdb,0.4085,calcr_human___1140
lgr5_human___3606.pdb,0.5385,lgr5_human___3606
cckar_human___5336.pdb,0.7204,cckar_human___5336
vipr1_human___3542.pdb,0.2053,vipr1_human___3542
gipr_human___3594.pdb,0.7399,gipr_human___3594
pth1r_human___3594.pdb,0.1608,pth1r_human___3594
agtr1_human___582.pdb,0.6262,agtr1_human___582
mchr1_human___1620.pdb,0.6612,mchr1_human___1620
cml2_human___3592.pdb,0.6885,cml2_human___3592
ssr1_human___3548.pdb,0.2274,ssr1_human___3548
sctr_human___1152.pdb,0.2305,sctr_human___1152
oprk_human___2019.pdb,0.4787,oprk_human___2019
gasr_human___1871.pdb,0.7876,gasr_human___1871
npy5r_human___3643.pdb,0.4349,npy5r_human___3643
mtlr_human___8526.pdb,0.5669,mtlr_human___8526
cx3c1_human___921.pdb,0.7039,cx3c1_human___921
galr2_human___921.pdb,0.6247,galr2_human___921
calcr_human___3643.pdb,0.6291,calcr_human___3643
ox2r_human___613.pdb,0.6324,ox2r_human___613
mshr_human___1320.pdb,0.6388,mshr_human___1320
galr3_human___3594.pdb,0.2437,galr3_human___3594
v1ar_human___812.pdb,0.647,v1ar_human___812
ox2r_human___3643.pdb,0.6038,ox2r_human___3643
pth2r_human___5895.pdb,0.749,pth2r_human___5895
ednrb_human___1152.pdb,0.661,ednrb_human___1152
glp2r_human___3542.pdb,0.1614,glp2r_human___3542
ssr4_human___3700.pdb,0.8003,ssr4_human___3700
fzd6_human___681.pdb,0.4383,fzd6_human___681
ntr2_human___1140.pdb,0.6383,ntr2_human___1140
npbw2_human___6067.pdb,0.5479,npbw2_human___6067
mc3r_human___1643.pdb,0.7056,mc3r_human___1643
fpr3_human___613.pdb,0.6597,fpr3_human___613
pth1r_human___1152.pdb,0.2754,pth1r_human___1152
npff2_human___3592.pdb,0.4261,npff2_human___3592
cxcr6_human___855.pdb,0.2112,cxcr6_human___855
qrfpr_human___3542.pdb,0.2647,qrfpr_human___3542
g37l1_human___4058.pdb,0.6919,g37l1_human___4058
apj_human___1152.pdb,0.6656,apj_human___1152
glp1r_human___4358.pdb,0.7315,glp1r_human___4358
mchr1_human___2019.pdb,0.5914,mchr1_human___2019
ssr1_human___11417.pdb,0.6432,ssr1_human___11417
ox1r_human___1157.pdb,0.5506,ox1r_human___1157
galr2_human___613.pdb,0.5916,galr2_human___613
ccr10_human___3640.pdb,0.2373,ccr10_human___3640
fzd1_human___1490.pdb,0.6725,fzd1_human___1490
ccr9_human___808.pdb,0.1994,ccr9_human___808
vipr2_human___921.pdb,0.6416,vipr2_human___921
cxcr4_human___921.pdb,0.5945,cxcr4_human___921
apj_human___3542.pdb,0.2379,apj_human___3542
npbw1_human___646.pdb,0.3233,npbw1_human___646
nk2r_human___1504.pdb,0.6598,nk2r_human___1504
nmur1_human___1458.pdb,0.2914,nmur1_human___1458
ccr10_human___3700.pdb,0.7177,ccr10_human___3700
nk1r_human___798.pdb,0.7435,nk1r_human___798
mc5r_human___758.pdb,0.6686,mc5r_human___758
ur2r_human___2257.pdb,0.6842,ur2r_human___2257
oxyr_human___11417.pdb,0.6751,oxyr_human___11417
ccr2_human___754.pdb,0.1052,ccr2_human___754
gpr37_human___3700.pdb,0.5141,gpr37_human___3700
fpr3_human___1479.pdb,0.5953,fpr3_human___1479
nk2r_human___612.pdb,0.6518,nk2r_human___612
npsr1_human___810.pdb,0.6689,npsr1_human___810
oprk_human___1681.pdb,0.6032,oprk_human___1681
ssr5_human___3548.pdb,0.2274,ssr5_human___3548
calcr_human___3700.pdb,0.6483,calcr_human___3700
ccr6_human___1152.pdb,0.2673,ccr6_human___1152
pth2r_human___1162.pdb,0.3559,pth2r_human___1162
vipr1_human___1871.pdb,0.7549,vipr1_human___1871
ackr1_human___1470.pdb,0.6648,ackr1_human___1470
cml1_human___574.pdb,0.5343,cml1_human___574
cxcr4_human___758.pdb,0.4982,cxcr4_human___758
ox1r_human___1871.pdb,0.6823,ox1r_human___1871
xcr1_human___3647.pdb,0.2018,xcr1_human___3647
prlhr_human___687.pdb,0.4938,prlhr_human___687
cml2_human___646.pdb,0.5804,cml2_human___646
mrgx2_human___2019.pdb,0.5319,mrgx2_human___2019
pth1r_human___855.pdb,0.872,pth1r_human___855
cxcr6_human___2156.pdb,0.5257,cxcr6_human___2156
ghsr_human___2090.pdb,0.6311,ghsr_human___2090
fshr_human___612.pdb,0.7582,fshr_human___612
npff2_human___11417.pdb,0.5453,npff2_human___11417
gpr75_human___2090.pdb,0.5701,gpr75_human___2090
fzd1_human___644.pdb,0.6372,fzd1_human___644
fzd6_human___3594.pdb,0.5493,fzd6_human___3594
crfr1_human___2257.pdb,0.7115,crfr1_human___2257
ackr1_human___1458.pdb,0.6968,ackr1_human___1458
rl3r1_human___2019.pdb,0.6593,rl3r1_human___2019
pacr_human___2257.pdb,0.1999,pacr_human___2257
galr3_human___3643.pdb,0.6984,galr3_human___3643
ntr1_human___5336.pdb,0.6803,ntr1_human___5336
g37l1_human___3594.pdb,0.7234,g37l1_human___3594
fpr1_human___1157.pdb,0.3613,fpr1_human___1157
fpr3_human___3935.pdb,0.5688,fpr3_human___3935
fzd2_human___921.pdb,0.6437,fzd2_human___921
v1br_human___758.pdb,0.768,v1br_human___758
vipr2_human___1152.pdb,0.248,vipr2_human___1152
gpr37_human___613.pdb,0.6233,gpr37_human___613
mchr1_human___1643.pdb,0.7162,mchr1_human___1643
ccr9_human___798.pdb,0.1851,ccr9_human___798
calcr_human___2257.pdb,0.3879,calcr_human___2257
nk2r_human___3542.pdb,0.6116,nk2r_human___3542
bkrb2_human___1136.pdb,0.3327,bkrb2_human___1136
cxcr6_human___1320.pdb,0.722,cxcr6_human___1320
apj_human___585.pdb,0.6437,apj_human___585
xcr1_human___1790.pdb,0.232,xcr1_human___1790
par4_human___574.pdb,0.6431,par4_human___574
ednra_human___3542.pdb,0.726,ednra_human___3542
ackr3_human___1004.pdb,0.5081,ackr3_human___1004
mc5r_human___1643.pdb,0.6706,mc5r_human___1643
cxcr3_human___3645.pdb,0.117,cxcr3_human___3645
ednrb_human___1997.pdb,0.6758,ednrb_human___1997
npbw2_human___1579.pdb,0.6795,npbw2_human___1579
gp107_human___1157.pdb,0.3166,gp107_human___1157
ednra_human___687.pdb,0.2271,ednra_human___687
ccr2_human___771.pdb,0.22,ccr2_human___771
cxcr6_human___810.pdb,0.5256,cxcr6_human___810
cxcr1_human___798.pdb,0.2126,cxcr1_human___798
lgr6_human___1157.pdb,0.3074,lgr6_human___1157
galr3_human___613.pdb,0.6273,galr3_human___613
cxcr3_human___1790.pdb,0.2287,cxcr3_human___1790
rl3r1_human___1997.pdb,0.2524,rl3r1_human___1997
cxcr3_human___2257.pdb,0.2337,cxcr3_human___2257
gasr_human___1283.pdb,0.6734,gasr_human___1283
cxcr1_human___3542.pdb,0.8014,cxcr1_human___3542
npff1_human___5654.pdb,0.6783,npff1_human___5654
ur2r_human___1623.pdb,0.3757,ur2r_human___1623
lgr6_human___582.pdb,0.269,lgr6_human___582
cxcr1_human___1504.pdb,0.3613,cxcr1_human___1504
nk1r_human___1504.pdb,0.4423,nk1r_human___1504
ntr1_human___1152.pdb,0.6219,ntr1_human___1152
gp107_human___1162.pdb,0.2437,gp107_human___1162
ednra_human___1997.pdb,0.7559,ednra_human___1997
fzd6_human___646.pdb,0.2305,fzd6_human___646
cml1_human___681.pdb,0.833,cml1_human___681
nmur2_human___1790.pdb,0.3602,nmur2_human___1790
mchr2_human___1470.pdb,0.7009,mchr2_human___1470
cx3c1_human___817.pdb,0.4871,cx3c1_human___817
ackr2_human___821.pdb,0.1703,ackr2_human___821
gpr37_human___1495.pdb,0.7331,gpr37_human___1495
ednra_human___1623.pdb,0.351,ednra_human___1623
gp107_human___856.pdb,0.2827,gp107_human___856
mchr2_human___3700.pdb,0.7521,mchr2_human___3700
npy1r_human___2089.pdb,0.6597,npy1r_human___2089
qrfpr_human___5895.pdb,0.2054,qrfpr_human___5895
npff2_human___1699.pdb,0.7226,npff2_human___1699
oprx_human___2945.pdb,0.2274,oprx_human___2945
npy4r_human___771.pdb,0.8623,npy4r_human___771
g37l1_human___1681.pdb,0.739,g37l1_human___1681
pth2r_human___1152.pdb,0.2449,pth2r_human___1152
ntr2_human___2156.pdb,0.6459,ntr2_human___2156
grpr_human___612.pdb,0.6182,grpr_human___612
ccr7_human___856.pdb,0.2138,ccr7_human___856
fzd2_human___1643.pdb,0.7164,fzd2_human___1643
npsr1_human___1871.pdb,0.2756,npsr1_human___1871
qrfpr_human___758.pdb,0.8374,qrfpr_human___758
galr3_human___921.pdb,0.6206,galr3_human___921
ox1r_human___1479.pdb,0.6289,ox1r_human___1479
glp2r_human___1152.pdb,0.2355,glp2r_human___1152
mc4r_human___1504.pdb,0.3065,mc4r_human___1504
nk1r_human___687.pdb,0.8718,nk1r_human___687
ssr5_human___808.pdb,0.2695,ssr5_human___808
ednrb_human___1136.pdb,0.6408,ednrb_human___1136
ackr2_human___921.pdb,0.251,ackr2_human___921
ednrb_human___1004.pdb,0.2146,ednrb_human___1004
ur2r_human___1620.pdb,0.7487,ur2r_human___1620
ccr7_human___1504.pdb,0.3183,ccr7_human___1504
c3ar_human___2168.pdb,0.6446,c3ar_human___2168
ox1r_human___613.pdb,0.656,ox1r_human___613
npff1_human___1152.pdb,0.5859,npff1_human___1152
gp107_human___5654.pdb,0.498,gp107_human___5654
nk2r_human___5336.pdb,0.433,nk2r_human___5336
mchr1_human___3542.pdb,0.5881,mchr1_human___3542
ox2r_human___1871.pdb,0.7119,ox2r_human___1871
cx3c1_human___2257.pdb,0.264,cx3c1_human___2257
vipr2_human___1136.pdb,0.2669,vipr2_human___1136
agtr1_human___921.pdb,0.4032,agtr1_human___921
oprd_human___758.pdb,0.7166,oprd_human___758
fzd1_human___921.pdb,0.6515,fzd1_human___921
gipr_human___1136.pdb,0.2264,gipr_human___1136
ackr3_human___2019.pdb,0.7039,ackr3_human___2019
mc4r_human___6067.pdb,0.6739,mc4r_human___6067
npy4r_human___1514.pdb,0.3496,npy4r_human___1514
ccr4_human___3640.pdb,0.7139,ccr4_human___3640
qrfpr_human___821.pdb,0.6075,qrfpr_human___821
galr3_human___644.pdb,0.421,galr3_human___644
trfr_human___2174.pdb,0.6003,trfr_human___2174
fpr3_human___681.pdb,0.6603,fpr3_human___681
mchr2_human___1320.pdb,0.6529,mchr2_human___1320
crfr2_human___1867.pdb,0.4032,crfr2_human___1867
vipr1_human___808.pdb,0.3873,vipr1_human___808
trfr_human___921.pdb,0.7241,trfr_human___921
ntr1_human___1047.pdb,0.759,ntr1_human___1047
nmur1_human___1140.pdb,0.6841,nmur1_human___1140
ccr5_human___5654.pdb,0.6537,ccr5_human___5654
gipr_human___1790.pdb,0.1748,gipr_human___1790
nmbr_human___1152.pdb,0.6449,nmbr_human___1152
nmbr_human___3700.pdb,0.6683,nmbr_human___3700
ssr1_human___2019.pdb,0.5737,ssr1_human___2019
cckar_human___1871.pdb,0.7988,cckar_human___1871
fzd6_human___3548.pdb,0.335,fzd6_human___3548
cxcr5_human___2257.pdb,0.6402,cxcr5_human___2257
mrgx2_human___1157.pdb,0.5024,mrgx2_human___1157
mc5r_human___798.pdb,0.2763,mc5r_human___798
ccr6_human___817.pdb,0.2178,ccr6_human___817
nmbr_human___1047.pdb,0.7168,nmbr_human___1047
cx3c1_human___856.pdb,0.2208,cx3c1_human___856
gpr39_human___856.pdb,0.3005,gpr39_human___856
ednra_human___5654.pdb,0.6129,ednra_human___5654
ccr10_human___1514.pdb,0.5328,ccr10_human___1514
npbw2_human___3548.pdb,0.2274,npbw2_human___3548
acthr_human___4358.pdb,0.7016,acthr_human___4358
crfr2_human___1333.pdb,0.6691,crfr2_human___1333
bkrb2_human___5654.pdb,0.6784,bkrb2_human___5654
glr_human___1272.pdb,0.6474,glr_human___1272
cxcr1_human___819.pdb,0.1678,cxcr1_human___819
g37l1_human___5895.pdb,0.684,g37l1_human___5895
galr3_human___612.pdb,0.6444,galr3_human___612
npy2r_human___2270.pdb,0.6099,npy2r_human___2270
mc4r_human___812.pdb,0.7351,mc4r_human___812
v2r_human___1579.pdb,0.6037,v2r_human___1579
ccr9_human___810.pdb,0.212,ccr9_human___810
lgr4_human___3700.pdb,0.2643,lgr4_human___3700
mc3r_human___1333.pdb,0.647,mc3r_human___1333
qrfpr_human___1790.pdb,0.2671,qrfpr_human___1790
pkr1_human___3548.pdb,0.3001,pkr1_human___3548
oprx_human___1620.pdb,0.7015,oprx_human___1620
fshr_human___1157.pdb,0.236,fshr_human___1157
ccr8_human___861.pdb,0.3084,ccr8_human___861
gpr39_human___2089.pdb,0.4739,gpr39_human___2089
mrgx1_human___4057.pdb,0.738,mrgx1_human___4057
v1ar_human___585.pdb,0.596,v1ar_human___585
npbw2_human___646.pdb,0.5371,npbw2_human___646
lgr6_human___1997.pdb,0.2683,lgr6_human___1997
galr2_human___1479.pdb,0.3984,galr2_human___1479
ntr2_human___6067.pdb,0.3122,ntr2_human___6067
glr_human___2257.pdb,0.2413,glr_human___2257
glp1r_human___3542.pdb,0.1717,glp1r_human___3542
lgr6_human___2270.pdb,0.6921,lgr6_human___2270
ackr3_human___1579.pdb,0.7313,ackr3_human___1579
crfr1_human___1790.pdb,0.8265,crfr1_human___1790
gasr_human___776.pdb,0.3959,gasr_human___776
pacr_human___1790.pdb,0.2001,pacr_human___1790
qrfpr_human___613.pdb,0.647,qrfpr_human___613
glr_human___754.pdb,0.1551,glr_human___754
lgr6_human___3700.pdb,0.6172,lgr6_human___3700
fpr1_human___2019.pdb,0.665,fpr1_human___2019
pkr2_human___1867.pdb,0.2842,pkr2_human___1867
glr_human___6067.pdb,0.5912,glr_human___6067
crfr2_human___921.pdb,0.2055,crfr2_human___921
ghsr_human___3700.pdb,0.8253,ghsr_human___3700
npy5r_human___758.pdb,0.647,npy5r_human___758
npff2_human___1157.pdb,0.4676,npff2_human___1157
sctr_human___1140.pdb,0.2145,sctr_human___1140
ccr3_human___3542.pdb,0.6322,ccr3_human___3542
trfr_human___1152.pdb,0.4248,trfr_human___1152
nmur2_human___817.pdb,0.6516,nmur2_human___817
npy4r_human___1140.pdb,0.7813,npy4r_human___1140
ghsr_human___1272.pdb,0.1651,ghsr_human___1272
oprx_human___5654.pdb,0.7213,oprx_human___5654
ccr9_human___3542.pdb,0.1326,ccr9_human___3542
fpr1_human___612.pdb,0.6713,fpr1_human___612
ccr9_human___3548.pdb,0.2274,ccr9_human___3548
ntr2_human___5336.pdb,0.6956,ntr2_human___5336
npbw2_human___5654.pdb,0.6587,npbw2_human___5654
mrgx2_human___1099.pdb,0.25,mrgx2_human___1099
c3ar_human___2090.pdb,0.637,c3ar_human___2090
ox2r_human___921.pdb,0.4888,ox2r_human___921
nk3r_human___1514.pdb,0.6776,nk3r_human___1514
lgr6_human___5654.pdb,0.2395,lgr6_human___5654
pkr2_human___989.pdb,0.6414,pkr2_human___989
pth2r_human___1099.pdb,0.5355,pth2r_human___1099
ednra_human___1620.pdb,0.4933,ednra_human___1620
gpr37_human___1140.pdb,0.676,gpr37_human___1140
npff2_human___3700.pdb,0.8507,npff2_human___3700
glp1r_human___1157.pdb,0.3543,glp1r_human___1157
grpr_human___2257.pdb,0.6049,grpr_human___2257
ssr2_human___1620.pdb,0.7069,ssr2_human___1620
v1br_human___3548.pdb,0.2301,v1br_human___3548
vipr1_human___1140.pdb,0.2504,vipr1_human___1140
cxcr6_human___2270.pdb,0.5263,cxcr6_human___2270
gp107_human___3700.pdb,0.3359,gp107_human___3700
pacr_human___821.pdb,0.1735,pacr_human___821
fzd2_human___3548.pdb,0.2274,fzd2_human___3548
agtr1_human___646.pdb,0.5628,agtr1_human___646
gnrhr_human___11417.pdb,0.6938,gnrhr_human___11417
nk2r_human___2257.pdb,0.7234,nk2r_human___2257
pacr_human___3643.pdb,0.2458,pacr_human___3643
ackr1_human___573.pdb,0.6733,ackr1_human___573
ghsr_human___1579.pdb,0.6581,ghsr_human___1579
galr2_human___3548.pdb,0.2274,galr2_human___3548
npy2r_human___1157.pdb,0.3922,npy2r_human___1157
oprd_human___1623.pdb,0.3754,oprd_human___1623
fpr1_human___771.pdb,0.7552,fpr1_human___771
ssr5_human___646.pdb,0.3994,ssr5_human___646
pth1r_human___1283.pdb,0.6148,pth1r_human___1283
glp2r_human___3645.pdb,0.2706,glp2r_human___3645
gpr39_human___1047.pdb,0.6298,gpr39_human___1047
cml2_human___1157.pdb,0.3043,cml2_human___1157
pth1r_human___1871.pdb,0.3215,pth1r_human___1871
cxcr5_human___819.pdb,0.125,cxcr5_human___819
lgr6_human___3548.pdb,0.2274,lgr6_human___3548
mchr2_human___1152.pdb,0.6459,mchr2_human___1152
mchr2_human___2019.pdb,0.6072,mchr2_human___2019
ssr3_human___646.pdb,0.427,ssr3_human___646
gasr_human___821.pdb,0.6884,gasr_human___821
mshr_human___2019.pdb,0.4919,mshr_human___2019
crfr1_human___921.pdb,0.2282,crfr1_human___921
gnrhr_human___2257.pdb,0.7553,gnrhr_human___2257
prlhr_human___1514.pdb,0.6537,prlhr_human___1514
cxcr1_human___3643.pdb,0.2501,cxcr1_human___3643
nk3r_human___3640.pdb,0.5801,nk3r_human___3640
trfr_human___3935.pdb,0.7709,trfr_human___3935
ccr5_human___754.pdb,0.1044,ccr5_human___754
mc4r_human___2089.pdb,0.5823,mc4r_human___2089
gnrhr_human___1623.pdb,0.3265,gnrhr_human___1623
v1ar_human___3646.pdb,0.3837,v1ar_human___3646
v1ar_human___821.pdb,0.1972,v1ar_human___821
crfr1_human___687.pdb,0.7383,crfr1_human___687
lgr6_human___4057.pdb,0.5513,lgr6_human___4057
c5ar1_human___921.pdb,0.4784,c5ar1_human___921
oprm_human___3700.pdb,0.8005,oprm_human___3700
crfr2_human___1152.pdb,0.4372,crfr2_human___1152
c5ar2_human___2257.pdb,0.6566,c5ar2_human___2257
npbw1_human___644.pdb,0.532,npbw1_human___644
gpr75_human___2089.pdb,0.3713,gpr75_human___2089
v2r_human___3592.pdb,0.6945,v2r_human___3592
ssr2_human___1623.pdb,0.4257,ssr2_human___1623
gnrhr_human___687.pdb,0.374,gnrhr_human___687
crfr1_human___2174.pdb,0.4464,crfr1_human___2174
nmbr_human___921.pdb,0.6533,nmbr_human___921
acthr_human___3542.pdb,0.2952,acthr_human___3542
ccr1_human___861.pdb,0.2443,ccr1_human___861
fshr_human___4358.pdb,0.4016,fshr_human___4358
calcr_human___1099.pdb,0.6712,calcr_human___1099
npy2r_human___1283.pdb,0.6629,npy2r_human___1283
ccr4_human___1152.pdb,0.6227,ccr4_human___1152
ccr1_human___644.pdb,0.5952,ccr1_human___644
ccr8_human___821.pdb,0.3269,ccr8_human___821
oprx_human___1681.pdb,0.6307,oprx_human___1681
galr1_human___11417.pdb,0.6401,galr1_human___11417
cml2_human___687.pdb,0.6019,cml2_human___687
npbw1_human___3700.pdb,0.9197,npbw1_human___3700
sctr_human___2257.pdb,0.2269,sctr_human___2257
npy1r_human___3700.pdb,0.8,npy1r_human___3700
acthr_human___1790.pdb,0.2451,acthr_human___1790
fpr3_human___3570.pdb,0.5007,fpr3_human___3570
sctr_human___3643.pdb,0.2407,sctr_human___3643
cxcr1_human___3645.pdb,0.1343,cxcr1_human___3645
oprm_human___1643.pdb,0.5093,oprm_human___1643
glr_human___1140.pdb,0.2025,glr_human___1140
ednrb_human___1620.pdb,0.6201,ednrb_human___1620
npbw1_human___3594.pdb,0.5946,npbw1_human___3594
gpr75_human___3548.pdb,0.4105,gpr75_human___3548
fzd1_human___989.pdb,0.3329,fzd1_human___989
mrgx2_human___687.pdb,0.7193,mrgx2_human___687
xcr1_human___687.pdb,0.7113,xcr1_human___687
v1ar_human___2019.pdb,0.6174,v1ar_human___2019
prlhr_human___1504.pdb,0.6488,prlhr_human___1504
lgr5_human___1157.pdb,0.2987,lgr5_human___1157
ghrhr_human___758.pdb,0.6831,ghrhr_human___758
npy1r_human___812.pdb,0.8125,npy1r_human___812
glp1r_human___2945.pdb,0.5065,glp1r_human___2945
mchr1_human___3570.pdb,0.5961,mchr1_human___3570
nmur2_human___2019.pdb,0.6961,nmur2_human___2019
v1br_human___1157.pdb,0.2631,v1br_human___1157
mrgx1_human___4058.pdb,0.6903,mrgx1_human___4058
ccr9_human___2257.pdb,0.2274,ccr9_human___2257
mrgx1_human___1623.pdb,0.4247,mrgx1_human___1623
crfr1_human___3647.pdb,0.6563,crfr1_human___3647
calrl_human___776.pdb,0.8285,calrl_human___776
pth1r_human___3643.pdb,0.2439,pth1r_human___3643
npy5r_human___1681.pdb,0.5773,npy5r_human___1681
npy5r_human___1871.pdb,0.2695,npy5r_human___1871
galr1_human___1157.pdb,0.2337,galr1_human___1157
galr1_human___1479.pdb,0.6202,galr1_human___1479
ednra_human___1867.pdb,0.6793,ednra_human___1867
mrgx1_human___6067.pdb,0.7418,mrgx1_human___6067
ccr10_human___758.pdb,0.2323,ccr10_human___758
ssr1_human___921.pdb,0.6584,ssr1_human___921
glp1r_human___2257.pdb,0.2856,glp1r_human___2257
pth2r_human___1867.pdb,0.7772,pth2r_human___1867
gpr39_human___1152.pdb,0.6267,gpr39_human___1152
cml2_human___2945.pdb,0.3063,cml2_human___2945
cxcr5_human___3645.pdb,0.1099,cxcr5_human___3645
oprd_human___644.pdb,0.2398,oprd_human___644
trfr_human___1470.pdb,0.6708,trfr_human___1470
ccr6_human___681.pdb,0.3429,ccr6_human___681
mrgx2_human___4057.pdb,0.2523,mrgx2_human___4057
ccr1_human___1579.pdb,0.7351,ccr1_human___1579
bkrb2_human___2945.pdb,0.2547,bkrb2_human___2945
cckar_human___1283.pdb,0.6206,cckar_human___1283
fshr_human___1495.pdb,0.8418,fshr_human___1495
par4_human___687.pdb,0.6637,par4_human___687
ackr3_human___810.pdb,0.2285,ackr3_human___810
cxcr6_human___1152.pdb,0.2274,cxcr6_human___1152
kissr_human___1136.pdb,0.6486,kissr_human___1136
glr_human___1162.pdb,0.3632,glr_human___1162
prlhr_human___613.pdb,0.6008,prlhr_human___613
cxcr3_human___758.pdb,0.524,cxcr3_human___758
kissr_human___921.pdb,0.636,kissr_human___921
agtr2_human___646.pdb,0.5827,agtr2_human___646
cxcr5_human___771.pdb,0.2402,cxcr5_human___771
mc3r_human___6067.pdb,0.6531,mc3r_human___6067
galr3_human___1623.pdb,0.2741,galr3_human___1623
kissr_human___812.pdb,0.6846,kissr_human___812
ccr2_human___3645.pdb,0.2201,ccr2_human___3645
ednrb_human___1867.pdb,0.4373,ednrb_human___1867
sctr_human___1790.pdb,0.2293,sctr_human___1790
mchr2_human___11417.pdb,0.6426,mchr2_human___11417
ccr1_human___2089.pdb,0.3747,ccr1_human___2089
galr2_human___1162.pdb,0.6012,galr2_human___1162
glp1r_human___3643.pdb,0.2615,glp1r_human___3643
pth1r_human___1140.pdb,0.236,pth1r_human___1140
ccr8_human___798.pdb,0.2067,ccr8_human___798
rl3r1_human___2945.pdb,0.2399,rl3r1_human___2945
gasr_human___613.pdb,0.6511,gasr_human___613
mrgx2_human___1867.pdb,0.5427,mrgx2_human___1867
pkr2_human___1152.pdb,0.656,pkr2_human___1152
v1ar_human___758.pdb,0.7773,v1ar_human___758
ghrhr_human___1867.pdb,0.7704,ghrhr_human___1867
c5ar1_human___1136.pdb,0.7461,c5ar1_human___1136
mc5r_human___1320.pdb,0.6435,mc5r_human___1320
oprd_human___5654.pdb,0.6476,oprd_human___5654
npbw2_human___1495.pdb,0.6497,npbw2_human___1495
fzd6_human___3646.pdb,0.3333,fzd6_human___3646
cxcr2_human___771.pdb,0.3204,cxcr2_human___771
pacr_human___3594.pdb,0.4425,pacr_human___3594
fzd6_human___644.pdb,0.2465,fzd6_human___644
pth1r_human___1790.pdb,0.1599,pth1r_human___1790
ur2r_human___1495.pdb,0.7395,ur2r_human___1495
npff1_human___3592.pdb,0.3934,npff1_human___3592
cckar_human___687.pdb,0.4506,cckar_human___687
rl3r1_human___3643.pdb,0.5606,rl3r1_human___3643
npff2_human___2945.pdb,0.3658,npff2_human___2945
npy4r_human___1871.pdb,0.5929,npy4r_human___1871
grpr_human___1479.pdb,0.6437,grpr_human___1479
nk3r_human___1298.pdb,0.6406,nk3r_human___1298
qrfpr_human___808.pdb,0.6934,qrfpr_human___808
fzd2_human___817.pdb,0.3433,fzd2_human___817
glp1r_human___1272.pdb,0.8925,glp1r_human___1272
fshr_human___3643.pdb,0.3555,fshr_human___3643
gpr37_human___4058.pdb,0.2578,gpr37_human___4058
lgr5_human___2019.pdb,0.247,lgr5_human___2019
ccr2_human___3570.pdb,0.6869,ccr2_human___3570
glp2r_human___1136.pdb,0.1815,glp2r_human___1136
grpr_human___3594.pdb,0.4079,grpr_human___3594
gasr_human___1504.pdb,0.2639,gasr_human___1504
prlhr_human___2257.pdb,0.6698,prlhr_human___2257
ur2r_human___1681.pdb,0.617,ur2r_human___1681
agtr1_human___1790.pdb,0.7947,agtr1_human___1790
nmur1_human___4057.pdb,0.6757,nmur1_human___4057
nk1r_human___821.pdb,0.6668,nk1r_human___821
gpr37_human___6067.pdb,0.2846,gpr37_human___6067
v1ar_human___2168.pdb,0.6065,v1ar_human___2168
fzd1_human___3548.pdb,0.2274,fzd1_human___3548
nmbr_human___3935.pdb,0.6499,nmbr_human___3935
ssr4_human___1623.pdb,0.323,ssr4_human___1623
npy1r_human___644.pdb,0.6429,npy1r_human___644
nk2r_human___5895.pdb,0.7424,nk2r_human___5895
ssr2_human___1140.pdb,0.6331,ssr2_human___1140
par4_human___1579.pdb,0.2608,par4_human___1579
oprm_human___2945.pdb,0.2274,oprm_human___2945
mtlr_human___754.pdb,0.725,mtlr_human___754
ox1r_human___3735.pdb,0.6231,ox1r_human___3735
pth1r_human___3645.pdb,0.6857,pth1r_human___3645
mchr2_human___3594.pdb,0.2789,mchr2_human___3594
cxcr2_human___3645.pdb,0.1267,cxcr2_human___3645
sctr_human___1136.pdb,0.25,sctr_human___1136
vipr1_human___3640.pdb,0.2805,vipr1_human___3640
sctr_human___3700.pdb,0.8166,sctr_human___3700
mrgx1_human___3735.pdb,0.7277,mrgx1_human___3735
ccr7_human___817.pdb,0.2376,ccr7_human___817
nmur2_human___3570.pdb,0.5781,nmur2_human___3570
mc3r_human___1997.pdb,0.7314,mc3r_human___1997
cx3c1_human___644.pdb,0.6571,cx3c1_human___644
mc3r_human___2089.pdb,0.2179,mc3r_human___2089
gp107_human___1495.pdb,0.6798,gp107_human___1495
ssr1_human___1620.pdb,0.6873,ssr1_human___1620
ssr3_human___921.pdb,0.645,ssr3_human___921
ghrhr_human___613.pdb,0.6079,ghrhr_human___613
npsr1_human___3700.pdb,0.8654,npsr1_human___3700
ccr10_human___855.pdb,0.3697,ccr10_human___855
ackr2_human___2174.pdb,0.4346,ackr2_human___2174
gasr_human___5654.pdb,0.6987,gasr_human___5654
glp2r_human___3643.pdb,0.2275,glp2r_human___3643
ghsr_human___758.pdb,0.725,ghsr_human___758
ccr2_human___2168.pdb,0.5369,ccr2_human___2168
fpr2_human___3548.pdb,0.2711,fpr2_human___3548
calcr_human___1152.pdb,0.5878,calcr_human___1152
bkrb2_human___3700.pdb,0.3736,bkrb2_human___3700
c3ar_human___758.pdb,0.2305,c3ar_human___758
prlhr_human___3700.pdb,0.7756,prlhr_human___3700
xcr1_human___646.pdb,0.3967,xcr1_human___646
galr2_human___11417.pdb,0.6435,galr2_human___11417
ackr2_human___681.pdb,0.2073,ackr2_human___681
fshr_human___2270.pdb,0.6777,fshr_human___2270
ackr3_human___4358.pdb,0.1813,ackr3_human___4358
glp1r_human___1140.pdb,0.2134,glp1r_human___1140
ghsr_human___1470.pdb,0.6454,ghsr_human___1470
ssr4_human___921.pdb,0.6442,ssr4_human___921
gnrhr_human___1162.pdb,0.6225,gnrhr_human___1162
fshr_human___1997.pdb,0.4419,fshr_human___1997
glr_human___1152.pdb,0.2386,glr_human___1152
gipr_human___3542.pdb,0.2172,gipr_human___3542
ccr9_human___758.pdb,0.2172,ccr9_human___758
npbw1_human___1136.pdb,0.2574,npbw1_human___1136
v1br_human___2019.pdb,0.6729,v1br_human___2019
gipr_human___3643.pdb,0.2526,gipr_human___3643
nk1r_human___771.pdb,0.7393,nk1r_human___771
gpr39_human___5336.pdb,0.7364,gpr39_human___5336
cxcr5_human___3700.pdb,0.7719,cxcr5_human___3700
apj_human___613.pdb,0.6407,apj_human___613
bkrb1_human___1283.pdb,0.6562,bkrb1_human___1283
gp107_human___798.pdb,0.6588,gp107_human___798
oprd_human___3594.pdb,0.7678,oprd_human___3594
oprk_human___1620.pdb,0.6586,oprk_human___1620
trfr_human___613.pdb,0.5555,trfr_human___613
mc5r_human___2257.pdb,0.7159,mc5r_human___2257
ssr5_human___1157.pdb,0.3067,ssr5_human___1157
nk3r_human___687.pdb,0.7551,nk3r_human___687
galr1_human___3548.pdb,0.2274,galr1_human___3548
bkrb1_human___3594.pdb,0.785,bkrb1_human___3594
vipr2_human___1140.pdb,0.3591,vipr2_human___1140
agtr1_human___3643.pdb,0.7014,agtr1_human___3643
cxcr6_human___798.pdb,0.2207,cxcr6_human___798
npy4r_human___2089.pdb,0.5069,npy4r_human___2089
ox1r_human___4058.pdb,0.679,ox1r_human___4058
hrh4_human___1272.pdb,0.6483,hrh4_human___1272
prlhr_human___1136.pdb,0.6521,prlhr_human___1136
v2r_human___1490.pdb,0.6591,v2r_human___1490
ccr8_human___754.pdb,0.2004,ccr8_human___754
lgr5_human___3700.pdb,0.3362,lgr5_human___3700
cckar_human___798.pdb,0.466,cckar_human___798
kissr_human___11417.pdb,0.5762,kissr_human___11417
cml1_human___1479.pdb,0.66,cml1_human___1479
ssr5_human___1298.pdb,0.6752,ssr5_human___1298
ssr5_human___11417.pdb,0.6917,ssr5_human___11417
mchr1_human___1298.pdb,0.6318,mchr1_human___1298
agtr2_human___3548.pdb,0.2274,agtr2_human___3548
gpr75_human___1152.pdb,0.638,gpr75_human___1152
par4_human___681.pdb,0.7064,par4_human___681
galr3_human___1790.pdb,0.6591,galr3_human___1790
npy4r_human___2098.pdb,0.5635,npy4r_human___2098
agtr1_human___5654.pdb,0.6936,agtr1_human___5654
pkr2_human___1871.pdb,0.7606,pkr2_human___1871
agtr2_human___1620.pdb,0.6471,agtr2_human___1620
fzd1_human___2945.pdb,0.2274,fzd1_human___2945
fpr1_human___1152.pdb,0.6476,fpr1_human___1152
ackr3_human___1157.pdb,0.2746,ackr3_human___1157
oprk_human___921.pdb,0.6423,oprk_human___921
mrgx2_human___4058.pdb,0.5763,mrgx2_human___4058
ccr4_human___771.pdb,0.2489,ccr4_human___771
nk3r_human___2270.pdb,0.7225,nk3r_human___2270
cxcr4_human___1099.pdb,0.6556,cxcr4_human___1099
ccr8_human___3570.pdb,0.5988,ccr8_human___3570
ackr4_human___855.pdb,0.7815,ackr4_human___855
mtlr_human___5654.pdb,0.3053,mtlr_human___5654
nmur1_human___754.pdb,0.7768,nmur1_human___754
npbw2_human___573.pdb,0.2293,npbw2_human___573
mrgx2_human___5654.pdb,0.6275,mrgx2_human___5654
c5ar1_human___1579.pdb,0.6644,c5ar1_human___1579
agtr2_human___3700.pdb,0.7232,agtr2_human___3700
ssr5_human___5654.pdb,0.6658,ssr5_human___5654
ntr2_human___1997.pdb,0.4063,ntr2_human___1997
mchr2_human___1162.pdb,0.5435,mchr2_human___1162
ccr4_human___1579.pdb,0.6598,ccr4_human___1579
gnrhr_human___2019.pdb,0.6233,gnrhr_human___2019
nk1r_human___2098.pdb,0.6331,nk1r_human___2098
fzd1_human___681.pdb,0.645,fzd1_human___681
ccr7_human___2156.pdb,0.2954,ccr7_human___2156
fzd6_human___758.pdb,0.6231,fzd6_human___758
ackr2_human___1157.pdb,0.3633,ackr2_human___1157
c3ar_human___5654.pdb,0.6057,c3ar_human___5654
agtr1_human___585.pdb,0.6318,agtr1_human___585
ackr4_human___3643.pdb,0.3009,ackr4_human___3643
xcr1_human___2270.pdb,0.5819,xcr1_human___2270
lgr6_human___4358.pdb,0.3019,lgr6_human___4358
calrl_human___681.pdb,0.2078,calrl_human___681
mrgx2_human___3640.pdb,0.7107,mrgx2_human___3640
pkr2_human___1004.pdb,0.6789,pkr2_human___1004
ccr3_human___3700.pdb,0.875,ccr3_human___3700
ackr1_human___798.pdb,0.2036,ackr1_human___798
nmur1_human___1867.pdb,0.2573,nmur1_human___1867
fpr3_human___1152.pdb,0.7828,fpr3_human___1152
fpr2_human___687.pdb,0.7367,fpr2_human___687
nk2r_human___2089.pdb,0.6348,nk2r_human___2089
cxcr2_human___921.pdb,0.2274,cxcr2_human___921
mc5r_human___5895.pdb,0.8052,mc5r_human___5895
hrh4_human___758.pdb,0.7437,hrh4_human___758
ccr6_human___687.pdb,0.6893,ccr6_human___687
c5ar2_human___1162.pdb,0.4849,c5ar2_human___1162
glr_human___1136.pdb,0.1928,glr_human___1136
rl3r1_human___681.pdb,0.7701,rl3r1_human___681
glr_human___3542.pdb,0.1935,glr_human___3542
cxcr4_human___644.pdb,0.4466,cxcr4_human___644
gasr_human___2270.pdb,0.3848,gasr_human___2270
ednrb_human___758.pdb,0.707,ednrb_human___758
ssr3_human___1298.pdb,0.2968,ssr3_human___1298
grpr_human___2019.pdb,0.7159,grpr_human___2019
cml1_human___1047.pdb,0.6394,cml1_human___1047
ccr2_human___921.pdb,0.6373,ccr2_human___921
glp2r_human___2019.pdb,0.6082,glp2r_human___2019
v1ar_human___681.pdb,0.6363,v1ar_human___681
mc5r_human___2270.pdb,0.4008,mc5r_human___2270
crfr1_human___1152.pdb,0.501,crfr1_human___1152
fzd6_human___808.pdb,0.6495,fzd6_human___808
calcr_human___921.pdb,0.5763,calcr_human___921
pkr1_human___1157.pdb,0.5424,pkr1_human___1157
mshr_human___1643.pdb,0.6914,mshr_human___1643
pkr1_human___1867.pdb,0.2496,pkr1_human___1867
cx3c1_human___798.pdb,0.2188,cx3c1_human___798
oxyr_human___3592.pdb,0.6114,oxyr_human___3592
lgr5_human___3548.pdb,0.2274,lgr5_human___3548
npsr1_human___1681.pdb,0.6458,npsr1_human___1681
npbw2_human___644.pdb,0.6281,npbw2_human___644
mshr_human___1136.pdb,0.3063,mshr_human___1136
ackr2_human___758.pdb,0.2492,ackr2_human___758
gasr_human___861.pdb,0.3885,gasr_human___861
