pdb,receptor,uniprot_id,description,class,family,resolution,type,state,ligand_name,ligand_chain,ligand_sequence,ligand_pdb_seq,receptor_chain,receptor_uniprot_seq,receptor_pdb_seq,publication,publication_date,pdb_path,missing_ligand_pos,missing_receptor_pos
7SK4,ackr3_human,P25106,Atypical chemokine receptor 3,Class A (Rhodopsin),Chemokine receptors,3.3,Electron microscopy,Active,Stromal cell-derived factor 1,B,LRHQSLSYRCPCRFFESHVARANVKHLKILNTPNCALQIVARLKNNNRQVCIDPKLKWIQEYLEKALNK,LRHQSLSYRCPCRFFESHVARANVKHLKILNTPNCALQIVARLKNNNRQVCIDPKLKWIQEYLEKALNK,A,MDLHLFDYSEPGNFSDISWPCNSSDCIVVDTVMCPNMPNKSVLLYTLSFIYIFIFVIGMIANSVVVWVNIQAKTTGYDTHCYILNLAIADLWVVLTIPVWVVSLVQHNQWPMGELTCKVTHLIFSINLFGSIFFLTCMSVDRYLSITYFTNTPSSRKKMVRRVVCILVWLLAFCVSLPDTYYLKTVTSASNNETYCRSFYPEHSIKEWLIGMELVSVVLGFAVPFSIIAVFYFLLARAISASSDQEKHSSRKIIFSYVVVFLVCWLPYHVAVLLDIFSILHYIPFTCRLEHALFTALHVTQCLSLVHCCVNPVLYSFINRNYRYELMKAFIFKYSAKTGLTKLIDASRVSETEYSALEQSTK,GAPDLHLFDYSEPGNFSDISWPCNSSDCIVVDTVMCPNMPNKSVLLYTLSFIYIFIFVIGMIANSVVVWVNIQAKTTGYDTHCYILNLAIADLWVVLTIPVWVVSLVQHNQWPMGELTCKVTHLIFSINLFGSIFFLTCMSVDRYLSITYFTNTPSSRKKMVRRVVCILVWLLAFCVSLPDTYYLKTVTSASNNETYCRSFYPEHSIKEWLIGMELVSVVLGFAVPFSIIAVFYFLLARAISASSDQEKHSSRKIIFSYVVVFLVCWLPYHVAVLLDIFSILHYIPFTCRLEHALFTALHVTQCLSLVHCCVNPVLYSFINRNYRYELMKAFIFKYSAKTGLTKLIDASRVSETEYSALEQSTKGRPLEVLFQGPHHHHHHHHHHDYKDDDDK,https://dx.doi.org/10.1126/SCIADV.ABN8063,2022-07-27,/projects/ilfgrid/people/pqh443/Git_projects/GPRC_peptide_benchmarking/structure_benchmark_data/cleaned_pdbs/7SK4_AB.pdb,[],"[-1, 0, 1, 2, 3, 4, 5, 6, 7, 8, 9, 10, 11, 12, 13, 14, 15, 16, 17, 18, 19, 20, 21, 22, 23, 24, 25, 26, 332, 333, 334, 335, 336, 337, 338, 339, 340, 341, 342, 343, 344, 345, 346, 347, 348, 349, 350, 351, 352, 353, 354, 355, 356, 357, 358, 359, 360, 361, 362, 363, 364, 365, 366, 367, 368, 369, 370, 371, 372, 373, 374, 375, 376, 377, 378, 379, 380, 381, 382, 383, 384, 385, 386, 387, 388, 389, 390, 391]"
7SK7,ackr3_human,P25106,Atypical chemokine receptor 3,Class A (Rhodopsin),Chemokine receptors,3.3,Electron microscopy,Active,Stromal cell-derived factor 1,B,YRCPCRFFESHVARANVKHLKILNTPNCALQIVARLKNNNRQVCIDPKLKWIQEYLEKALNK,KPVSLSYRCPCRFFESHVARANVKHLKILNTPNCALQIVARLKNNNRQVCIDPKLKWIQEYLEKALNK,A,MDLHLFDYSEPGNFSDISWPCNSSDCIVVDTVMCPNMPNKSVLLYTLSFIYIFIFVIGMIANSVVVWVNIQAKTTGYDTHCYILNLAIADLWVVLTIPVWVVSLVQHNQWPMGELTCKVTHLIFSINLFGSIFFLTCMSVDRYLSITYFTNTPSSRKKMVRRVVCILVWLLAFCVSLPDTYYLKTVTSASNNETYCRSFYPEHSIKEWLIGMELVSVVLGFAVPFSIIAVFYFLLARAISASSDQEKHSSRKIIFSYVVVFLVCWLPYHVAVLLDIFSILHYIPFTCRLEHALFTALHVTQCLSLVHCCVNPVLYSFINRNYRYELMKAFIFKYSAKTGLTKLIDASRVSETEYSALEQSTK,GAPDLHLFDYSEPGNFSDISWPCNSSDCIVVDTVMCPNMPNKSVLLYTLSFIYIFIFVIGMIANSVVVWVNIQAKTTGYDTHCYILNLAIADLWVVLTIPVWVVSLVQHNQWPMGELTCKVTHLIFSINLFGSIFFLTCMSVDRYLSITYFTNTPSSRKKMVRRVVCILVWLLAFCVSLPDTYYLKTVTSASNNETYCRSFYPEHSIKEWLIGMELVSVVLGFAVPFSIIAVFYFLLARAISASSDQEKHSSRKIIFSYVVVFLVCWLPYHVAVLLDIFSILHYIPFTCRLEHALFTALHVTQCLSLVHCCVNPVLYSFINRNYRYELMKAFIFKYSAKTGLTKLIDASRVSETEYSALEQSTKGRPLEVLFQGPHHHHHHHHHHDYKDDDDK,https://dx.doi.org/10.1126/SCIADV.ABN8063,2022-07-27,/projects/ilfgrid/people/pqh443/Git_projects/GPRC_peptide_benchmarking/structure_benchmark_data/cleaned_pdbs/7SK7_AB.pdb,"[1, 2, 3, 4, 5, 6]","[-1, 0, 1, 2, 3, 4, 5, 6, 7, 8, 9, 10, 11, 12, 13, 14, 15, 16, 17, 18, 19, 20, 21, 22, 23, 24, 25, 72, 73, 74, 75, 76, 77, 78, 79, 149, 150, 151, 152, 153, 154, 155, 238, 239, 240, 241, 242, 243, 244, 245, 246, 247, 248, 249, 320, 321, 322, 323, 324, 325, 326, 327, 328, 329, 330, 331, 332, 333, 334, 335, 336, 337, 338, 339, 340, 341, 342, 343, 344, 345, 346, 347, 348, 349, 350, 351, 352, 353, 354, 355, 356, 357, 358, 359, 360, 361, 362, 363, 364, 365, 366, 367, 368, 369, 370, 371, 372, 373, 374, 375, 376, 377, 378, 379, 380, 381, 382, 383, 384, 385, 386, 387, 388, 389, 390, 391]"
8GY7,acthr_human,Q01718,Adrenocorticotropic hormone receptor,Class A (Rhodopsin),Melanocortin receptors,3.3,Electron microscopy,Active,ACTH,M,SYSMEHFRWGKPVGKKRRPVKVYPNGAEDESAEAFPLEF,SYSMEHFRWGKPVGKKRR,R,MKHIINSYENINNTARNNSDCPRVVLPEEIFFTISIVGVLENLIVLLAVFKNKNLQAPMYFFICSLAISDMLGSLYKILENILIILRNMGYLKPRGSFETTADDIIDSLFVLSLLGSIFSLSVIAADRYITIFHALRYHSIVTMRRTVVVLTVIWTFCTGTGITMVIFSHHVPTVITFTSLFPLMLVFILCLYVHMFLLARSHTRKISTLPRANMKGAITLTILLGVFIFCWAPFVLHVLLMTFCPSNPYCACYMSLFQVNGMLIMCNAVIDPFIYAFRSPELRDAFKKMIFCSRYW,MKTIIALSYIFCLVFAHHHHHHHHHHADLEDNWETLNDNLKVIEKADNAAQVKDALTKMRAAALDAQKATPPKLEDKSPDSPEMKDFRHGFDILVGQIDDALKLANEGKVKEAQAAAEQLKTTRNAYIQKYLKHIINSYENINNTARNNSDCPRVVLPEEIFFTISIVGVLENLIVLLAVFKNKNLQAPMYFFICSLAISDMLGSLYKILENILIILRNMGYLKPRGSFETTADDIIDSLFVLSLLGSIFSLSVIAADRYITIFHALRYHSIVTMRRTVVVLTVIWTFCTGTGITMVIFSHHVPTVITFTSLFPLMLVFILCLYVHMFLLARSHTRKISTLPRANMKGAITLTILLGVFIFCWAPFVLHVLLMTFCPSNPYCACYMSLFQVNGMLIMCNAVIDPFIYAFRSPELRDAFKKMIFCSRYWGSSGGGGSGGGGSSGVFTLEDFVGDWEQTAAYNLDQVLEQGGVSSLLQNLAVSVTPIQRIVRSGENALKIDIHVIIPYEGLSADQMAQIEEVFKVVYPVDDHHFKVILPYGTLVIDGVTPNMLNYFGRPYEGIAVFDGKKITVTGTLWNGNKIIDERLITPDGSMLFRVTINS,https://dx.doi.org/10.1038/S41422-022-00751-6,2023-01-11,/projects/ilfgrid/people/pqh443/Git_projects/GPRC_peptide_benchmarking/structure_benchmark_data/cleaned_pdbs/8GY7_AB.pdb,[],"[-130, -129, -128, -127, -126, -125, -124, -123, -122, -121, -120, -119, -118, -117, -116, -115, -114, -113, -112, -111, -110, -109, -108, -107, -106, -105, -104, -103, -102, -101, -100, -99, -98, -97, -96, -95, -94, -93, -92, -91, -90, -89, -88, -87, -86, -85, -84, -83, -82, -81, -80, -79, -78, -77, -76, -75, -74, -73, -72, -71, -70, -69, -68, -67, -66, -65, -64, -63, -62, -61, -60, -59, -58, -57, -56, -55, -54, -53, -52, -51, -50, -49, -48, -47, -46, -45, -44, -43, -42, -41, -40, -39, -38, -37, -36, -35, -34, -33, -32, -31, -30, -29, -28, -27, -26, -25, -24, -23, -22, -21, -20, -19, -18, -17, -16, -15, -14, -13, -12, -11, -10, -9, -8, -7, -6, -5, -4, -3, -2, -1, 0, 1, 2, 3, 4, 5, 6, 7, 8, 9, 10, 11, 12, 13, 14, 15, 16, 17, 292, 293, 294, 295, 296, 297, 298, 299, 300, 301, 302, 303, 304, 305, 306, 307, 308, 309, 310, 311, 312, 313, 314, 315, 316, 317, 318, 319, 320, 321, 322, 323, 324, 325, 326, 327, 328, 329, 330, 331, 332, 333, 334, 335, 336, 337, 338, 339, 340, 341, 342, 343, 344, 345, 346, 347, 348, 349, 350, 351, 352, 353, 354, 355, 356, 357, 358, 359, 360, 361, 362, 363, 364, 365, 366, 367, 368, 369, 370, 371, 372, 373, 374, 375, 376, 377, 378, 379, 380, 381, 382, 383, 384, 385, 386, 387, 388, 389, 390, 391, 392, 393, 394, 395, 396, 397, 398, 399, 400, 401, 402, 403, 404, 405, 406, 407, 408, 409, 410, 411, 412, 413, 414, 415, 416, 417, 418, 419, 420, 421, 422, 423, 424, 425, 426, 427, 428, 429, 430, 431, 432, 433, 434, 435, 436, 437, 438, 439, 440, 441, 442, 443, 444, 445, 446, 447, 448, 449, 450, 451, 452, 453, 454, 455, 456, 457, 458, 459, 460, 461, 462, 463, 464, 465, 466, 467, 468, 469, 470]"
8IA8,c3ar_human,Q16581,C3a anaphylatoxin chemotactic receptor,Class A (Rhodopsin),Complement peptide receptors,2.86,Electron microscopy,Active,ALA-SER-LYS-LEU-GLY-LEU-ALA-ARG,L,ASKLGLAR,WWGKKYRASKLGLAR,A,MASFSAETNSTDLLSQPWNEPPVILSMVILSLTFLLGLPGNGLVLWVAGLKMQRTVNTIWFLHLTLADLLCCLSLPFSLAHLALQGQWPYGRFLCKLIPSIIVLNMFASVFLLTAISLDRCLVVFKPIWCQNHRNVGMACSICGCIWVVAFVMCIPVFVYREIFTTDNHNRCGYKFGLSSSLDYPDFYGDPLENRSLENIVQPPGEMNDRLDPSSFQTNDHPWTVPTVFQPQTFQRPSADSLPRGSARLTSQNLYSNVFKPADVVSPKIPSGFPIEDHETSPLDNSDAFLSTHLKLFPSASSNSFYESELPQGFQDYYNLGQFTDDDQVPTPLVAITITRLVVGFLLPSVIMIACYSFIVFRMQRGRFAKSQSKTFRVAVVVVAVFLVCWTPYHIFGVLSLLTDPETPLGKTLMSWDHVCIALASANSCFNPFLYALLGKDFRKKARQSIQGILEAAFSEELTRSTHCPSNNVISERNSTTV,MASFSAETNSTDLLSQPWNEPPVILSMVILSLTFLLGLPGNGLVLWVAGLKMQRTVNTIWFLHLTLADLLCCLSLPFSLAHLALQGQWPYGRFLCKLIPSIIVLNMFASVFLLTAISLDRCLVVFKPIWCQNHRNVGMACSICGCIWVVAFVMCIPVFVYREIFTTDNHNRCGYKFGLSSSLDYPDFYGDPLENRSLENIVQPPGEMNDRLDPSSFQTNDHPWTVPTVFQPQTFQRPSADSLPRGSARLTSQNLYSNVFKPADVVSPKIPSGFPIEDHETSPLDNSDAFLSTHLKLFPSASSNSFYESELPQGFQDYYNLGQFTDDDQVPTPLVAITITRLVVGFLLPSVIMIACYSFIVFRMQRGRFAKSQSKTFRVAVVVVAVFLVCWTPYHIFGVLSLLTDPETPLGKTLMSWDHVCIALASANSCFNPFLYALLGKDFRKKARQSIQGILEAAFSEELTRSTHCPSNNVISERNSTTV,,2023-05-24,/projects/ilfgrid/people/pqh443/Git_projects/GPRC_peptide_benchmarking/structure_benchmark_data/cleaned_pdbs/8IA8_AB.pdb,"[2, 3, 4, 5, 6, 7, 8]","[1, 2, 3, 4, 5, 6, 7, 8, 9, 10, 11, 12, 13, 14, 15, 16, 17, 178, 179, 180, 181, 182, 183, 184, 185, 186, 187, 188, 189, 190, 191, 192, 193, 194, 195, 196, 197, 198, 199, 200, 201, 202, 203, 204, 205, 206, 207, 208, 209, 210, 211, 212, 213, 214, 215, 216, 217, 218, 219, 220, 221, 222, 223, 224, 225, 226, 227, 228, 229, 230, 231, 232, 233, 234, 235, 236, 237, 238, 239, 240, 241, 242, 243, 244, 245, 246, 247, 248, 249, 250, 251, 252, 253, 254, 255, 256, 257, 258, 259, 260, 261, 262, 263, 264, 265, 266, 267, 268, 269, 270, 271, 272, 273, 274, 275, 276, 277, 278, 279, 280, 281, 282, 283, 284, 285, 286, 287, 288, 289, 290, 291, 292, 293, 294, 295, 296, 297, 298, 299, 300, 301, 302, 303, 304, 305, 306, 307, 308, 309, 310, 311, 312, 313, 314, 315, 316, 317, 318, 319, 320, 321, 322, 323, 324, 325, 326, 327, 328, 455, 456, 457, 458, 459, 460, 461, 462, 463, 464, 465, 466, 467, 468, 469, 470, 471, 472, 473, 474, 475, 476, 477, 478, 479, 480, 481, 482]"
8HK2,c3ar_human,Q16581,C3a anaphylatoxin chemotactic receptor,Class A (Rhodopsin),Complement peptide receptors,2.9,Electron microscopy,Active,C3a anaphylatoxin,D,SVQLTEKRMDKVGKYPKELRKCCEDGMRENPMRFSCQRRTRFIACKKVFLDCCNYITELRRQHARASHLGLAR,SVQLTEKRMDKVGKYPKELRKCCEDGMRENPMRFSCQRRTRFISLGEACKKVFLDCCNYITELRRQHARASHLGLAR,A,MASFSAETNSTDLLSQPWNEPPVILSMVILSLTFLLGLPGNGLVLWVAGLKMQRTVNTIWFLHLTLADLLCCLSLPFSLAHLALQGQWPYGRFLCKLIPSIIVLNMFASVFLLTAISLDRCLVVFKPIWCQNHRNVGMACSICGCIWVVAFVMCIPVFVYREIFTTDNHNRCGYKFGLSSSLDYPDFYGDPLENRSLENIVQPPGEMNDRLDPSSFQTNDHPWTVPTVFQPQTFQRPSADSLPRGSARLTSQNLYSNVFKPADVVSPKIPSGFPIEDHETSPLDNSDAFLSTHLKLFPSASSNSFYESELPQGFQDYYNLGQFTDDDQVPTPLVAITITRLVVGFLLPSVIMIACYSFIVFRMQRGRFAKSQSKTFRVAVVVVAVFLVCWTPYHIFGVLSLLTDPETPLGKTLMSWDHVCIALASANSCFNPFLYALLGKDFRKKARQSIQGILEAAFSEELTRSTHCPSNNVISERNSTTV,MASFSAETNSTDLLSQPWNEPPVILSMVILSLTFLLGLPGNGLVLWVAGLKMQRTVNTIWFLHLTLADLLCCLSLPFSLAHLALQGQWPYGRFLCKLIPSIIVLNMFASVFLLTAISLDRCLVVFKPIWCQNHRNVGMACSICGCIWVVAFVMCIPVFVYREIFTTDNHNRCGYKFGLSSSLDYPDFYGDPLENRSLENIVQPPGEMNDRLDPSSFQTNDHPWTVPTVFQPQTFQRPSADSLPRGSARLTSQNLYSNVFKPADVVSPKIPSGFPIEDHETSPLDNSDAFLSTHLKLFPSASSNSFYESELPQGFQDYYNLGQFTDDDQVPTPLVAITITRLVVGFLLPSVIMIACYSFIVFRMQRGRFAKSQSKTFRVAVVVVAVFLVCWTPYHIFGVLSLLTDPETPLGKTLMSWDHVCIALASANSCFNPFLYALLGKDFRKKARQSIQGILEAAFSEELTRSTHCPSNNVISE,https://dx.doi.org/10.1038/S41589-023-01339-W,2023-05-10,/projects/ilfgrid/people/pqh443/Git_projects/GPRC_peptide_benchmarking/structure_benchmark_data/cleaned_pdbs/8HK2_AB.pdb,"[44, 45, 46, 47]","[1, 2, 3, 4, 5, 6, 7, 8, 9, 10, 11, 12, 13, 14, 15, 16, 17, 176, 177, 178, 179, 180, 181, 182, 183, 184, 185, 186, 187, 188, 189, 190, 191, 192, 193, 194, 195, 196, 197, 198, 199, 200, 201, 202, 203, 204, 205, 206, 207, 208, 209, 210, 211, 212, 213, 214, 215, 216, 217, 218, 219, 220, 221, 222, 223, 224, 225, 226, 227, 228, 229, 230, 231, 232, 233, 234, 235, 236, 237, 238, 239, 240, 241, 242, 243, 244, 245, 246, 247, 248, 249, 250, 251, 252, 253, 254, 255, 256, 257, 258, 259, 260, 261, 262, 263, 264, 265, 266, 267, 268, 269, 270, 271, 272, 273, 274, 275, 276, 277, 278, 279, 280, 281, 282, 283, 284, 285, 286, 287, 288, 289, 290, 291, 292, 293, 294, 295, 296, 297, 298, 299, 300, 301, 302, 303, 304, 305, 306, 307, 308, 309, 310, 311, 312, 313, 314, 315, 316, 317, 318, 319, 320, 321, 322, 323, 324, 325, 326, 327, 328, 455, 456, 457, 458, 459, 460, 461, 462, 463, 464, 465, 466, 467, 468, 469, 470, 471, 472, 473, 474, 475, 476]"
7XA3,ccr2_human,P41597,C-C chemokine receptor type 2,Class A (Rhodopsin),Chemokine receptors,2.9,Electron microscopy,Active,C-C motif chemokine 2,L,QPDAINAPVTCCYNFTNRKISVQRLASYRRITSSKCPKEAVIFKTIVAKEICADPKQKWVQDSMDHLDK,QPDAINAPVTCCYNFTNRKISVQRLASYRRITSSKCPKEAVIFKTIVAKEICADPKQKWVQDSMDHLDK,R,MLSTSRSRFIRNTNESGEEVTTFFDYDYGAPCHKFDVKQIGAQLLPPLYSLVFIFGFVGNMLVVLILINCKKLKCLTDIYLLNLAISDLLFLITLPLWAHSAANEWVFGNAMCKLFTGLYHIGYFGGIFFIILLTIDRYLAIVHAVFALKARTVTFGVVTSVITWLVAVFASVPGIIFTKCQKEDSVYVCGPYFPRGWNNFHTIMRNILGLVLPLLIMVICYSGILKTLLRCRNEKKRHRAVRVIFTIMIVYFLFWTPYNIVILLNTFQEFFGLSNCESTSQLDQATQVTETLGMTHCCINPIIYAFVGEKFRSLFHIALGCRIAPLQKPVCGGPGVRPGKNVKVTTQGLLDGRGKGKSIGRAPEASLQDKEGA,MLSTSRSRFIRNTNESGEEVTTFFDYDYGAPCHKFDVKQIGAQLLPPLYSLVFIFGFVGNMLVVLILINCKKLKCLTDIYLLNLAISDLLFLITLPLWAHSAANEWVFGNAMCKLFTGLYHIGYFGGIFFIILLTIDRYLAIVHAVFALKARTVTFGVVTSVITWLVAVFASVPGIIFTKCQKEDSVYVCGPYFPRGWNNFHTIMRNILGLVLPLLIMVICYSGILKTLLRCRNEKKRHRAVRVIFTIMIVYFLFWTPYNIVILLNTFQEFFGLSNCESTSQLDQATQVTETLGMTHCCINPIIYAFVGEKFRRYLSVFFRKHITKRFCKQCPVFYRETVDGVTSTNTPSTGEQEVSAGL,https://dx.doi.org/10.1038/S41421-022-00403-4,2022-08-24,/projects/ilfgrid/people/pqh443/Git_projects/GPRC_peptide_benchmarking/structure_benchmark_data/cleaned_pdbs/7XA3_AB.pdb,[],"[1, 2, 3, 4, 5, 6, 7, 8, 9, 10, 11, 12, 13, 14, 15, 16, 17, 18, 19, 20, 21, 22, 23, 24, 25, 26, 27, 28, 324, 325, 326, 327, 328, 329, 330, 331, 332, 333, 334, 335, 336, 337, 338, 339, 340, 341, 342, 343, 344, 345, 346, 347, 348, 349, 350, 351, 352, 353, 354, 355, 356, 357, 358, 359, 360]"
7YKD,cml1_human,Q99788,Chemerin-like receptor 1,Class A (Rhodopsin),Chemerin receptor,2.81,Electron microscopy,Active,chemerin C-terminal peptide,L,YFPGQFAFS,YFPGQFAFS,A,MRMEDEDYNTSISYGDEYPDYLDSIVVLEDLSPLEARVTRIFLVVVYSIVCFLGILGNGLVIIIATFKMKKTVNMVWFLNLAVADFLFNVFLPIHITYAAMDYHWVFGTAMCKISNFLLIHNMFTSVFLLTIISSDRCISVLLPVWSQNHRSVRLAYMACMVIWVLAFFLSSPSLVFRDTANLHGKISCFNNFSLSTPGSSSWPTHSQMDPVGYSRHMVVTVTRFLCGFLVPVLIITACYLTIVCKLQRNRLAKTKKPFKIIVTIIITFFLCWCPYHTLNLLELHHTAMPGSVFSLGLPLATALAIANSCMNPILYVFMGQDFKKFKVALFSRLVNALSEDTGHSSYPSHRSFTKMSSMNERTSMNERETGML,MRMEDEDYNTSISYGDEYPDYLDSIVVLEDLSPLEARVTRIFLVVVYSIVCFLGILGNGLVIIIATFKMKKTVNMVWFLNLAVADFLFNVFLPIHITYAAMDYHWVFGTAMCKISNFLLIHNMFTSVFLLTIISSDRCISVLLPVWSQNHRSVRLAYMACMVIWVLAFFLSSPSLVFRDTANLHGKISCFNNFSLSTPGSSSWPTHSQMDPVGYSRHMVVTVTRFLCGFLVPVLIITACYLTIVCKLQRNRLAKTKKPFKIIVTIIITFFLCWCPYHTLNLLELHHTAMPGSVFSLGLPLATALAIANSCMNPILYVFMGQDFKKFKVALFSRLVNALSEDTGHSSYPSHRSFTKMSSMNERTSMNERETGML,https://dx.doi.org/10.1073/PNAS.2214324120,2023-04-19,/projects/ilfgrid/people/pqh443/Git_projects/GPRC_peptide_benchmarking/structure_benchmark_data/cleaned_pdbs/7YKD_AB.pdb,[],"[1, 2, 3, 4, 5, 6, 7, 8, 9, 10, 11, 12, 13, 14, 15, 16, 17, 18, 19, 20, 21, 22, 23, 24, 25, 26, 27, 28, 29, 30, 31, 32, 33, 197, 198, 199, 200, 201, 202, 203, 204, 205, 206, 207, 208, 209, 329, 330, 331, 332, 333, 334, 335, 336, 337, 338, 339, 340, 341, 342, 343, 344, 345, 346, 347, 348, 349, 350, 351, 352, 353, 354, 355, 356, 357, 358, 359, 360, 361, 362, 363, 364, 365, 366, 367, 368, 369, 370, 371, 372, 373]"
8IC0,cxcr1_human,P25024,C-X-C chemokine receptor type 1,Class A (Rhodopsin),Chemokine receptors,3.41,Electron microscopy,Active,Interleukin-8,F,AVLPRSAKELRCQCIKTYSKPFHPKFIKELRVIESGPHCANTEIIVKLSDGRELCLDPKENWVQRVVEKFLKRAENS,SAKELRCQCIKTYSKPFHPKFIKELRVIESGPHCANTEIIVKLSDGRELCLDPKENWVQRVVEKFLKRAENS,A,MSNITDPQMWDFDDLNFTGMPPADEDYSPCMLETETLNKYVVIIAYALVFLLSLLGNSLVMLVILYSRVGRSVTDVYLLNLALADLLFALTLPIWAASKVNGWIFGTFLCKVVSLLKEVNFYSGILLLACISVDRYLAIVHATRTLTQKRHLVKFVCLGCWGLSMNLSLPFFLFRQAYHPNNSSPVCYEVLGNDTAKWRMVLRILPHTFGFIVPLFVMLFCYGFTLRTLFKAHMGQKHRAMRVIFAVVLIFLLCWLPYNLVLLADTLMRTQVIQESCERRNNIGRALDATEILGFLHSCLNPIIYAFIGQNFRHGFLKILAMHGLVSKEFLARHRVTSYTSSSVNVSSNL,MSNITDPQMWDFDDLNFTGMPPADEDYSPCMLETETLNKYVVIIAYALVFLLSLLGNSLVMLVILYSRVGRSVTDVYLLNLALADLLFALTLPIWAASKVNGWIFGTFLCKVVSLLKEVNFYSGILLLACISVDRYLAIVHATRTLTQKRHLVKFVCLGCWGLSMNLSLPFFLFRQAYHPNNSSPVCYEVLGNDTAKWRMVLRILPHTFGFIVPLFVMLFCYGFTLRTLFKAHMGQKHRAMRVIFAVVLIFLLCWLPYNLVLLADTLMRTQVIQESCERRNNIGRALDATEILGFLHSCLNPIIYAFIGQNFRHGFLKILAMHGLVSKEFLARHRVTSYTSSSVNVSSNLHHHHHHHH,https://dx.doi.org/10.1038/S41467-023-39799-2,2023-07-19,/projects/ilfgrid/people/pqh443/Git_projects/GPRC_peptide_benchmarking/structure_benchmark_data/cleaned_pdbs/8IC0_AB.pdb,"[70, 71, 72]","[1, 2, 3, 4, 5, 6, 7, 8, 9, 10, 11, 12, 13, 14, 15, 16, 17, 18, 19, 20, 323, 324, 325, 326, 327, 328, 329, 330, 331, 332, 333, 334, 335, 336, 337, 338, 339, 340, 341, 342, 343, 344, 345, 346, 347, 348, 349, 350, 351, 352, 353, 354, 355, 356, 357, 358]"
8HCQ,ednra_human,P25101,Endothelin-1 receptor,Class A (Rhodopsin),Endothelin receptors,3.01,Electron microscopy,Active,ENDOTHELIN,L,CSCSSLMDKECVYFCHLDIIW,CSCSSLMDKECVYFCHLDIIW,R,DNPERYSTNLSNHVDDFTTFRGTELSFLVTTHQPTNLVLPSNGSMHNYCPQQTKITSAFKYINTVISCTIFIVGMVGNATLLRIIYQNKCMRNGPNALIASLALGDLIYVVIDLPINVFKLLAGRWPFDHNDFGVFLCKLFPFLQKSSVGITVLNLCALSVDRYRAVASWSRVQGIGIPLVTAIEIVSIWILSFILAIPEAIGFVMVPFEYRGEQHKTCMLNATSKFMEFYQDVKDWWLFGFYFCMPLVCTAIFYTLMTCEMLNRRNGSLRIALSEHLKQRREVAKTVFCLVVIFALCWFPLHLSRILKKTVYNEMDKNRCELLSFLLLMDYIGINLATMNSCINPIALYFVSKKFKNCFQSCLCCCCYQSKSLMTSVPMNGTSIQWKNHDQNNHNTDRSSHKDSMN,MDSKGSSQKGSRLLLLLVVSNLLLCQGVVSDYKDDDDVDMGQPGNGSAFLLAPNGSHAPDHDVTQQRDEENLYFQGASDNPERYSTNLSNHVDDFTTFRGTELSFLVTTHQPTNLVLPSNGSMHNYCPQQTKITSAFKYINTVISCTIFIVGMVGNATLLRIIYQNKCMRNGPNALIASLALGDLIYVVIDLPINVFKLLAGRWPFDHNDFGVFLCKLFPFLQKSSVGITVLNLCALSVDRYRAVASWSRVQGIGIPLVTAIEIVSIWILSFILAIPEAIGFVMVPFEYRGEQHKTCMLNATSKFMEFYQDVKDWWLFGFYFCMPLVCTAIFYTLMTCEMLNRRNGSLRIALSEHLKQRREVAKTVFCLVVIFALCWFPLHLSRILKKTVYNEMDKNRCELLSFLLLMDYIGINLATMNSCINPIALYFVSKKFKNCFQSCLCCCCYQSKSLMTSVPMNGTSIQVFTLEDFVGDWEQTAAYNLDQVLEQGGVSSLLQNLAVSVTPIQRIVRSGENALKIDIHVIIPYEGLSADQMAQIEEVFKVVYPVDDHHFKVILPYGTLVIDGVTPNMLNYFGRPYEGIAVFDGKKITVTGTLWNGNKIIDERLITPDGSMLFRVTINS,,2023-03-22,/projects/ilfgrid/people/pqh443/Git_projects/GPRC_peptide_benchmarking/structure_benchmark_data/cleaned_pdbs/8HCQ_AB.pdb,[],"[-57, -56, -55, -54, -53, -52, -51, -50, -49, -48, -47, -46, -45, -44, -43, -42, -41, -40, -39, -38, -37, -36, -35, -34, -33, -32, -31, -30, -29, -28, -27, -26, -25, -24, -23, -22, -21, -20, -19, -18, -17, -16, -15, -14, -13, -12, -11, -10, -9, -8, -7, -6, -5, -4, -3, -2, -1, 0, 1, 2, 3, 4, 5, 6, 7, 8, 9, 10, 11, 12, 13, 14, 15, 16, 17, 18, 19, 20, 21, 22, 23, 24, 25, 26, 27, 28, 29, 30, 31, 32, 33, 34, 35, 36, 37, 38, 39, 40, 41, 42, 43, 44, 45, 46, 47, 48, 49, 50, 51, 52, 53, 54, 55, 56, 57, 58, 59, 60, 61, 62, 63, 64, 65, 285, 286, 287, 288, 289, 290, 291, 292, 293, 334, 379, 380, 381, 382, 383, 384, 385, 386, 387, 388, 389, 390, 391, 392, 393, 394, 395, 396, 397, 398, 399, 400, 401, 402, 403, 404, 405, 406, 407, 408, 409, 410, 411, 412, 413, 414, 415, 416, 417, 418, 419, 420, 421, 422, 423, 424, 425, 426, 427, 428, 429, 430, 431, 432, 433, 434, 435, 436, 437, 438, 439, 440, 441, 442, 443, 444, 445, 446, 447, 448, 449, 450, 451, 452, 453, 454, 455, 456, 457, 458, 459, 460, 461, 462, 463, 464, 465, 466, 467, 468, 469, 470, 471, 472, 473, 474, 475, 476, 477, 478, 479, 480, 481, 482, 483, 484, 485, 486, 487, 488, 489, 490, 491, 492, 493, 494, 495, 496, 497, 498, 499, 500, 501, 502, 503, 504, 505, 506, 507, 508, 509, 510, 511, 512, 513, 514, 515, 516, 517, 518, 519, 520, 521, 522, 523, 524, 525, 526, 527, 528, 529, 530, 531, 532, 533, 534, 535, 536, 537, 538, 539, 540, 541, 542, 543, 544, 545, 546, 547, 548, 549, 550, 551, 552, 553, 554, 555, 556, 557, 558, 559, 560, 561, 562, 563, 564]"
7WQ3,galr1_human,P47211,Galanin receptor type 1,Class A (Rhodopsin),Galanin receptors,2.7,Electron microscopy,Active,galanin,L,GWTLNSAGYLLGPHAVGNHRSFSDKNGLTS,GWTLNSAGYLLGPHAVGNHRSFSDKNGLTS,R,MELAVGNLSEGNASWPEPPAPEPGPLFGIGVENFVTLVVFGLIFALGVLGNSLVITVLARSKPGKPRSTTNLFILNLSIADLAYLLFCIPFQATVYALPTWVLGAFICKFIHYFFTVSMLVSIFTLAAMSVDRYVAIVHSRRSSSLRVSRNALLGVGCIWALSIAMASPVAYHQGLFHPRASNQTFCWEQWPDPRHKKAYVVCTFVFGYLLPLLLICFCYAKVLNHLHKKLKNMSKKSEASKKKTAQTVLVVVVVFGISWLPHHIIHLWAEFGVFPLTPASFLFRITAHCLAYSNSSVNPIIYAFLSENFRKAYKQVFKCHIRKDSHLSDTKESKSRIDTPPSTNCTHV,MELAVGNLSEGNASWPEPPAPEPGPLFGIGVENFVTLVVFGLIFALGVLGNSLVITVLARSKPGKPRSTTNLFILNLSIADLAYLLFCIPFQATVYALPTWVLGAFICKFIHYFFTVSMLVSIFTLAAMSVDRYVAIVHSRRSSSLRVSRNALLGVGCIWALSIAMASPVAYHQGLFHPRASNQTFCWEQWPDPRHKKAYVVCTFVFGYLLPLLLICFCYAKVLNHLHKKLKNMSKKSEASKKKTAQTVLVVVVVFGISWLPHHIIHLWAEFGVFPLTPASFLFRITAHCLAYSNSSVNPIIYAFLSENFRKAYKQVFKCHIRKDSHLSDTKESKSRIDTPPSTNCTHV,https://dx.doi.org/10.1038/S41467-022-29072-3,2022-04-20,/projects/ilfgrid/people/pqh443/Git_projects/GPRC_peptide_benchmarking/structure_benchmark_data/cleaned_pdbs/7WQ3_AB.pdb,"[17, 18, 19, 20, 21, 22, 23, 24, 25, 26, 27, 28, 29, 30]","[1, 2, 3, 4, 5, 6, 7, 8, 9, 10, 11, 12, 13, 14, 15, 16, 17, 18, 19, 20, 21, 22, 23, 24, 25, 26, 27, 28, 29, 30, 31, 321, 322, 323, 324, 325, 326, 327, 328, 329, 330, 331, 332, 333, 334, 335, 336, 337, 338, 339, 340, 341, 342, 343, 344, 345, 346, 347, 348, 349]"
7XJJ,galr1_human,P47211,Galanin receptor type 1,Class A (Rhodopsin),Galanin receptors,3.3,Electron microscopy,Active,galanin,C,GWTLNSAGYLLGPHAVGNHRSFSDKNGLTS,GWTLNSAGYLLGPHAVGNHRSFSDKNGLTS,E,MELAVGNLSEGNASWPEPPAPEPGPLFGIGVENFVTLVVFGLIFALGVLGNSLVITVLARSKPGKPRSTTNLFILNLSIADLAYLLFCIPFQATVYALPTWVLGAFICKFIHYFFTVSMLVSIFTLAAMSVDRYVAIVHSRRSSSLRVSRNALLGVGCIWALSIAMASPVAYHQGLFHPRASNQTFCWEQWPDPRHKKAYVVCTFVFGYLLPLLLICFCYAKVLNHLHKKLKNMSKKSEASKKKTAQTVLVVVVVFGISWLPHHIIHLWAEFGVFPLTPASFLFRITAHCLAYSNSSVNPIIYAFLSENFRKAYKQVFKCHIRKDSHLSDTKESKSRIDTPPSTNCTHV,DYKDDDDKGSMELAVGNLSEGNASWPEPPAPEPGPLFGIGVENFVTLVVFGLIFALGVLGNSLVITVLARSKPGKPRSTTNLFILNLSIADLAYLLFCIPFQATVYALPTWVLGAFICKFIHYFFTVSMLVSIFTLAAMSVDRYVAIVHSRRSSSLRVSRNALLGVGCIWALSIAMASPVAYHQGLFHPRASNQTFCWEQWPDPRHKKAYVVCTFVFGYLLPLLLICFCYAKVLNHLHKKLKNMSKKSEASKKKTAQTVLVVVVVFGISWLPHHIIHLWAEFGVFPLTPASFLFRITAHCLAYSNSSVNPIIYAFLSENFRKAYKQVFKCHIGGGGGGAGALEVLFQ,,2023-05-03,/projects/ilfgrid/people/pqh443/Git_projects/GPRC_peptide_benchmarking/structure_benchmark_data/cleaned_pdbs/7XJJ_AB.pdb,"[18, 19, 20, 21, 22, 23, 24, 25, 26, 27, 28, 29, 30]","[-9, -8, -7, -6, -5, -4, -3, -2, -1, 0, 1, 2, 3, 4, 5, 6, 7, 8, 9, 10, 11, 12, 13, 14, 15, 16, 17, 18, 19, 20, 21, 22, 23, 24, 25, 26, 27, 28, 29, 30, 31, 32, 60, 61, 62, 63, 64, 65, 66, 67, 142, 143, 144, 145, 146, 147, 181, 182, 318, 319, 320, 321, 322, 323, 324, 325, 326, 327, 328, 329, 330, 331, 332, 333, 334, 335, 336, 337]"
7WQ4,galr2_human,O43603,Galanin receptor type 2,Class A (Rhodopsin),Galanin receptors,2.6,Electron microscopy,Active,galanin,L,GWTLNSAGYLLGPHAVGNHRSFSDKNGLTS,GWTLNSAGYLLGPHAVGNHRSFSDKNGLTS,R,MNVSGCPGAGNASQAGGGGGWHPEAVIVPLLFALIFLVGTVGNTLVLAVLLRGGQAVSTTNLFILNLGVADLCFILCCVPFQATIYTLDGWVFGSLLCKAVHFLIFLTMHASSFTLAAVSLDRYLAIRYPLHSRELRTPRNALAAIGLIWGLSLLFSGPYLSYYRQSQLANLTVCHPAWSAPRRRAMDICTFVFSYLLPVLVLGLTYARTLRYLWRAVDPVAAGSGARRAKRKVTRMILIVAALFCLCWMPHHALILCVWFGQFPLTRATYALRILSHLVSYANSCVNPIVYALVSKHFRKGFRTICAGLLGRAPGRASGRVCAAARGTHSGSVLERESSDLLHMSEAAGALRPCPGASQPCILEPCPGPSWQGPKAGDSILTVDVA,MNVSGCPGAGNASQAGGGGGWHPEAVIVPLLFALIFLVGTVGNTLVLAVLLRGGQAVSTTNLFILNLGVADLCFILCCVPFQATIYTLDGWVFGSLLCKAVHFLIFLTMHASSFTLAAVSLDRYLAIRYPLHSRELRTPRNALAAIGLIWGLSLLFSGPYLSYYRQSQLANLTVCHPAWSAPRRRAMDICTFVFSYLLPVLVLGLTYARTLRYLWRAVDPVAAGSGARRAKRKVTRMILIVAALFCLCWMPHHALILCVWFGQFPLTRATYALRILSHLVSYANSCVNPIVYALVSKHFRKGFRTICAGLLGRAPGRASGRVCAAARGTHSGSVLERESSDLLHMSEAAGALRPCPGASQPCILEPCPGPSWQGPKAGDSILTVDVA,,2022-04-20,/projects/ilfgrid/people/pqh443/Git_projects/GPRC_peptide_benchmarking/structure_benchmark_data/cleaned_pdbs/7WQ4_AB.pdb,"[14, 15, 16, 17, 18, 19, 20, 21, 22, 23, 24, 25, 26, 27, 28, 29, 30]","[1, 2, 3, 4, 5, 6, 7, 8, 9, 10, 11, 12, 13, 14, 15, 16, 17, 18, 19, 20, 21, 219, 220, 221, 222, 308, 309, 310, 311, 312, 313, 314, 315, 316, 317, 318, 319, 320, 321, 322, 323, 324, 325, 326, 327, 328, 329, 330, 331, 332, 333, 334, 335, 336, 337, 338, 339, 340, 341, 342, 343, 344, 345, 346, 347, 348, 349, 350, 351, 352, 353, 354, 355, 356, 357, 358, 359, 360, 361, 362, 363, 364, 365, 366, 367, 368, 369, 370, 371, 372, 373, 374, 375, 376, 377, 378, 379, 380, 381, 382, 383, 384, 385, 386, 387]"
7XJK,galr2_human,O43603,Galanin receptor type 2,Class A (Rhodopsin),Galanin receptors,3.3,Electron microscopy,Active,"Galanin, Human",A,GWTLNSAGYLLGPHAV,GWTLNSAGYLLGPHAVGNHRSFSDKNGLTS,F,MNVSGCPGAGNASQAGGGGGWHPEAVIVPLLFALIFLVGTVGNTLVLAVLLRGGQAVSTTNLFILNLGVADLCFILCCVPFQATIYTLDGWVFGSLLCKAVHFLIFLTMHASSFTLAAVSLDRYLAIRYPLHSRELRTPRNALAAIGLIWGLSLLFSGPYLSYYRQSQLANLTVCHPAWSAPRRRAMDICTFVFSYLLPVLVLGLTYARTLRYLWRAVDPVAAGSGARRAKRKVTRMILIVAALFCLCWMPHHALILCVWFGQFPLTRATYALRILSHLVSYANSCVNPIVYALVSKHFRKGFRTICAGLLGRAPGRASGRVCAAARGTHSGSVLERESSDLLHMSEAAGALRPCPGASQPCILEPCPGPSWQGPKAGDSILTVDVA,DYKDDDDKGSMNVSGCPGAGNASQAGGGGGWHPEAVIVPLLFALIFLVGTVGNTLVLAVLLRGGQAVSTTNLFILNLGVADLCFILCCVPFQATIYTLDGWVFGSLLCKAVHFLIFLTMHASSFTLAAVSLDRYLAIRYPLHSRELRTPRNALAAIGLIWGLSLLFSGPYLSYYQQSQLANLTVCHPAWSAPRRRAMDICTFVFSYLLPVLVLGLTYARTLRYLWRAVDPVAAGSGARRAKRKVTRMILIVAALFCLCWMPHHALILCVWFGQFPLTRATYALRILSHLVSYANSCVNPIVYALVSKHFRKGFRTICAGLLGRAGSLEVLFQ,,2022-06-29,/projects/ilfgrid/people/pqh443/Git_projects/GPRC_peptide_benchmarking/structure_benchmark_data/cleaned_pdbs/7XJK_AB.pdb,"[17, 18, 19, 20, 21, 22, 23, 24, 25, 26, 27, 28, 29, 30]","[-9, -8, -7, -6, -5, -4, -3, -2, -1, 0, 1, 2, 3, 4, 5, 6, 7, 8, 9, 10, 11, 12, 13, 14, 15, 16, 17, 18, 19, 20, 21, 22, 217, 218, 219, 220, 221, 222, 223, 308, 309, 310, 311, 312, 313, 314, 315, 316, 317, 318, 319, 320, 321, 322]"
7W40,grpr_human,P30550,Gastrin-releasing peptide receptor,Class A (Rhodopsin),Bombesin receptors,3.0,Electron microscopy,Active,Bombesin,E,XQWAVXHFX,FQWAVAHFL,A,MALNDCFLLNLEVDHFMHCNISSHSADLPVNDDWSHPGILYVIPAVYGVIILIGLIGNITLIKIFCTVKSMRNVPNLFISSLALGDLLLLITCAPVDASRYLADRWLFGRIGCKLIPFIQLTSVGVSVFTLTALSADRYKAIVRPMDIQASHALMKICLKAAFIWIISMLLAIPEAVFSDLHPFHEESTNQTFISCAPYPHSNELHPKIHSMASFLVFYVIPLSIISVYYYFIAKNLIQSAYNLPVEGNIHVKKQIESRKRLAKTVLVFVGLFAFCWLPNHVIYLYRSYHYSEVDTSMLHFVTSICARLLAFTNSCVNPFALYLLSKSFRKQFNTQLLCCQPGLIIRSHSTGRSTTCMTSLKSTNPSVATFSLINGNICHERYV,MKTIIALSYIFCLVFADYKDDDDKHHHHHHHHHHENLYFQGKIEEGKLVIWINGDKGYNGLAEVGKKFEKDTGIKVTVEHPDKLEEKFPQVAATGDGPDIIFWAHDRFGGYAQSGLLAEITPDKAFQDKLYPFTWDAVRYNGKLIAYPIAVEALSLIYNKDLLPNPPKTWEEIPALDKELKAKGKSALMFNLQEPYFTWPLIAADGGYAFKYAAGKYDIKDVGVDNAGAKAGLTFLVDLIKNKHMNADTDYSIAEAAFNKGETAMTINGPWAWSNIDTSAVNYGVTVLPTFKGQPSKPFVGVLSAGINAASPNKELAKEFLENYLLTDEGLEAVNKDKPLGAVALKSYEEELAKDPRIAATMENAQKGEIMPNIPQMSAFWYAVRTAVINAASGRQTVDEALKDAQTHSADLPVNDDWSHPGILYVIPAVYGVIILIGLIGNITLIKIFCTVKSMRNVPNLFISSLALGDLLLLITCAPVDASRYLADRWLFGRIGCKLIPFIQLTSVGVSVFTLTALSADRYKAIVRPMDIQASHALMKACLKAAFIWIISMLLAIPEAVFSDLHPFHEESTNQTFISCAPYPHSNELHPKIHSMASFLVFYVIPLSIISVYYYFIAKNLIQSAYNLPVEGNIHVKKQIESRKRLAKTVLVFVGLFAFCWLPNHVIYLYRSYHYSEVDTSMLHFVTSICARLLAFTNSCVNPFALYLLSKSFRKQFNTQLLCCQGSSGGGGSGGGGSSGFTLEDFVGDWEQTAAYNLDQVLEQGGVSSLLQNLAVSVTPIQRIVRSGENALKIDIHVIIPYEGLSADQMAQIEEVFKVVYPVDDHHFKVILPYGTLVIDGVTPNMLNYFGRPYEGIAVFDGKKITVTGTLWNGNKIIDERLITPDGSMLFRVTINS,https://dx.doi.org/10.1073/PNAS.2216230120,2023-02-22,/projects/ilfgrid/people/pqh443/Git_projects/GPRC_peptide_benchmarking/structure_benchmark_data/cleaned_pdbs/7W40_AB.pdb,[],"[-383, -382, -381, -380, -379, -378, -377, -376, -375, -374, -373, -372, -371, -370, -369, -368, -367, -366, -365, -364, -363, -362, -361, -360, -359, -358, -357, -356, -355, -354, -353, -352, -351, -350, -349, -348, -347, -346, -345, -344, -343, -342, -341, -340, -339, -338, -337, -336, -335, -334, -333, -332, -331, -330, -329, -328, -327, -326, -325, -324, -323, -322, -321, -320, -319, -318, -317, -316, -315, -314, -313, -312, -311, -310, -309, -308, -307, -306, -305, -304, -303, -302, -301, -300, -299, -298, -297, -296, -295, -294, -293, -292, -291, -290, -289, -288, -287, -286, -285, -284, -283, -282, -281, -280, -279, -278, -277, -276, -275, -274, -273, -272, -271, -270, -269, -268, -267, -266, -265, -264, -263, -262, -261, -260, -259, -258, -257, -256, -255, -254, -253, -252, -251, -250, -249, -248, -247, -246, -245, -244, -243, -242, -241, -240, -239, -238, -237, -236, -235, -234, -233, -232, -231, -230, -229, -228, -227, -226, -225, -224, -223, -222, -221, -220, -219, -218, -217, -216, -215, -214, -213, -212, -211, -210, -209, -208, -207, -206, -205, -204, -203, -202, -201, -200, -199, -198, -197, -196, -195, -194, -193, -192, -191, -190, -189, -188, -187, -186, -185, -184, -183, -182, -181, -180, -179, -178, -177, -176, -175, -174, -173, -172, -171, -170, -169, -168, -167, -166, -165, -164, -163, -162, -161, -160, -159, -158, -157, -156, -155, -154, -153, -152, -151, -150, -149, -148, -147, -146, -145, -144, -143, -142, -141, -140, -139, -138, -137, -136, -135, -134, -133, -132, -131, -130, -129, -128, -127, -126, -125, -124, -123, -122, -121, -120, -119, -118, -117, -116, -115, -114, -113, -112, -111, -110, -109, -108, -107, -106, -105, -104, -103, -102, -101, -100, -99, -98, -97, -96, -95, -94, -93, -92, -91, -90, -89, -88, -87, -86, -85, -84, -83, -82, -81, -80, -79, -78, -77, -76, -75, -74, -73, -72, -71, -70, -69, -68, -67, -66, -65, -64, -63, -62, -61, -60, -59, -58, -57, -56, -55, -54, -53, -52, -51, -50, -49, -48, -47, -46, -45, -44, -43, -42, -41, -40, -39, -38, -37, -36, -35, -34, -33, -32, -31, -30, -29, -28, -27, -26, -25, -24, -23, -22, -21, -20, -19, -18, -17, -16, -15, -14, -13, -12, -11, -10, -9, -8, -7, -6, -5, -4, -3, -2, -1, 0, 1, 2, 3, 4, 5, 6, 7, 8, 9, 10, 11, 12, 13, 14, 15, 16, 17, 18, 19, 20, 21, 22, 23, 24, 25, 26, 27, 28, 29, 30, 31, 32, 33, 34, 35, 36, 338, 339, 340, 341, 342, 343, 344, 345, 346, 347, 348, 349, 350, 351, 352, 353, 354, 355, 356, 357, 358, 359, 360, 361, 362, 363, 364, 365, 366, 367, 368, 369, 370, 371, 372, 373, 374, 375, 376, 377, 378, 379, 380, 381, 382, 383, 384, 385, 386, 387, 388, 389, 390, 391, 392, 393, 394, 395, 396, 397, 398, 399, 400, 401, 402, 403, 404, 405, 406, 407, 408, 409, 410, 411, 412, 413, 414, 415, 416, 417, 418, 419, 420, 421, 422, 423, 424, 425, 426, 427, 428, 429, 430, 431, 432, 433, 434, 435, 436, 437, 438, 439, 440, 441, 442, 443, 444, 445, 446, 447, 448, 449, 450, 451, 452, 453, 454, 455, 456, 457, 458, 459, 460, 461, 462, 463, 464, 465, 466, 467, 468, 469, 470, 471, 472, 473, 474, 475, 476, 477, 478, 479, 480, 481, 482, 483, 484, 485, 486, 487, 488, 489, 490, 491, 492, 493, 494, 495, 496, 497, 498, 499, 500, 501, 502, 503, 504, 505, 506, 507, 508, 509, 510, 511, 512, 513]"
7W3Z,grpr_human,P30550,Gastrin-releasing peptide receptor,Class A (Rhodopsin),Bombesin receptors,3.0,Electron microscopy,Active,Gastrin-releasing peptide,L,PRGNHWAVGHLMX,PRGNHWAVGHLM,A,MALNDCFLLNLEVDHFMHCNISSHSADLPVNDDWSHPGILYVIPAVYGVIILIGLIGNITLIKIFCTVKSMRNVPNLFISSLALGDLLLLITCAPVDASRYLADRWLFGRIGCKLIPFIQLTSVGVSVFTLTALSADRYKAIVRPMDIQASHALMKICLKAAFIWIISMLLAIPEAVFSDLHPFHEESTNQTFISCAPYPHSNELHPKIHSMASFLVFYVIPLSIISVYYYFIAKNLIQSAYNLPVEGNIHVKKQIESRKRLAKTVLVFVGLFAFCWLPNHVIYLYRSYHYSEVDTSMLHFVTSICARLLAFTNSCVNPFALYLLSKSFRKQFNTQLLCCQPGLIIRSHSTGRSTTCMTSLKSTNPSVATFSLINGNICHERYV,MKTIIALSYIFCLVFADYKDDDDKHHHHHHHHHHENLYFQGKIEEGKLVIWINGDKGYNGLAEVGKKFEKDTGIKVTVEHPDKLEEKFPQVAATGDGPDIIFWAHDRFGGYAQSGLLAEITPDKAFQDKLYPFTWDAVRYNGKLIAYPIAVEALSLIYNKDLLPNPPKTWEEIPALDKELKAKGKSALMFNLQEPYFTWPLIAADGGYAFKYAAGKYDIKDVGVDNAGAKAGLTFLVDLIKNKHMNADTDYSIAEAAFNKGETAMTINGPWAWSNIDTSAVNYGVTVLPTFKGQPSKPFVGVLSAGINAASPNKELAKEFLENYLLTDEGLEAVNKDKPLGAVALKSYEEELAKDPRIAATMENAQKGEIMPNIPQMSAFWYAVRTAVINAASGRQTVDEALKDAQTHSADLPVNDDWSHPGILYVIPAVYGVIILIGLIGNITLIKIFCTVKSMRNVPNLFISSLALGDLLLLITCAPVDASRYLADRWLFGRIGCKLIPFIQLTSVGVSVFTLTALSADRYKAIVRPMDIQASHALMKACLKAAFIWIISMLLAIPEAVFSDLHPFHEESTNQTFISCAPYPHSNELHPKIHSMASFLVFYVIPLSIISVYYYFIAKNLIQSAYNLPVEGNIHVKKQIESRKRLAKTVLVFVGLFAFCWLPNHVIYLYRSYHYSEVDTSMLHFVTSICARLLAFTNSCVNPFALYLLSKSFRKQFNTQLLCCQGSSGGGGSGGGGSSGFTLEDFVGDWEQTAAYNLDQVLEQGGVSSLLQNLAVSVTPIQRIVRSGENALKIDIHVIIPYEGLSADQMAQIEEVFKVVYPVDDHHFKVILPYGTLVIDGVTPNMLNYFGRPYEGIAVFDGKKITVTGTLWNGNKIIDERLITPDGSMLFRVTINS,https://dx.doi.org/10.1073/PNAS.2216230120,2023-02-22,/projects/ilfgrid/people/pqh443/Git_projects/GPRC_peptide_benchmarking/structure_benchmark_data/cleaned_pdbs/7W3Z_AB.pdb,[],"[-383, -382, -381, -380, -379, -378, -377, -376, -375, -374, -373, -372, -371, -370, -369, -368, -367, -366, -365, -364, -363, -362, -361, -360, -359, -358, -357, -356, -355, -354, -353, -352, -351, -350, -349, -348, -347, -346, -345, -344, -343, -342, -341, -340, -339, -338, -337, -336, -335, -334, -333, -332, -331, -330, -329, -328, -327, -326, -325, -324, -323, -322, -321, -320, -319, -318, -317, -316, -315, -314, -313, -312, -311, -310, -309, -308, -307, -306, -305, -304, -303, -302, -301, -300, -299, -298, -297, -296, -295, -294, -293, -292, -291, -290, -289, -288, -287, -286, -285, -284, -283, -282, -281, -280, -279, -278, -277, -276, -275, -274, -273, -272, -271, -270, -269, -268, -267, -266, -265, -264, -263, -262, -261, -260, -259, -258, -257, -256, -255, -254, -253, -252, -251, -250, -249, -248, -247, -246, -245, -244, -243, -242, -241, -240, -239, -238, -237, -236, -235, -234, -233, -232, -231, -230, -229, -228, -227, -226, -225, -224, -223, -222, -221, -220, -219, -218, -217, -216, -215, -214, -213, -212, -211, -210, -209, -208, -207, -206, -205, -204, -203, -202, -201, -200, -199, -198, -197, -196, -195, -194, -193, -192, -191, -190, -189, -188, -187, -186, -185, -184, -183, -182, -181, -180, -179, -178, -177, -176, -175, -174, -173, -172, -171, -170, -169, -168, -167, -166, -165, -164, -163, -162, -161, -160, -159, -158, -157, -156, -155, -154, -153, -152, -151, -150, -149, -148, -147, -146, -145, -144, -143, -142, -141, -140, -139, -138, -137, -136, -135, -134, -133, -132, -131, -130, -129, -128, -127, -126, -125, -124, -123, -122, -121, -120, -119, -118, -117, -116, -115, -114, -113, -112, -111, -110, -109, -108, -107, -106, -105, -104, -103, -102, -101, -100, -99, -98, -97, -96, -95, -94, -93, -92, -91, -90, -89, -88, -87, -86, -85, -84, -83, -82, -81, -80, -79, -78, -77, -76, -75, -74, -73, -72, -71, -70, -69, -68, -67, -66, -65, -64, -63, -62, -61, -60, -59, -58, -57, -56, -55, -54, -53, -52, -51, -50, -49, -48, -47, -46, -45, -44, -43, -42, -41, -40, -39, -38, -37, -36, -35, -34, -33, -32, -31, -30, -29, -28, -27, -26, -25, -24, -23, -22, -21, -20, -19, -18, -17, -16, -15, -14, -13, -12, -11, -10, -9, -8, -7, -6, -5, -4, -3, -2, -1, 0, 1, 2, 3, 4, 5, 6, 7, 8, 9, 10, 11, 12, 13, 14, 15, 16, 17, 18, 19, 20, 21, 22, 23, 24, 25, 26, 27, 28, 29, 30, 31, 32, 33, 34, 35, 36, 338, 339, 340, 341, 342, 343, 344, 345, 346, 347, 348, 349, 350, 351, 352, 353, 354, 355, 356, 357, 358, 359, 360, 361, 362, 363, 364, 365, 366, 367, 368, 369, 370, 371, 372, 373, 374, 375, 376, 377, 378, 379, 380, 381, 382, 383, 384, 385, 386, 387, 388, 389, 390, 391, 392, 393, 394, 395, 396, 397, 398, 399, 400, 401, 402, 403, 404, 405, 406, 407, 408, 409, 410, 411, 412, 413, 414, 415, 416, 417, 418, 419, 420, 421, 422, 423, 424, 425, 426, 427, 428, 429, 430, 431, 432, 433, 434, 435, 436, 437, 438, 439, 440, 441, 442, 443, 444, 445, 446, 447, 448, 449, 450, 451, 452, 453, 454, 455, 456, 457, 458, 459, 460, 461, 462, 463, 464, 465, 466, 467, 468, 469, 470, 471, 472, 473, 474, 475, 476, 477, 478, 479, 480, 481, 482, 483, 484, 485, 486, 487, 488, 489, 490, 491, 492, 493, 494, 495, 496, 497, 498, 499, 500, 501, 502, 503, 504, 505, 506, 507, 508, 509, 510, 511, 512, 513]"
8H0Q,grpr_human,P30550,Gastrin-releasing peptide receptor,Class A (Rhodopsin),Bombesin receptors,3.3,Electron microscopy,Active,Gastrin-releasing peptide,L,PRGNHWAVGHLMX,NHWAVGHLM,R,MALNDCFLLNLEVDHFMHCNISSHSADLPVNDDWSHPGILYVIPAVYGVIILIGLIGNITLIKIFCTVKSMRNVPNLFISSLALGDLLLLITCAPVDASRYLADRWLFGRIGCKLIPFIQLTSVGVSVFTLTALSADRYKAIVRPMDIQASHALMKICLKAAFIWIISMLLAIPEAVFSDLHPFHEESTNQTFISCAPYPHSNELHPKIHSMASFLVFYVIPLSIISVYYYFIAKNLIQSAYNLPVEGNIHVKKQIESRKRLAKTVLVFVGLFAFCWLPNHVIYLYRSYHYSEVDTSMLHFVTSICARLLAFTNSCVNPFALYLLSKSFRKQFNTQLLCCQPGLIIRSHSTGRSTTCMTSLKSTNPSVATFSLINGNICHERYV,MALNDCFLLNLEVDHFMHCNISSHSADLPVNDDWSHPGILYVIPAVYGVIILIGLIGNITLIKIFCTVKSMRNVPNLFISSLALGDLLLLITCAPVDASRYLADRWLFGRIGCKLIPFIQLTSVGVSVFTQTALSADRYKAIVRPMDIQASHALMKICLKAAFIWIISMLLAIPEAVFSDLHPFHEESTNQTFISCAPYPHSNELHPKIHSMASFLVFYVIPLSIISVYYYFIAKNLIQSAYNLPVEGNIHVKKQIESRKRLAKTVLVFVGLFAFCWLPNHVIYLYRSYHYSEVDTSMLHFVTSICARLLAFTNSCVNPFALYLLSKSFRKQFNTQLLCCQPGLIIRSHSTGRSTTCMTSLKSTNPSVATFSLINGNICHERYV,https://dx.doi.org/10.1038/S41422-022-00743-6,2023-08-09,/projects/ilfgrid/people/pqh443/Git_projects/GPRC_peptide_benchmarking/structure_benchmark_data/cleaned_pdbs/8H0Q_AB.pdb,[],"[1, 2, 3, 4, 5, 6, 7, 8, 9, 10, 11, 12, 13, 14, 15, 16, 17, 18, 19, 20, 21, 22, 23, 24, 25, 26, 27, 28, 29, 30, 31, 32, 33, 34, 35, 36, 37, 38, 39, 40, 41, 187, 188, 189, 190, 342, 343, 344, 345, 346, 347, 348, 349, 350, 351, 352, 353, 354, 355, 356, 357, 358, 359, 360, 361, 362, 363, 364, 365, 366, 367, 368, 369, 370, 371, 372, 373, 374, 375, 376, 377, 378, 379, 380, 381, 382, 383, 384]"
8DWG,mrgx1_human,Q96LB2,Mas-related G-protein coupled receptor member X1,Class A (Rhodopsin),Class A orphans,2.71,Electron microscopy,Active,Proenkephalin-A,A,GRPEWWMDYQKRY,VGRPEWWMDYQKRYG,R,MDPTISTLDTELTPINGTEETLCYKQTLSLTVLTCIVSLVGLTGNAVVLWLLGCRMRRNAFSIYILNLAAADFLFLSGRLIYSLLSFISIPHTISKILYPVMMFSYFAGLSFLSAVSTERCLSVLWPIWYRCHRPTHLSAVVCVLLWALSLLRSILEWMLCGFLFSGADSAWCQTSDFITVAWLIFLCVVLCGSSLVLLIRILCGSRKIPLTRLYVTILLTVLVFLLCGLPFGIQFFLFLWIHVDREVLFCHVHLVSIFLSALNSSANPIIYFFVGSFRQRQNRQNLKLVLQRALQDASEVDEGGGQLPEEILELSGSRLEQ,GPDPTISTLDTELTPINGTEETLCYKQTLSLTVLTCIVSLVGLTGNAVVLWLLGCRMRRNAFSIYILNLAAADFLFLSGRLIYSLLSFISIPHTISKILYPVMMFSYFAGLSFLSAVSTERCLSVLWPIWYRCHRPTHLSAVVCVLLWALSLLRSILEWMLCGFLFSGADSAWCQTSDFITVAWLIFLCVVLCGSSLVLLIRILCGSRKIPLTRLYVTILLTVLVFLLCGLPFGIQFFLFLWIHVDREVLFCHVHLVSIFLSALNSSANPIIYFFVGSFRQRQNRQNLKLVLQRALQDASEVDEGGGQLPEEILELSGSRLEQ,,2022-11-02,/projects/ilfgrid/people/pqh443/Git_projects/GPRC_peptide_benchmarking/structure_benchmark_data/cleaned_pdbs/8DWG_AB.pdb,"[8, 22]","[0, 1, 2, 3, 4, 5, 6, 7, 8, 9, 10, 11, 12, 13, 14, 15, 16, 17, 18, 19, 20, 21, 22, 205, 206, 207, 208, 209, 210, 276, 277, 278, 279, 280, 281, 282, 283, 284, 285, 286, 287, 288, 289, 290, 291, 292, 293, 294, 295, 296, 297, 298, 299, 300, 301, 302, 303, 304, 305, 306, 307, 308, 309, 310, 311, 312, 313, 314, 315, 316, 317, 318, 319, 320, 321, 322]"
8IBV,mtlr_human,O43193,Motilin receptor,Class A (Rhodopsin),Motilin receptors,3.19,Electron microscopy,Active,motilin,C,FVPIFTYGELQRMQEKERNKGQ,FVPIFTYGELQRMQEKERNKGQ,R,MGSPWNGSDGPEGAREPPWPALPPCDERRCSPFPLGALVPVTAVCLCLFVVGVSGNVVTVMLIGRYRDMRTTTNLYLGSMAVSDLLILLGLPFDLYRLWRSRPWVFGPLLCRLSLYVGEGCTYATLLHMTALSVERYLAICRPLRARVLVTRRRVRALIAVLWAVALLSAGPFLFLVGVEQDPGISVVPGLNGTARIASSPLASSPPLWLSRAPPPSPPSGPETAEAAALFSRECRPSPAQLGALRVMLWVTTAYFFLPFLCLSILYGLIGRELWSSRRPLRGPAASGRERGHRQTVRVLLVVVLAFIICWLPFHVGRIIYINTEDSRMMYFSQYFNIVALQLFYLSASINPILYNLISKKYRAAAFKLLLARKSRPRGFHRSRDTAGEVAGDTGGDTVGYTETSANVKTMG,MKTIIALSYIFCLVFADYKDDDDAKLQTMHHHHHHHHHHADLEDNWETLNDNLKVIEKADNAAQVKDALTKMRAAALDAQKATPPKLEDKSPDSPEMKDFRHGFDILVGQIDDALKLANEGKVKEAQAAAEQLKTTRNAYIQKYLASENLYFQGGTMGSPWNGSDGPEGAREPPWPALPPCDERRCSPFPLGALVPVTAVCLCLFVVGVSGNVVTVMLIGRYRDMRTTTNLYLGSMAVSDLLILLGLPFDLYRLWRSRPWVFGPLLCRLSLYVGEGCTYATLLHMTALSVERYLAICRPLRARVLVTRRRVRALIAVLWAVALLSAGPFLFLVGVEQDPGISVVPGLNGTARIASSPLASSPPLWLSRAPPPSPPSGPETAEAAALFSRECRPSPAQLGALRVMLWVTTAYFFLPFLCLSILYGLIGRELWSSRRPLRGPAASGRERGHRQTVRVLLVVVLAFIICWLPFHVGRIIYINTEDSRMMYFSQYFNIVALQLFYLSASINPILYNLISKKYRAAAFKLLLARKSRPRGFHRSRDTAGEVAGDTGGDTVGYTETSANVKTMGGSSGGGGSGGGGSSGVFTLEDFVGDWEQTAAYNLDQVLEQGGVSSLLQNLAVSVTPIQRIVRSGENALKIDIHVIIPYEGLSADQMAQIEEVFKVVYPVDDHHFKVILPYGTLVIDGVTPNMLNYFGRPYEGIAVFDGKKITVTGTLWNGNKIIDERLITPDGSMLFRVTINS,https://dx.doi.org/10.1126/SCIADV.ADE9020,2023-04-12,/projects/ilfgrid/people/pqh443/Git_projects/GPRC_peptide_benchmarking/structure_benchmark_data/cleaned_pdbs/8IBV_AB.pdb,"[20, 21, 22]","[-155, -154, -153, -152, -151, -150, -149, -148, -147, -146, -145, -144, -143, -142, -141, -140, -139, -138, -137, -136, -135, -134, -133, -132, -131, -130, -129, -128, -127, -126, -125, -124, -123, -122, -121, -120, -119, -118, -117, -116, -115, -114, -113, -112, -111, -110, -109, -108, -107, -106, -105, -104, -103, -102, -101, -100, -99, -98, -97, -96, -95, -94, -93, -92, -91, -90, -89, -88, -87, -86, -85, -84, -83, -82, -81, -80, -79, -78, -77, -76, -75, -74, -73, -72, -71, -70, -69, -68, -67, -66, -65, -64, -63, -62, -61, -60, -59, -58, -57, -56, -55, -54, -53, -52, -51, -50, -49, -48, -47, -46, -45, -44, -43, -42, -41, -40, -39, -38, -37, -36, -35, -34, -33, -32, -31, -30, -29, -28, -27, -26, -25, -24, -23, -22, -21, -20, -19, -18, -17, -16, -15, -14, -13, -12, -11, -10, -9, -8, -7, -6, -5, -4, -3, -2, -1, 0, 1, 2, 3, 4, 5, 6, 7, 8, 9, 10, 11, 12, 13, 14, 15, 16, 17, 18, 19, 20, 21, 22, 23, 24, 25, 26, 27, 28, 29, 144, 145, 146, 147, 148, 149, 183, 184, 185, 186, 187, 188, 189, 190, 191, 192, 193, 194, 195, 196, 197, 198, 199, 200, 201, 202, 203, 204, 205, 206, 207, 208, 209, 210, 211, 212, 213, 214, 215, 216, 217, 218, 219, 220, 221, 222, 223, 224, 277, 278, 279, 280, 281, 282, 283, 284, 285, 286, 287, 288, 289, 290, 291, 372, 373, 374, 375, 376, 377, 378, 379, 380, 381, 382, 383, 384, 385, 386, 387, 388, 389, 390, 391, 392, 393, 394, 395, 396, 397, 398, 399, 400, 401, 402, 403, 404, 405, 406, 407, 408, 409, 410, 411, 412, 413, 414, 415, 416, 417, 418, 419, 420, 421, 422, 423, 424, 425, 426, 427, 428, 429, 430, 431, 432, 433, 434, 435, 436, 437, 438, 439, 440, 441, 442, 443, 444, 445, 446, 447, 448, 449, 450, 451, 452, 453, 454, 455, 456, 457, 458, 459, 460, 461, 462, 463, 464, 465, 466, 467, 468, 469, 470, 471, 472, 473, 474, 475, 476, 477, 478, 479, 480, 481, 482, 483, 484, 485, 486, 487, 488, 489, 490, 491, 492, 493, 494, 495, 496, 497, 498, 499, 500, 501, 502, 503, 504, 505, 506, 507, 508, 509, 510, 511, 512, 513, 514, 515, 516, 517, 518, 519, 520, 521, 522, 523, 524, 525, 526, 527, 528, 529, 530, 531, 532, 533, 534, 535, 536, 537, 538, 539, 540, 541, 542, 543, 544, 545, 546, 547, 548, 549, 550, 551, 552, 553, 554, 555, 556, 557, 558, 559, 560, 561, 562, 563, 564, 565, 566, 567, 568, 569, 570, 571, 572, 573, 574, 575, 576, 577, 578, 579, 580, 581, 582, 583, 584, 585]"
7XWO,nk2r_human,P21452,Substance-K receptor,Class A (Rhodopsin),Tachykinin receptors,2.7,Electron microscopy,Active,HIS-LYS-THR-ASP-SER-PHE-VAL-GLY-LEU-MET-NH2,D,HKTDSFVGLMA,HKTDSFVGLMA,B,MGTCDIVTEANISSGPESNTTGITAFSMPSWQLALWATAYLALVLVAVTGNAIVIWIILAHRRMRTVTNYFIVNLALADLCMAAFNAAFNFVYASHNIWYFGRAFCYFQNLFPITAMFVSIYSMTAIAADRYMAIVHPFQPRLSAPSTKAVIAGIWLVALALASPQCFYSTVTMDQGATKCVVAWPEDSGGKTLLLYHLVVIALIYFLPLAVMFVAYSVIGLTLWRRAVPGHQAHGANLRHLQAMKKFVKTMVLVVLTFAICWLPYHLYFILGSFQEDIYCHKFIQQVYLALFWLAMSSTMYNPIIYCCLNHRFRSGFRLAFRCCPWVTPTKEDKLELTPTTSLSTRVNRCHTKETLFMAGDTAPSEATSGEAGRPQDGSGLWFGYGLLAPTKTHVEI,MKTIIALSYIFCLVFADYKDDDDAKLQTMHHHHHHHHHHENLYFQGGTADLEDNWETLNDNLKVIEKADNAAQVKDALTKMRAAALDAQKATPPKLEDKSPDSPEMKDFRHGFDILVGQIDDALKLANEGKVKEAQAAAEQLKTTRNAYIQKYLMGTCDIVTEANISSGPESNTTGITAFSMPSWQLALWATAYLALVLVAVTGNAIVIWIILAHRRMRTVTNYFIVNLALADLCMAAFNAAFNFVYASHNIWYFGRAFCYFQNLFPITAMFVSIYSMTAIAADRYMAIVHPFQPRLSAPSTKAVIAGIWLVALALASPQCFYSTVTMDQGATKCVVAWPEDSGGKTLLLYHLVVIALIYFLPLAVMFVAYSVIGLTLWRRAVPGHQAHGANLRHLQAMKKFVKTMVLVVLTFAICWLPYHLYFILGSFQEDIYCHKFIQQVYLALFWLAMSSTMYNPIIYCCLNHRFRSGFRLAFRCCPWVTPTKEDKLELTPTTSLSKLVEKY,,2023-05-31,/projects/ilfgrid/people/pqh443/Git_projects/GPRC_peptide_benchmarking/structure_benchmark_data/cleaned_pdbs/7XWO_AB.pdb,[],"[-153, -152, -151, -150, -149, -148, -147, -146, -145, -144, -143, -142, -141, -140, -139, -138, -137, -136, -135, -134, -133, -132, -131, -130, -129, -128, -127, -126, -125, -124, -123, -122, -121, -120, -119, -118, -117, -116, -115, -114, -113, -112, -111, -110, -109, -108, -107, -106, -105, -104, -103, -102, -101, -100, -99, -98, -97, -96, -95, -94, -93, -92, -91, -90, -89, -88, -87, -86, -85, -84, -83, -82, -81, -80, -79, -78, -77, -76, -75, -74, -73, -72, -71, -70, -69, -68, -67, -66, -65, -64, -63, -62, -61, -60, -59, -58, -57, -56, -55, -54, -53, -52, -51, -50, -49, -48, -47, -46, -45, -44, -43, -42, -41, -40, -39, -38, -37, -36, -35, -34, -33, -32, -31, -30, -29, -28, -27, -26, -25, -24, -23, -22, -21, -20, -19, -18, -17, -16, -15, -14, -13, -12, -11, -10, -9, -8, -7, -6, -5, -4, -3, -2, -1, 0, 1, 2, 3, 4, 5, 6, 7, 8, 9, 10, 11, 12, 13, 14, 15, 16, 17, 18, 19, 20, 21, 22, 23, 24, 25, 26, 97, 98, 187, 188, 189, 190, 228, 229, 230, 231, 232, 233, 234, 235, 236, 237, 315, 316, 317, 318, 319, 320, 321, 322, 323, 324, 325, 326, 327, 328, 329, 330, 331, 332, 333, 334, 335, 336, 337, 338, 339, 340, 341, 342, 343, 344, 345, 346, 347, 348, 349, 350, 351]"
8H0P,nmbr_human,P28336,Neuromedin-B receptor,Class A (Rhodopsin),Bombesin receptors,3.15,Electron microscopy,Active,NMB30,L,NLWATGHFMG,NLWATGHFMG,R,MPSKSLSNLSVTTGANESGSVPEGWERDFLPASDGTTTELVIRCVIPSLYLLIITVGLLGNIMLVKIFITNSAMRSVPNIFISNLAAGDLLLLLTCVPVDASRYFFDEWMFGKVGCKLIPVIQLTSVGVSVFTLTALSADRYRAIVNPMDMQTSGALLRTCVKAMGIWVVSVLLAVPEAVFSEVARISSLDNSSFTACIPYPQTDELHPKIHSVLIFLVYFLIPLAIISIYYYHIAKTLIKSAHNLPGEYNEHTKKQMETRKRLAKIVLVFVGCFIFCWFPNHILYMYRSFNYNEIDPSLGHMIVTLVARVLSFGNSCVNPFALYLLSESFRRHFNSQLCCGRKSYQERGTSYLLSSSAVRMTSLKSNAKNMVTNSVLLNGHSMKQEMAL,MPSKSLSNLSVTTGANESGSVPEGWERDFLPASDGTTTELVIRCVIPSLYLLIITVGLLGNIMLVKIFITNSAMRSVPNIFISNLAAGDLLLLLTCVPVDASRYFFDEWMFGKVGCKLIPVIQLTSVGVSVFTQTALSADRYRAIVNPMDMQTSGALLRTCVKAMGIWVVSVLLAVPEAVFSEVARISSLDNSSFTACIPYPQTDELHPKIHSVLIFLVYFLIPLAIISIYYYHIAKTLIKSAHNLPGEYNEHTKKQMETRKRLAKIVLVFVGCFIFCWFPNHILYMYRSFNYNEIDPSLGHMIVTLVARVLSFGNSCVNPFALYLLSESFRRHFNSQLCCGRKSYQERGTSYLLSSSAVRMTSLKSNAKNMVTNSVLLNGHSMKQEMAL,https://dx.doi.org/10.1038/S41422-022-00743-6,2023-08-09,/projects/ilfgrid/people/pqh443/Git_projects/GPRC_peptide_benchmarking/structure_benchmark_data/cleaned_pdbs/8H0P_AB.pdb,[],"[1, 2, 3, 4, 5, 6, 7, 8, 9, 10, 11, 12, 13, 14, 15, 16, 17, 18, 19, 20, 21, 22, 23, 24, 25, 26, 27, 28, 29, 30, 31, 32, 33, 34, 35, 36, 37, 38, 152, 153, 154, 189, 190, 191, 192, 246, 247, 248, 249, 250, 251, 343, 344, 345, 346, 347, 348, 349, 350, 351, 352, 353, 354, 355, 356, 357, 358, 359, 360, 361, 362, 363, 364, 365, 366, 367, 368, 369, 370, 371, 372, 373, 374, 375, 376, 377, 378, 379, 380, 381, 382, 383, 384, 385, 386, 387, 388, 389, 390]"
7W56,nmur1_human,Q9HB89,Neuromedin-U receptor 1,Class A (Rhodopsin),Neuromedin U receptors,2.9,Electron microscopy,Active,Neuromedin-S,C,FFLFRPRNQ,ILQRGSGTAAVDFTKKDHTATWGRPFFLFRPRNQ,R,MTPLCLNCSVLPGDLYPGGARNPMACNGSAARGHFDPEDLNLTDEALRLKYLGPQQTELFMPICATYLLIFVVGAVGNGLTCLVILRHKAMRTPTNYYLFSLAVSDLLVLLVGLPLELYEMWHNYPFLLGVGGCYFRTLLFEMVCLASVLNVTALSVERYVAVVHPLQARSMVTRAHVRRVLGAVWGLAMLCSLPNTSLHGIRQLHVPCRGPVPDSAVCMLVRPRALYNMVVQTTALLFFCLPMAIMSVLYLLIGLRLRRERLLLMQEAKGRGSAAARSRYTCRLQQHDRGRRQVTKMLFVLVVVFGICWAPFHADRVMWSVVSQWTDGLHLAFQHVHVISGIFFYLGSAANPVLYSLMSSRFRETFQEALCLGACCHRLRPRHSSHSLSRMTTGSTLCDVGSLGSWVHPLAGNDGPEAQQETDPS,MKTIIALSYIFCLVFADYKDDDDAKLQTMHHHHHHHHHHADLEDNWETLNDNLKVIEKADNAAQVKDALTKMRAAALDAQKATPPKLEDKSPDSPEMKDFRHGFDILVGQIDDALKLANEGKVKEAQAAAEQLKTTRNAYIQKYLASENLYFQGGTMTPLCLNCSVLPGDLYPGGARNPMACNGSAARGHFDPEDLNLTDEALRLKYLGPQQTELFMPICATYLLIFVVGAVGNGLTCLVILRHKAMRTPTNYYLFSLAVSDLLVLLVGLPLELYEMWHNYPFLLGVGGCYFRTLLFEMVCLASVLNVTALSVERYVAVVHPLQARSMVTRAHVRRVLGAVWGLAMLCSLPNTSLHGIRQLHVPCRGPVPDSAVCMLVRPRALYNMVVQTTALLFFCLPMAIMSVLYLLIGLRLRRERLLLMQEAKGRGSAAARSRYTCRLQQHDRGRRQVTKMLFVLVVVFGICWAPFHADRVMWSVVSQWTDGLHLAFQHVHVISGIFFYLGSAANPVLYSLMSSRFRETFQEALCLGACCHRLRPRHSSHSLSRMTTGSTLCDVGSLGSWVHPLAGNDGPEAQQETDPSGSSGGGGSGGGGSSGVFTLEDFVGDWEQTAAYNLDQVLEQGGVSSLLQNLAVSVTPIQRIVRSGENALKIDIHVIIPYEGLSADQMAQIEEVFKVVYPVDDHHFKVILPYGTLVIDGVTPNMLNYFGRPYEGIAVFDGKKITVTGTLWNGNKIIDERLITPDGSMLFRVTINS,https://dx.doi.org/10.1038/S41467-022-29683-W,2022-04-20,/projects/ilfgrid/people/pqh443/Git_projects/GPRC_peptide_benchmarking/structure_benchmark_data/cleaned_pdbs/7W56_AB.pdb,"[-23, -22, -21, -20, -19, -18, -17, -16, -15, -14, -13, -12, -11, -10, -9, -8, -7, -6, -5, -4, -3, -2, -1, 0, 1]","[-155, -154, -153, -152, -151, -150, -149, -148, -147, -146, -145, -144, -143, -142, -141, -140, -139, -138, -137, -136, -135, -134, -133, -132, -131, -130, -129, -128, -127, -126, -125, -124, -123, -122, -121, -120, -119, -118, -117, -116, -115, -114, -113, -112, -111, -110, -109, -108, -107, -106, -105, -104, -103, -102, -101, -100, -99, -98, -97, -96, -95, -94, -93, -92, -91, -90, -89, -88, -87, -86, -85, -84, -83, -82, -81, -80, -79, -78, -77, -76, -75, -74, -73, -72, -71, -70, -69, -68, -67, -66, -65, -64, -63, -62, -61, -60, -59, -58, -57, -56, -55, -54, -53, -52, -51, -50, -49, -48, -47, -46, -45, -44, -43, -42, -41, -40, -39, -38, -37, -36, -35, -34, -33, -32, -31, -30, -29, -28, -27, -26, -25, -24, -23, -22, -21, -20, -19, -18, -17, -16, -15, -14, -13, -12, -11, -10, -9, -8, -7, -6, -5, -4, -3, -2, -1, 0, 1, 2, 3, 4, 5, 6, 7, 8, 9, 10, 11, 12, 13, 14, 15, 16, 17, 18, 19, 20, 21, 22, 23, 24, 25, 26, 27, 28, 29, 30, 31, 32, 33, 34, 35, 36, 37, 38, 39, 40, 41, 42, 43, 44, 45, 46, 47, 48, 49, 50, 51, 52, 53, 54, 55, 56, 57, 58, 263, 264, 265, 266, 267, 268, 269, 270, 271, 272, 273, 274, 275, 276, 277, 278, 279, 280, 281, 282, 283, 284, 285, 286, 287, 288, 289, 290, 291, 324, 325, 326, 327, 368, 369, 370, 371, 372, 373, 374, 375, 376, 377, 378, 379, 380, 381, 382, 383, 384, 385, 386, 387, 388, 389, 390, 391, 392, 393, 394, 395, 396, 397, 398, 399, 400, 401, 402, 403, 404, 405, 406, 407, 408, 409, 410, 411, 412, 413, 414, 415, 416, 417, 418, 419, 420, 421, 422, 423, 424, 425, 426, 427, 428, 429, 430, 431, 432, 433, 434, 435, 436, 437, 438, 439, 440, 441, 442, 443, 444, 445, 446, 447, 448, 449, 450, 451, 452, 453, 454, 455, 456, 457, 458, 459, 460, 461, 462, 463, 464, 465, 466, 467, 468, 469, 470, 471, 472, 473, 474, 475, 476, 477, 478, 479, 480, 481, 482, 483, 484, 485, 486, 487, 488, 489, 490, 491, 492, 493, 494, 495, 496, 497, 498, 499, 500, 501, 502, 503, 504, 505, 506, 507, 508, 509, 510, 511, 512, 513, 514, 515, 516, 517, 518, 519, 520, 521, 522, 523, 524, 525, 526, 527, 528, 529, 530, 531, 532, 533, 534, 535, 536, 537, 538, 539, 540, 541, 542, 543, 544, 545, 546, 547, 548, 549, 550, 551, 552, 553, 554, 555, 556, 557, 558, 559, 560, 561, 562, 563, 564, 565, 566, 567, 568, 569, 570, 571, 572, 573, 574, 575, 576, 577, 578, 579, 580, 581, 582, 583, 584, 585, 586, 587, 588, 589, 590, 591, 592, 593, 594, 595, 596, 597, 598, 599]"
7W53,nmur1_human,Q9HB89,Neuromedin-U receptor 1,Class A (Rhodopsin),Neuromedin U receptors,3.2,Electron microscopy,Active,Neuromedin U-25 (human),C,FLFRPRNQ,FRVDEEFQSPFASQSRGYFLFRPRNQ,R,MTPLCLNCSVLPGDLYPGGARNPMACNGSAARGHFDPEDLNLTDEALRLKYLGPQQTELFMPICATYLLIFVVGAVGNGLTCLVILRHKAMRTPTNYYLFSLAVSDLLVLLVGLPLELYEMWHNYPFLLGVGGCYFRTLLFEMVCLASVLNVTALSVERYVAVVHPLQARSMVTRAHVRRVLGAVWGLAMLCSLPNTSLHGIRQLHVPCRGPVPDSAVCMLVRPRALYNMVVQTTALLFFCLPMAIMSVLYLLIGLRLRRERLLLMQEAKGRGSAAARSRYTCRLQQHDRGRRQVTKMLFVLVVVFGICWAPFHADRVMWSVVSQWTDGLHLAFQHVHVISGIFFYLGSAANPVLYSLMSSRFRETFQEALCLGACCHRLRPRHSSHSLSRMTTGSTLCDVGSLGSWVHPLAGNDGPEAQQETDPS,MKTIIALSYIFCLVFADYKDDDDAKLQTMHHHHHHHHHHADLEDNWETLNDNLKVIEKADNAAQVKDALTKMRAAALDAQKATPPKLEDKSPDSPEMKDFRHGFDILVGQIDDALKLANEGKVKEAQAAAEQLKTTRNAYIQKYLASENLYFQGGTMTPLCLNCSVLPGDLYPGGARNPMACNGSAARGHFDPEDLNLTDEALRLKYLGPQQTELFMPICATYLLIFVVGAVGNGLTCLVILRHKAMRTPTNYYLFSLAVSDLLVLLVGLPLELYEMWHNYPFLLGVGGCYFRTLLFEMVCLASVLNVTALSVERYVAVVHPLQARSMVTRAHVRRVLGAVWGLAMLCSLPNTSLHGIRQLHVPCRGPVPDSAVCMLVRPRALYNMVVQTTALLFFCLPMAIMSVLYLLIGLRLRRERLLLMQEAKGRGSAAARSRYTCRLQQHDRGRRQVTKMLFVLVVVFGICWAPFHADRVMWSVVSQWTDGLHLAFQHVHVISGIFFYLGSAANPVLYSLMSSRFRETFQEALCLGACCHRLRPRHSSHSLSRMTTGSTLCDVGSLGSWVHPLAGNDGPEAQQETDPSGSSGGGGSGGGGSSGVFTLEDFVGDWEQTAAYNLDQVLEQGGVSSLLQNLAVSVTPIQRIVRSGENALKIDIHVIIPYEGLSADQMAQIEEVFKVVYPVDDHHFKVILPYGTLVIDGVTPNMLNYFGRPYEGIAVFDGKKITVTGTLWNGNKIIDERLITPDGSMLFRVTINS,https://dx.doi.org/10.1038/S41467-022-29683-W,2022-04-20,/projects/ilfgrid/people/pqh443/Git_projects/GPRC_peptide_benchmarking/structure_benchmark_data/cleaned_pdbs/7W53_AB.pdb,"[-15, -14, -13, -12, -11, -10, -9, -8, -7, -6, -5, -4, -3, -2, -1, 0, 1, 2]","[-155, -154, -153, -152, -151, -150, -149, -148, -147, -146, -145, -144, -143, -142, -141, -140, -139, -138, -137, -136, -135, -134, -133, -132, -131, -130, -129, -128, -127, -126, -125, -124, -123, -122, -121, -120, -119, -118, -117, -116, -115, -114, -113, -112, -111, -110, -109, -108, -107, -106, -105, -104, -103, -102, -101, -100, -99, -98, -97, -96, -95, -94, -93, -92, -91, -90, -89, -88, -87, -86, -85, -84, -83, -82, -81, -80, -79, -78, -77, -76, -75, -74, -73, -72, -71, -70, -69, -68, -67, -66, -65, -64, -63, -62, -61, -60, -59, -58, -57, -56, -55, -54, -53, -52, -51, -50, -49, -48, -47, -46, -45, -44, -43, -42, -41, -40, -39, -38, -37, -36, -35, -34, -33, -32, -31, -30, -29, -28, -27, -26, -25, -24, -23, -22, -21, -20, -19, -18, -17, -16, -15, -14, -13, -12, -11, -10, -9, -8, -7, -6, -5, -4, -3, -2, -1, 0, 1, 2, 3, 4, 5, 6, 7, 8, 9, 10, 11, 12, 13, 14, 15, 16, 17, 18, 19, 20, 21, 22, 23, 24, 25, 26, 27, 28, 29, 30, 31, 32, 33, 34, 35, 36, 37, 38, 39, 40, 41, 42, 43, 44, 45, 46, 47, 48, 49, 50, 51, 52, 53, 54, 55, 56, 57, 123, 124, 125, 126, 127, 128, 129, 204, 205, 206, 207, 208, 209, 210, 211, 212, 213, 214, 215, 216, 264, 265, 266, 267, 268, 269, 270, 271, 272, 273, 274, 275, 276, 277, 278, 279, 280, 281, 282, 283, 284, 285, 286, 287, 288, 367, 368, 369, 370, 371, 372, 373, 374, 375, 376, 377, 378, 379, 380, 381, 382, 383, 384, 385, 386, 387, 388, 389, 390, 391, 392, 393, 394, 395, 396, 397, 398, 399, 400, 401, 402, 403, 404, 405, 406, 407, 408, 409, 410, 411, 412, 413, 414, 415, 416, 417, 418, 419, 420, 421, 422, 423, 424, 425, 426, 427, 428, 429, 430, 431, 432, 433, 434, 435, 436, 437, 438, 439, 440, 441, 442, 443, 444, 445, 446, 447, 448, 449, 450, 451, 452, 453, 454, 455, 456, 457, 458, 459, 460, 461, 462, 463, 464, 465, 466, 467, 468, 469, 470, 471, 472, 473, 474, 475, 476, 477, 478, 479, 480, 481, 482, 483, 484, 485, 486, 487, 488, 489, 490, 491, 492, 493, 494, 495, 496, 497, 498, 499, 500, 501, 502, 503, 504, 505, 506, 507, 508, 509, 510, 511, 512, 513, 514, 515, 516, 517, 518, 519, 520, 521, 522, 523, 524, 525, 526, 527, 528, 529, 530, 531, 532, 533, 534, 535, 536, 537, 538, 539, 540, 541, 542, 543, 544, 545, 546, 547, 548, 549, 550, 551, 552, 553, 554, 555, 556, 557, 558, 559, 560, 561, 562, 563, 564, 565, 566, 567, 568, 569, 570, 571, 572, 573, 574, 575, 576, 577, 578, 579, 580, 581, 582, 583, 584, 585, 586, 587, 588, 589, 590, 591, 592, 593, 594, 595, 596, 597, 598, 599]"
7W55,nmur2_human,Q9GZQ4,Neuromedin-U receptor 2,Class A (Rhodopsin),Neuromedin U receptors,2.8,Electron microscopy,Active,Neuromedin U-25 (human),C,FLFRPRNQ,FRVDEEFQSPFASQSRGYFLFRPRNQ,R,MSGMEKLQNASWIYQQKLEDPFQKHLNSTEEYLAFLCGPRRSHFFLPVSVVYVPIFVVGVIGNVLVCLVILQHQAMKTPTNYYLFSLAVSDLLVLLLGMPLEVYEMWRNYPFLFGPVGCYFKTALFETVCFASILSITTVSVERYVAILHPFRAKLQSTRRRALRILGIVWGFSVLFSLPNTSIHGIKFHYFPNGSLVPGSATCTVIKPMWIYNFIIQVTSFLFYLLPMTVISVLYYLMALRLKKDKSLEADEGNANIQRPCRKSVNKMLFVLVLVFAICWAPFHIDRLFFSFVEEWSESLAAVFNLVHVVSGVFFYLSSAVNPIIYNLLSRRFQAAFQNVISSFHKQWHSQHDPQLPPAQRNIFLTECHFVELTEDIGPQFPCQSSMHNSHLPAALSSEQMSRTNYQSFHFNKT,MKTIIALSYIFCLVFADYKDDDDAKLQTMHHHHHHHHHHADLEDNWETLNDNLKVIEKADNAAQVKDALTKMRAAALDAQKATPPKLEDKSPDSPEMKDFRHGFDILVGQIDDALKLANEGKVKEAQAAAEQLKTTRNAYIQKYLASENLYFQGGTMSGMEKLQNASWIYQQKLEDPFQKHLNSTEEYLAFLCGPRRSHFFLPVSVVYVPIFVVGVIGNVLVCLVILQHQAMKTPTNYYLFSLAVSDLLVLLLGMPLEVYEMWRNYPFLFGPVGCYFKTALFETVCFASILSITTVSVERYVAILHPFRAKLQSTRRRALRILGIVWGFSVLFSLPNTSIHGIKFHYFPNGSLVPGSATCTVIKPMWIYNFIIQVTSFLFYLLPMTVISVLYYLMALRLKKDKSLEADEGNANIQRPCRKSVNKMLFVLVLVFAICWAPFHIDRLFFSFVEEWSESLAAVFNLVHVVSGVFFYLSSAVNPIIYNLLSRRFQAAFQNVISSFHKQWHSQHDPQLPPAQRNIFLTECHFVELTEDIGPQFPCQSSMHNSHLPAALSSEQMSRTNYQSFHFNKT,https://dx.doi.org/10.1038/S41467-022-29683-W,2022-04-20,/projects/ilfgrid/people/pqh443/Git_projects/GPRC_peptide_benchmarking/structure_benchmark_data/cleaned_pdbs/7W55_AB.pdb,"[1, 2, 3, 4, 5, 6, 7, 8, 9, 10, 11, 12, 13, 14, 15, 16, 17]","[-155, -154, -153, -152, -151, -150, -149, -148, -147, -146, -145, -144, -143, -142, -141, -140, -139, -138, -137, -136, -135, -134, -133, -132, -131, -130, -129, -128, -127, -126, -125, -124, -123, -122, -121, -120, -119, -118, -117, -116, -115, -114, -113, -112, -111, -110, -109, -108, -107, -106, -105, -104, -103, -102, -101, -100, -99, -98, -97, -96, -95, -94, -93, -92, -91, -90, -89, -88, -87, -86, -85, -84, -83, -82, -81, -80, -79, -78, -77, -76, -75, -74, -73, -72, -71, -70, -69, -68, -67, -66, -65, -64, -63, -62, -61, -60, -59, -58, -57, -56, -55, -54, -53, -52, -51, -50, -49, -48, -47, -46, -45, -44, -43, -42, -41, -40, -39, -38, -37, -36, -35, -34, -33, -32, -31, -30, -29, -28, -27, -26, -25, -24, -23, -22, -21, -20, -19, -18, -17, -16, -15, -14, -13, -12, -11, -10, -9, -8, -7, -6, -5, -4, -3, -2, -1, 0, 1, 2, 3, 4, 5, 6, 7, 8, 9, 10, 11, 12, 13, 14, 15, 16, 17, 18, 19, 20, 21, 22, 23, 24, 25, 26, 27, 28, 29, 30, 31, 32, 33, 34, 35, 36, 37, 38, 39, 40, 41, 197, 198, 199, 348, 349, 350, 351, 352, 353, 354, 355, 356, 357, 358, 359, 360, 361, 362, 363, 364, 365, 366, 367, 368, 369, 370, 371, 372, 373, 374, 375, 376, 377, 378, 379, 380, 381, 382, 383, 384, 385, 386, 387, 388, 389, 390, 391, 392, 393, 394, 395, 396, 397, 398, 399, 400, 401, 402, 403, 404, 405, 406, 407, 408, 409, 410, 411, 412, 413, 414, 415]"
7W57,nmur2_human,Q9GZQ4,Neuromedin-U receptor 2,Class A (Rhodopsin),Neuromedin U receptors,3.2,Electron microscopy,Active,Neuromedin-S,C,GRPFFLFRPRNQ,ILQRGSGTAAVDFTKKDHTATWGRPFFLFRPRNQ,R,MSGMEKLQNASWIYQQKLEDPFQKHLNSTEEYLAFLCGPRRSHFFLPVSVVYVPIFVVGVIGNVLVCLVILQHQAMKTPTNYYLFSLAVSDLLVLLLGMPLEVYEMWRNYPFLFGPVGCYFKTALFETVCFASILSITTVSVERYVAILHPFRAKLQSTRRRALRILGIVWGFSVLFSLPNTSIHGIKFHYFPNGSLVPGSATCTVIKPMWIYNFIIQVTSFLFYLLPMTVISVLYYLMALRLKKDKSLEADEGNANIQRPCRKSVNKMLFVLVLVFAICWAPFHIDRLFFSFVEEWSESLAAVFNLVHVVSGVFFYLSSAVNPIIYNLLSRRFQAAFQNVISSFHKQWHSQHDPQLPPAQRNIFLTECHFVELTEDIGPQFPCQSSMHNSHLPAALSSEQMSRTNYQSFHFNKT,MKTIIALSYIFCLVFADYKDDDDAKLQTMHHHHHHHHHHADLEDNWETLNDNLKVIEKADNAAQVKDALTKMRAAALDAQKATPPKLEDKSPDSPEMKDFRHGFDILVGQIDDALKLANEGKVKEAQAAAEQLKTTRNAYIQKYLASENLYFQGGTMSGMEKLQNASWIYQQKLEDPFQKHLNSTEEYLAFLCGPRRSHFFLPVSVVYVPIFVVGVIGNVLVCLVILQHQAMKTPTNYYLFSLAVSDLLVLLLGMPLEVYEMWRNYPFLFGPVGCYFKTALFETVCFASILSITTVSVERYVAILHPFRAKLQSTRRRALRILGIVWGFSVLFSLPNTSIHGIKFHYFPNGSLVPGSATCTVIKPMWIYNFIIQVTSFLFYLLPMTVISVLYYLMALRLKKDKSLEADEGNANIQRPCRKSVNKMLFVLVLVFAICWAPFHIDRLFFSFVEEWSESLAAVFNLVHVVSGVFFYLSSAVNPIIYNLLSRRFQAAFQNVISSFHKQWHSQHDPQLPPAQRNIFLTECHFVELTEDIGPQFPCQSSMHNSHLPAALSSEQMSRTNYQSFHFNKT,https://dx.doi.org/10.1038/S41467-022-29683-W,2022-04-20,/projects/ilfgrid/people/pqh443/Git_projects/GPRC_peptide_benchmarking/structure_benchmark_data/cleaned_pdbs/7W57_AB.pdb,"[-23, -22, -21, -20, -19, -18, -17, -16, -15, -14, -13, -12, -11, -10, -9, -8, -7, -6, -5, -4, -3, -2]","[-155, -154, -153, -152, -151, -150, -149, -148, -147, -146, -145, -144, -143, -142, -141, -140, -139, -138, -137, -136, -135, -134, -133, -132, -131, -130, -129, -128, -127, -126, -125, -124, -123, -122, -121, -120, -119, -118, -117, -116, -115, -114, -113, -112, -111, -110, -109, -108, -107, -106, -105, -104, -103, -102, -101, -100, -99, -98, -97, -96, -95, -94, -93, -92, -91, -90, -89, -88, -87, -86, -85, -84, -83, -82, -81, -80, -79, -78, -77, -76, -75, -74, -73, -72, -71, -70, -69, -68, -67, -66, -65, -64, -63, -62, -61, -60, -59, -58, -57, -56, -55, -54, -53, -52, -51, -50, -49, -48, -47, -46, -45, -44, -43, -42, -41, -40, -39, -38, -37, -36, -35, -34, -33, -32, -31, -30, -29, -28, -27, -26, -25, -24, -23, -22, -21, -20, -19, -18, -17, -16, -15, -14, -13, -12, -11, -10, -9, -8, -7, -6, -5, -4, -3, -2, -1, 0, 1, 2, 3, 4, 5, 6, 7, 8, 9, 10, 11, 12, 13, 14, 15, 16, 17, 18, 19, 20, 21, 22, 23, 24, 25, 26, 27, 28, 29, 30, 31, 32, 33, 34, 35, 36, 37, 38, 39, 40, 41, 42, 194, 195, 196, 197, 198, 199, 346, 347, 348, 349, 350, 351, 352, 353, 354, 355, 356, 357, 358, 359, 360, 361, 362, 363, 364, 365, 366, 367, 368, 369, 370, 371, 372, 373, 374, 375, 376, 377, 378, 379, 380, 381, 382, 383, 384, 385, 386, 387, 388, 389, 390, 391, 392, 393, 394, 395, 396, 397, 398, 399, 400, 401, 402, 403, 404, 405, 406, 407, 408, 409, 410, 411, 412, 413, 414, 415]"
7XK8,nmur2_human,Q9GZQ4,Neuromedin-U receptor 2,Class A (Rhodopsin),Neuromedin U receptors,3.3,Electron microscopy,Active,Neuromedin U-25 (human),P,FLFRPRNQ,FRVDEEFQSPFASQSRGYFLFRPRN,R,MSGMEKLQNASWIYQQKLEDPFQKHLNSTEEYLAFLCGPRRSHFFLPVSVVYVPIFVVGVIGNVLVCLVILQHQAMKTPTNYYLFSLAVSDLLVLLLGMPLEVYEMWRNYPFLFGPVGCYFKTALFETVCFASILSITTVSVERYVAILHPFRAKLQSTRRRALRILGIVWGFSVLFSLPNTSIHGIKFHYFPNGSLVPGSATCTVIKPMWIYNFIIQVTSFLFYLLPMTVISVLYYLMALRLKKDKSLEADEGNANIQRPCRKSVNKMLFVLVLVFAICWAPFHIDRLFFSFVEEWSESLAAVFNLVHVVSGVFFYLSSAVNPIIYNLLSRRFQAAFQNVISSFHKQWHSQHDPQLPPAQRNIFLTECHFVELTEDIGPQFPCQSSMHNSHLPAALSSEQMSRTNYQSFHFNKT,DYKDDDDGAPMSGMEKLQNASWIYQQKLEDPFQKHLNSTEEYLAFLCGPRRSHFFLPVSVVYVPIFVVGVIGNVLVCLVILQHQAMKTPTNYYLFSLAVSDLLVLLLGMPLEVYEMWRNYPFLFGPVGCYFKTALFETVCFASILSITTVSVERYVAILHPFRAKLQSTRRRALRILGIVWGFSVLFSLPNTSIHGIKFHYFPNGSLVPGSATCTVIKPMWIYNFIIQVTSFLFYLLPMTVISVLYYLMALRLKKDKSLEADEGNANIQRPCRKSVNKMLFVLVLVFAICWAPFHIDRLFFSFVEEWSESLAAVFNLVHVVSGVFFYLSSAVNPIIYNLLSRRFQAAFQNVISSFEFLEVLFQGPWSHPQFEKGGGSGGGSGGSAWSHPQFEK,https://dx.doi.org/10.1038/S41467-022-34814-4,2023-02-22,/projects/ilfgrid/people/pqh443/Git_projects/GPRC_peptide_benchmarking/structure_benchmark_data/cleaned_pdbs/7XK8_AB.pdb,[],"[-9, -8, -7, -6, -5, -4, -3, -2, -1, 0, 1, 2, 3, 4, 5, 6, 7, 8, 9, 10, 11, 12, 13, 14, 15, 16, 17, 18, 19, 20, 21, 22, 23, 24, 25, 26, 27, 28, 29, 30, 31, 32, 33, 34, 35, 36, 37, 38, 39, 40, 41, 248, 249, 250, 251, 252, 253, 254, 255, 256, 257, 334, 335, 336, 337, 338, 339, 340, 341, 342, 343, 344, 345, 346, 347, 348, 349, 350, 351, 352, 353, 354, 355, 356, 357, 358, 359, 360, 361, 362, 363, 364, 365, 366, 367, 368, 369, 370, 371, 372, 373, 374, 375, 376, 377, 378, 379, 380, 381, 382, 383]"
7YON,npy2r_human,P49146,Neuropeptide Y receptor type 2,Class A (Rhodopsin),Neuropeptide Y receptors,2.95,Electron microscopy,Active,Peptide YY,L,IKPEALNRYYASLRHYLNLVTRQRXX,IKPEAPGEDASPEELNRYYASLRHYLNLVTRQRY,R,MGPIGAEADENQTVEEMKVEQYGPQTTPRGELVPDPEPELIDSTKLIEVQVVLILAYCSIILLGVIGNSLVIHVVIKFKSMRTVTNFFIANLAVADLLVNTLCLPFTLTYTLMGEWKMGPVLCHLVPYAQGLAVQVSTITLTVIALDRHRCIVYHLESKISKRISFLIIGLAWGISALLASPLAIFREYSLIEIIPDFEIVACTEKWPGEEKSIYGTVYSLSSLLILYVLPLGIISFSYTRIWSKLKNHVSPGAANDHYHQRRQKTTKMLVCVVVVFAVSWLPLHAFQLAVDIDSQVLDLKEYKLIFTVFHIIAMCSTFANPLLYGWMNSNYRKAFLSAFRCEQRLDAIHSEVSVTFKAKKNLEVRKNSGPNDSFTEATNV,GPGPIGAEADENQTVEEMKVEQYGPQTTPRGELVPDPEPELIDSTKLIEVQVVLILAYCSIILLGVIGNSLVIHVVIKFKSMRTVTNFFIANLAVADLLVNTLCLPFTLTYTLMGEWKMGPVLCHLVPYAQGLAVQVSTITLTVIALDRYRCIVYHLESKISKRISFLIIGLAWGISALLASPLAIFREYSLIEIIPDFEIVACTEKWPGEEKSIYGTVYSLSSLLILYVLPLGIISFSYTRIWSKLKNHVSPGAANDHYHQRRQKTTKMLVCVVVVFAVCWLPLHAFQLAVDIDSQVLDLKEYKLIFTVFHIIAMCSTFANPLLYGWMNSNYRKAFLSAFRCEQRLDAIHSEVSVTFKAKKNLEVRKNSGPNDSFTEATNVASGLEVLFQ,https://dx.doi.org/10.1016/J.STR.2022.11.010,2023-03-22,/projects/ilfgrid/people/pqh443/Git_projects/GPRC_peptide_benchmarking/structure_benchmark_data/cleaned_pdbs/7YON_AB.pdb,"[8, 9, 10, 11, 12, 13, 14, 15, 16]","[0, 1, 2, 3, 4, 5, 6, 7, 8, 9, 10, 11, 12, 13, 14, 15, 16, 17, 18, 19, 20, 21, 22, 23, 24, 25, 26, 27, 28, 29, 30, 31, 32, 33, 34, 35, 36, 37, 38, 39, 342, 343, 344, 345, 346, 347, 348, 349, 350, 351, 352, 353, 354, 355, 356, 357, 358, 359, 360, 361, 362, 363, 364, 365, 366, 367, 368, 369, 370, 371, 372, 373, 374, 375, 376, 377, 378, 379, 380, 381, 382, 383, 384, 385, 386, 387, 388, 389, 390]"
7YOO,npy2r_human,P49146,Neuropeptide Y receptor type 2,Class A (Rhodopsin),Neuropeptide Y receptors,3.11,Electron microscopy,Active,neuropeptide Y,L,YPSKPDNPGEDAPAEDMARYYSALRHYINLITRQRY,YPSKPDNPGEDAPAEDMARYYSALRHYINLITRQRY,R,MGPIGAEADENQTVEEMKVEQYGPQTTPRGELVPDPEPELIDSTKLIEVQVVLILAYCSIILLGVIGNSLVIHVVIKFKSMRTVTNFFIANLAVADLLVNTLCLPFTLTYTLMGEWKMGPVLCHLVPYAQGLAVQVSTITLTVIALDRHRCIVYHLESKISKRISFLIIGLAWGISALLASPLAIFREYSLIEIIPDFEIVACTEKWPGEEKSIYGTVYSLSSLLILYVLPLGIISFSYTRIWSKLKNHVSPGAANDHYHQRRQKTTKMLVCVVVVFAVSWLPLHAFQLAVDIDSQVLDLKEYKLIFTVFHIIAMCSTFANPLLYGWMNSNYRKAFLSAFRCEQRLDAIHSEVSVTFKAKKNLEVRKNSGPNDSFTEATNV,GPGPIGAEADENQTVEEMKVEQYGPQTTPRGELVPDPEPELIDSTKLIEVQVVLILAYCSIILLGVIGNSLVIHVVIKFKSMRTVTNFFIANLAVADLLVNTLCLPFTLTYTLMGEWKMGPVLCHLVPYAQGLAVQVSTITLTVIALDRYRCIVYHLESKISKRISFLIIGLAWGISALLASPLAIFREYSLIEIIPDFEIVACTEKWPGEEKSIYGTVYSLSSLLILYVLPLGIISFSYTRIWSKLKNHVSPGAANDHYHQRRQKTTKMLVCVVVVFAVCWLPLHAFQLAVDIDSQVLDLKEYKLIFTVFHIIAMCSTFANPLLYGWMNSNYRKAFLSAFRCEQRLDAIHSEVSVTFKAKKNLEVRKNSGPNDSFTEATNVASGLEVLFQ,https://dx.doi.org/10.1016/J.STR.2022.11.010,2023-03-22,/projects/ilfgrid/people/pqh443/Git_projects/GPRC_peptide_benchmarking/structure_benchmark_data/cleaned_pdbs/7YOO_AB.pdb,"[9, 10, 11, 12, 13, 14, 15]","[0, 1, 2, 3, 4, 5, 6, 7, 8, 9, 10, 11, 12, 13, 14, 15, 16, 17, 18, 19, 20, 21, 22, 23, 24, 25, 26, 27, 28, 29, 30, 31, 32, 33, 34, 35, 36, 37, 38, 39, 342, 343, 344, 345, 346, 347, 348, 349, 350, 351, 352, 353, 354, 355, 356, 357, 358, 359, 360, 361, 362, 363, 364, 365, 366, 367, 368, 369, 370, 371, 372, 373, 374, 375, 376, 377, 378, 379, 380, 381, 382, 383, 384, 385, 386, 387, 388, 389, 390]"
7X9B,npy2r_human,P49146,Neuropeptide Y receptor type 2,Class A (Rhodopsin),Neuropeptide Y receptors,3.4,Electron microscopy,Active,neuropeptide Y,P,YPSKPDNPGEDAPAEDMARYYSALRHYINLITRQRY,YPSKPDNPGEDAPAEDMARYYSALRHYINLITRQRY,R,MGPIGAEADENQTVEEMKVEQYGPQTTPRGELVPDPEPELIDSTKLIEVQVVLILAYCSIILLGVIGNSLVIHVVIKFKSMRTVTNFFIANLAVADLLVNTLCLPFTLTYTLMGEWKMGPVLCHLVPYAQGLAVQVSTITLTVIALDRHRCIVYHLESKISKRISFLIIGLAWGISALLASPLAIFREYSLIEIIPDFEIVACTEKWPGEEKSIYGTVYSLSSLLILYVLPLGIISFSYTRIWSKLKNHVSPGAANDHYHQRRQKTTKMLVCVVVVFAVSWLPLHAFQLAVDIDSQVLDLKEYKLIFTVFHIIAMCSTFANPLLYGWMNSNYRKAFLSAFRCEQRLDAIHSEVSVTFKAKKNLEVRKNSGPNDSFTEATNV,MGPIGAEADENQTVEEMKVEQYGPQTTPRGELVPDPEPELIDSTKLIEVQVVLILAYCSIILLGVIGNSLVIHVVIKFKSMRTVTNFFIANLAVADLLVNTLCLPFTLTYTLMGEWKMGPVLCHLVPYAQGLAVQVSTITLTVIALDRHRCIVYHLESKISKRISFLIIGLAWGISALLASPLAIFREYSLIEIIPDFEIVACTEKWPGEEKSIYGTVYSLSSLLILYVLPLGIISFSYTRIWSKLKNHVSPGAANDHYHQRRQKTTKMLVCVVVVFAVSWLPLHAFQLAVDIDSQVLDLKEYKLIFTVFHIIAMCSTFANPLLYGWMNSNYRKAFLSAFRCEQRLDAIHSEVEFLEVLFQGPWSHPQFEKGGGSGGGSGGSAWSHPQFEK,https://dx.doi.org/10.1126/SCIADV.ABM1232,2022-05-18,/projects/ilfgrid/people/pqh443/Git_projects/GPRC_peptide_benchmarking/structure_benchmark_data/cleaned_pdbs/7X9B_AB.pdb,[],"[1, 2, 3, 4, 5, 6, 7, 8, 9, 10, 11, 12, 13, 14, 15, 16, 17, 18, 19, 20, 21, 22, 23, 24, 25, 26, 27, 28, 29, 30, 31, 32, 33, 34, 35, 36, 37, 38, 39, 342, 343, 344, 345, 346, 347, 348, 349, 350, 351, 352, 353, 354, 355, 356, 357, 358, 359, 360, 361, 362, 363, 364, 365, 366, 367, 368, 369, 370, 371, 372, 373, 374, 375, 376, 377, 378, 379, 380, 381, 382, 383, 384, 385, 386, 387, 388, 389, 390, 391]"
7X9C,npy4r_human,P50391,Neuropeptide Y receptor type 4,Class A (Rhodopsin),Neuropeptide Y receptors,3.0,Electron microscopy,Active,Pancreatic polypeptide,P,APLEPVYPGDNATPEQMAQYAADLRRYINMLTRPRX,APLEPVYPGDNATPEQMAQYAADLRRYINMLTRPRY,R,MNTSHLLALLLPKSPQGENRSKPLGTPYNFSEHCQDSVDVMVFIVTSYSIETVVGVLGNLCLMCVTVRQKEKANVTNLLIANLAFSDFLMCLLCQPLTAVYTIMDYWIFGETLCKMSAFIQCMSVTVSILSLVLVALERHQLIINPTGWKPSISQAYLGIVLIWVIACVLSLPFLANSILENVFHKNHSKALEFLADKVVCTESWPLAHHRTIYTTFLLLFQYCLPLGFILVCYARIYRCLQRQGRVFHKGTYSLRAGHMKQVNVVLVVMVVAFAVLWLPLHVFNSLEDWHHEAIPICHGNLIFLVCHLLAMASTCVNPFIYGFLNTNFKKEIKALVLTCQQSAPLEESEHLPLSTVHTEVSKGSLRLSGRSNPI,MNTSHLLALLLPKSPQGENRSKPLGTPYNFSEHCQDSVDVMVFIVTSYSIETVVGVLGNLCLMCVTVRQKEKANVTNLLIANLAFSDFLMCLLCQPLTAVYTIMDYWIFGETLCKMSAFIQCMSVTVSILSLVLVALERHQLIINPTGWKPSISQAYLGIVLIWVIACVLSLPFLANSILENVFHKNHSKALEFLADKVVCTESWPLAHHRTIYTTFLLLFQYCLPLGFILVCYARIYRRLQRQGRVFHKGTYSLRAGHMKQVNVVLVVMVVAFAVLWLPLHVFNSLEDWHHEAIPICHGNLIFLVCHLLAMASTCVNPFIYGFLNTNFKKEIKALVLTCQQEFLEVLFQGPWSHPQFEKGGGSGGGSGGSAWSHPQFEK,https://dx.doi.org/10.1126/SCIADV.ABM1232,2022-05-18,/projects/ilfgrid/people/pqh443/Git_projects/GPRC_peptide_benchmarking/structure_benchmark_data/cleaned_pdbs/7X9C_AB.pdb,[],"[1, 2, 3, 4, 5, 6, 7, 8, 9, 10, 11, 12, 13, 14, 15, 16, 17, 18, 19, 20, 21, 22, 23, 24, 25, 26, 27, 28, 29, 30, 31, 32, 33, 34, 251, 252, 253, 254, 255, 342, 343, 344, 345, 346, 347, 348, 349, 350, 351, 352, 353, 354, 355, 356, 357, 358, 359, 360, 361, 362, 363, 364, 365, 366, 367, 368, 369, 370, 371, 372, 373, 374, 375, 376, 377, 378, 379, 380]"
8F7W,oprk_human,P41145,Kappa-type opioid receptor,Class A (Rhodopsin),Opioid receptors,3.19,Electron microscopy,Active,dynorphin A-(1-8),P,YGGFLRRI,YGGFLRRI,R,MDSPIQIFRGEPGPTCAPSACLPPNSSAWFPGWAEPDSNGSAGSEDAQLEPAHISPAIPVIITAVYSVVFVVGLVGNSLVMFVIIRYTKMKTATNIYIFNLALADALVTTTMPFQSTVYLMNSWPFGDVLCKIVISIDYYNMFTSIFTLTMMSVDRYIAVCHPVKALDFRTPLKAKIINICIWLLSSSVGISAIVLGGTKVREDVDVIECSLQFPDDDYSWWDLFMKICVFIFAFVIPVLIIIVCYTLMILRLKSVRLLSGSREKDRNLRRITRLVLVVVAVFVVCWTPIHIFILVEALGSTSHSTAALSSYYFCIALGYTNSSLNPILYAFLDENFKRCFRDFCFPLKMRMERQSTSRVRNTVQDPAYLRDIDGMNKPV,SPIQIFRGEPGPTCAPSACLPPNSSAWFPGWAEPDSNGSAGSEDAQLEPAHISPAIPVIITAVYSVVFVVGLVGNSLVMFVIIRYTKMKTATNIYIFNLALADALVTTTMPFQSTVYLMNSWPFGDVLCKIVISIDYYNMFTSIFTLTMMSVDRYIAVCHPVKALDFRTPLKAKIINICIWLLSSSVGISAIVLGGTKVREDVDVIECSLQFPDDDYSWWDLFMKICVFIFAFVIPVLIIIVCYTLMILRLKSVRLLSGSREKDRNLRRITRLVLVVVAVFVVCWTPIHIFILVEALGSTSHSTAALSSYYFCIALGYTNSSLNPILYAFLDENFKRCFRDFCFPLKMRMERQSTSRVRNTVQDPAYLRDIDGMNKPV,https://dx.doi.org/10.1016/J.CELL.2022.12.026,2022-12-14,/projects/ilfgrid/people/pqh443/Git_projects/GPRC_peptide_benchmarking/structure_benchmark_data/cleaned_pdbs/8F7W_AB.pdb,[],"[3, 4, 5, 6, 7, 8, 9, 10, 11, 12, 13, 14, 15, 16, 17, 18, 19, 20, 21, 22, 23, 24, 25, 26, 27, 28, 29, 30, 31, 32, 33, 34, 35, 36, 37, 38, 39, 40, 41, 42, 43, 44, 45, 46, 47, 48, 49, 50, 51, 52, 53, 54, 55, 56, 343, 344, 345, 346, 347, 348, 349, 350, 351, 352, 353, 354, 355, 356, 357, 358, 359, 360, 361, 362, 363, 364, 365, 366, 367, 368, 369, 370, 371, 372, 373, 374, 375, 376, 377, 378, 379, 380]"
7Y1F,oprk_human,P41145,Kappa-type opioid receptor,Class A (Rhodopsin),Opioid receptors,3.3,Electron microscopy,Active,dynorphin A-(1-8),F,YGGFLRRI,YGGFLRRIRPKLK,R,MDSPIQIFRGEPGPTCAPSACLPPNSSAWFPGWAEPDSNGSAGSEDAQLEPAHISPAIPVIITAVYSVVFVVGLVGNSLVMFVIIRYTKMKTATNIYIFNLALADALVTTTMPFQSTVYLMNSWPFGDVLCKIVISIDYYNMFTSIFTLTMMSVDRYIAVCHPVKALDFRTPLKAKIINICIWLLSSSVGISAIVLGGTKVREDVDVIECSLQFPDDDYSWWDLFMKICVFIFAFVIPVLIIIVCYTLMILRLKSVRLLSGSREKDRNLRRITRLVLVVVAVFVVCWTPIHIFILVEALGSTSHSTAALSSYYFCIALGYTNSSLNPILYAFLDENFKRCFRDFCFPLKMRMERQSTSRVRNTVQDPAYLRDIDGMNKPV,MKTIIALSYIFCLVFADYKDDDDAKLQTMHHHHHHHHHHENLYFQGGTADLEDNWETLNDNLKVIEKADNAAQVKDALTKMRAAALDAQKATPPKLEDKSPDSPEMKDFRHGFDILVGQIDDALKLANEGKVKEAQAAAEQLKTTRNAYIQKYLEISPAIPVIITAVYSVVFVVGLVGNSLVMFVIIRYTKMKTATNIYIFNLALADALVTTTMPFQSTVYLMNSWPFGDVLCKIVLSIDYYNMFTSIFTLTMMSVDRYIAVCHPVKALDFRTPLKAKIINICIWLLSSSVGISAIVLGGTKVREDVDVIECSLQFPDDDYSWWDLFMKICVFIFAFVIPVLIIIVCYTLMILRLKSVRLLSGSREKDRNLRRITRLVLVVVAVFVVCWTPIHIFILVEALGSTSHSTAALSSYYFCIALGYTNSSLNPILYAFLDENFKRCFRDFCFPLKMRMERQSTS,https://dx.doi.org/10.1093/PROCEL/PWAC033,2023-05-24,/projects/ilfgrid/people/pqh443/Git_projects/GPRC_peptide_benchmarking/structure_benchmark_data/cleaned_pdbs/7Y1F_AB.pdb,"[10, 11, 12, 13]","[1, 2, 3, 4, 5, 6, 7, 8, 9, 10, 11, 12, 13, 14, 15, 16, 17, 18, 19, 20, 21, 22, 23, 24, 25, 26, 27, 28, 29, 30, 31, 32, 33, 34, 35, 36, 37, 38, 39, 40, 41, 42, 43, 44, 45, 46, 47, 48, 49, 50, 51, 52, 53, 54, 55, 56, 57, 58, 59, 60, 61, 62, 63, 64, 65, 66, 67, 68, 69, 70, 71, 72, 73, 74, 75, 76, 77, 78, 79, 80, 81, 82, 83, 84, 85, 86, 87, 88, 89, 90, 91, 92, 93, 94, 95, 96, 97, 98, 99, 100, 101, 102, 103, 104, 105, 106, 107, 108, 109, 110, 111, 112, 113, 114, 115, 116, 117, 118, 119, 120, 121, 122, 123, 124, 125, 126, 127, 128, 129, 130, 131, 132, 133, 134, 135, 136, 137, 138, 139, 140, 141, 142, 143, 144, 145, 146, 147, 148, 149, 150, 151, 152, 153, 154, 155, 156, 157, 442, 443, 444, 445, 446, 447, 448, 449, 450, 451, 452, 453, 454, 455, 456, 457, 458, 459, 460]"
8F7Q,oprm_human,P35372,Mu-type opioid receptor,Class A (Rhodopsin),Opioid receptors,3.22,Electron microscopy,Active,&beta;-endorphin,P,YGGFMTSEKSQTPLVTLFKNAIIKNAYKKGE,YGGFMTSEKSQTPLVTLFKNAIIKNAYKKGE,R,MDSSAAPTNASNCTDALAYSSCSPAPSPGSWVNLSHLDGNLSDPCGPNRTDLGGRDSLCPPTGSPSMITAITIMALYSIVCVVGLFGNFLVMYVIVRYTKMKTATNIYIFNLALADALATSTLPFQSVNYLMGTWPFGTILCKIVISIDYYNMFTSIFTLCTMSVDRYIAVCHPVKALDFRTPRNAKIINVCNWILSSAIGLPVMFMATTKYRQGSIDCTLTFSHPTWYWENLLKICVFIFAFIMPVLIITVCYGLMILRLKSVRMLSGSKEKDRNLRRITRMVLVVVAVFIVCWTPIHIYVIIKALVTIPETTFQTVSWHFCIALGYTNSCLNPVLYAFLDENFKRCFREFCIPTSSNIEQQNSTRIRQNTRDHPSTANTVDRTNHQLENLEAETAPLP,DYKDDDDVDSSAAPTNASNCTDALAYSSCSPAPSPGSWVNLSHLDGNLSDPCGPNRTDLGGRDSLCPPTGSPSMITAITIMALYSIVCVVGLFGNFLVMYVIVRYTKMKTATNIYIFNLALADALATSTLPFQSVNYLMGTWPFGTILCKIVISIDYYNMFTSIWTLCTMSVDRYIAVCHPVKALDFRTPRNAKIINVCNWILSSAIGLPVMFMATTKYRQGSIDCTLTFSHPTWYWENLLKICVFIFAFIMPVLIITVCYGLMILRLKSVRMLSGSKEKDRNLRRITRMVLVVVAVFIVCWTPIHIYVIIKALVTIPETTFQTVSWHFCIALGYTNSCLNPVLYAFLDENFKRCFREFCIPTSSNIEQQNSTRIRQNTRDHPSTANTVDRTNHQHHHHHHHH,https://dx.doi.org/10.1016/J.CELL.2022.12.026,2022-12-14,/projects/ilfgrid/people/pqh443/Git_projects/GPRC_peptide_benchmarking/structure_benchmark_data/cleaned_pdbs/8F7Q_AB.pdb,"[22, 23, 24, 25, 26, 27, 28, 29, 30, 31]","[-6, -5, -4, -3, -2, -1, 0, 1, 2, 3, 4, 5, 6, 7, 8, 9, 10, 11, 12, 13, 14, 15, 16, 17, 18, 19, 20, 21, 22, 23, 24, 25, 26, 27, 28, 29, 30, 31, 32, 33, 34, 35, 36, 37, 38, 39, 40, 41, 42, 43, 44, 45, 46, 47, 48, 49, 50, 51, 52, 53, 54, 55, 56, 57, 58, 59, 60, 61, 62, 63, 64, 65, 353, 354, 355, 356, 357, 358, 359, 360, 361, 362, 363, 364, 365, 366, 367, 368, 369, 370, 371, 372, 373, 374, 375, 376, 377, 378, 379, 380, 381, 382, 383, 384, 385, 386, 387, 388, 389, 390, 391, 392, 393, 394, 395, 396]"
8F7R,oprm_human,P35372,Mu-type opioid receptor,Class A (Rhodopsin),Opioid receptors,3.28,Electron microscopy,Active,endomorphin-1,P,YPWF,YPWF,R,MDSSAAPTNASNCTDALAYSSCSPAPSPGSWVNLSHLDGNLSDPCGPNRTDLGGRDSLCPPTGSPSMITAITIMALYSIVCVVGLFGNFLVMYVIVRYTKMKTATNIYIFNLALADALATSTLPFQSVNYLMGTWPFGTILCKIVISIDYYNMFTSIFTLCTMSVDRYIAVCHPVKALDFRTPRNAKIINVCNWILSSAIGLPVMFMATTKYRQGSIDCTLTFSHPTWYWENLLKICVFIFAFIMPVLIITVCYGLMILRLKSVRMLSGSKEKDRNLRRITRMVLVVVAVFIVCWTPIHIYVIIKALVTIPETTFQTVSWHFCIALGYTNSCLNPVLYAFLDENFKRCFREFCIPTSSNIEQQNSTRIRQNTRDHPSTANTVDRTNHQLENLEAETAPLP,DYKDDDDVDSSAAPTNASNCTDALAYSSCSPAPSPGSWVNLSHLDGNLSDPCGPNRTDLGGRDSLCPPTGSPSMITAITIMALYSIVCVVGLFGNFLVMYVIVRYTKMKTATNIYIFNLALADALATSTLPFQSVNYLMGTWPFGTILCKIVISIDYYNMFTSIFTLCTMSVDRYIAVCHPVKALDFRTPRNAKIINVCNWILSSAIGLPVMFMATTKYRQGSIDCTLTFSHPTWYWENLLKICVFIFAFIMPVLIITVCYGLMILRLKSVRMLSGSKEKDRNLRRITRMVLVVVAVFIVCWTPIHIYVIIKALVTIPETTFQTVSWHFCIALGYTNSCLNPVLYAFLDENFKRCFREFCIPTSSNIEQQNSTRIRQNTRDHPSTANTVDRTNHQHHHHHHHH,https://dx.doi.org/10.1016/J.CELL.2022.12.026,2022-12-14,/projects/ilfgrid/people/pqh443/Git_projects/GPRC_peptide_benchmarking/structure_benchmark_data/cleaned_pdbs/8F7R_AB.pdb,[],"[-6, -5, -4, -3, -2, -1, 0, 1, 2, 3, 4, 5, 6, 7, 8, 9, 10, 11, 12, 13, 14, 15, 16, 17, 18, 19, 20, 21, 22, 23, 24, 25, 26, 27, 28, 29, 30, 31, 32, 33, 34, 35, 36, 37, 38, 39, 40, 41, 42, 43, 44, 45, 46, 47, 48, 49, 50, 51, 52, 53, 54, 55, 56, 57, 58, 59, 60, 61, 62, 63, 64, 65, 353, 354, 355, 356, 357, 358, 359, 360, 361, 362, 363, 364, 365, 366, 367, 368, 369, 370, 371, 372, 373, 374, 375, 376, 377, 378, 379, 380, 381, 382, 383, 384, 385, 386, 387, 388, 389, 390, 391, 392, 393, 394, 395, 396]"
8EFQ,oprm_human,P35372,Mu-type opioid receptor,Class A (Rhodopsin),Opioid receptors,3.3,Electron microscopy,Active,DAMGO,P,YAGFG,YAGF,R,MDSSAAPTNASNCTDALAYSSCSPAPSPGSWVNLSHLDGNLSDPCGPNRTDLGGRDSLCPPTGSPSMITAITIMALYSIVCVVGLFGNFLVMYVIVRYTKMKTATNIYIFNLALADALATSTLPFQSVNYLMGTWPFGTILCKIVISIDYYNMFTSIFTLCTMSVDRYIAVCHPVKALDFRTPRNAKIINVCNWILSSAIGLPVMFMATTKYRQGSIDCTLTFSHPTWYWENLLKICVFIFAFIMPVLIITVCYGLMILRLKSVRMLSGSKEKDRNLRRITRMVLVVVAVFIVCWTPIHIYVIIKALVTIPETTFQTVSWHFCIALGYTNSCLNPVLYAFLDENFKRCFREFCIPTSSNIEQQNSTRIRQNTRDHPSTANTVDRTNHQLENLEAETAPLP,DSSAAPTNASNCTDALAYSSCSPAPSPGSWVNLSHLDGNLSDPCGPNRTDLGGRDSLCPPTGSPSMITAITIMALYSIVCVVGLFGNFLVMYVIVRYTKMKTATNIYIFNLALADALATSTLPFQSVNYLMGTWPFGTILCKIVISIDYYNMFTSIFTLCTMSVDRYIAVCHPVKALDFRTPRNAKIINVCNWILSSAIGLPVMFMATTKYRQGSIDCTLTFSHPTWYWENLLKICVFIFAFIMPVLIITVCYGLMILRLKSVRMLSGSKEKDRNLRRITRMVLVVVAVFIVCWTPIHIYVIIKALVTIPETTFQTVSWHFCIALGYTNSCLNPVLYAFLDENFKRCFREFCIPTSSNIEQQNSTRI,https://dx.doi.org/10.1016/J.CELL.2022.09.041,2022-11-09,/projects/ilfgrid/people/pqh443/Git_projects/GPRC_peptide_benchmarking/structure_benchmark_data/cleaned_pdbs/8EFQ_AB.pdb,[],"[2, 3, 4, 5, 6, 7, 8, 9, 10, 11, 12, 13, 14, 15, 16, 17, 18, 19, 20, 21, 22, 23, 24, 25, 26, 27, 28, 29, 30, 31, 32, 33, 34, 35, 36, 37, 38, 39, 40, 41, 42, 43, 44, 45, 46, 47, 48, 49, 50, 51, 52, 53, 54, 55, 56, 57, 58, 59, 60, 61, 62, 63, 64, 65, 66, 350, 351, 352, 353, 354, 355, 356, 357, 358, 359, 360, 361, 362, 363, 364, 365, 366, 367, 368]"
8F7X,oprx_human,P41146,Nociceptin receptor,Class A (Rhodopsin),Opioid receptors,3.28,Electron microscopy,Active,nociceptin/orphanin FQ,P,FGGFTGARKSARKLANQ,FGGFTGARKSARKL,R,MEPLFPAPFWEVIYGSHLQGNLSLLSPNHSLLPPHLLLNASHGAFLPLGLKVTIVGLYLAVCVGGLLGNCLVMYVILRHTKMKTATNIYIFNLALADTLVLLTLPFQGTDILLGFWPFGNALCKTVIAIDYYNMFTSTFTLTAMSVDRYVAICHPIRALDVRTSSKAQAVNVAIWALASVVGVPVAIMGSAQVEDEEIECLVEIPTPQDYWGPVFAICIFLFSFIVPVLVISVCYSLMIRRLRGVRLLSGSREKDRNLRRITRLVLVVVAVFVGCWTPVQVFVLAQGLGVQPSSETAVAILRFCTALGYVNSCLNPILYAFLDENFKACFRKFCCASALRRDVQVSDRVRSIAKDVALACKTSETVPRPA,EPLFPAPFWEVIYGSHLQGNLSLLSPNHSLLPPHLLLNASHGAFLPLGLKVTIVGLYLAVCVGGLLGNCLVMYVILRHTKMKTATNIYIFNLALADTLVLLTLPFQGTDILLGFWPFGNALCKTVIAIDYYNMFTSTFTLTAMSVDRYVAICHPIRALDVRTSSKAQAVNVAIWALASVVGVPVAIMGSAQVEDEEIECLVEIPTPQDYWGPVFAICIFLFSFIVPVLVISVCYSLMIRRLRGVRLLSGSREKDRNLRRITRLVLVVVAVFVGCWTPVQVFVLAQGLGVQPSSETAVAILRFCTALGYVNSCLNPILYAFLDENFKACFRKFCCASALRRDVQVSDRVRSIAKDVALACKTSETVPRPA,https://dx.doi.org/10.1016/J.CELL.2022.12.026,2022-12-14,/projects/ilfgrid/people/pqh443/Git_projects/GPRC_peptide_benchmarking/structure_benchmark_data/cleaned_pdbs/8F7X_AB.pdb,[],"[2, 3, 4, 5, 6, 7, 8, 9, 10, 11, 12, 13, 14, 15, 16, 17, 18, 19, 20, 21, 22, 23, 24, 25, 26, 27, 28, 29, 30, 31, 32, 33, 34, 35, 36, 37, 38, 39, 40, 41, 42, 43, 44, 45, 46, 47, 48, 334, 335, 336, 337, 338, 339, 340, 341, 342, 343, 344, 345, 346, 347, 348, 349, 350, 351, 352, 353, 354, 355, 356, 357, 358, 359, 360, 361, 362, 363, 364, 365, 366, 367, 368, 369, 370]"
7XMS,ssr4_human,P31391,Somatostatin receptor type 4,Class A (Rhodopsin),Somatostatin receptors,2.9,Electron microscopy,Active,SOMATOSTATIN,L,AGCKNFFWKTFTSC,AGCKNFFWKTFTSC,R,MSAPSTLPPGGEEGLGTAWPSAANASSAPAEAEEAVAGPGDARAAGMVAIQCIYALVCLVGLVGNALVIFVILRYAKMKTATNIYLLNLAVADELFMLSVPFVASSAALRHWPFGSVLCRAVLSVDGLNMFTSVFCLTVLSVDRYVAVVHPLRAATYRRPSVAKLINLGVWLASLLVTLPIAIFADTRPARGGQAVACNLQWPHPAWSAVFVVYTFLLGFLLPVLAIGLCYLLIVGKMRAVALRAGWQQRRRSEKKITRLVLMVVVVFVLCWMPFYVVQLLNLFVTSLDATVNHVSLILSYANSCANPILYGFLSDNFRRFFQRVLCLRCCLLEGAGGAEEEPLDYYATALKSKGGAGCMCPPLPCQQEALQPEPGRKRIPLTRTTTF,DYKDDDDGAPSAPSTLPPGGEEGLGTAWPSAANASSAPAEAEEAVAGPGDARAAGMVAIQCIYALVCLVGLVGNALVIFVILRYAKMKTATNIYLLNLAVADELFMLSVPFVASSAALRHWPFGSVLCRAVLSVDGLNMFTSVFCLTVLSVDRYVAVVHPLRAATYRRPSVAKLINLGVWLASLLVTLPIAIFADTRPARGGQAVACNLQWPHPAWSAVFVVYTFLLGFLLPVLAIGLCYLLIVGKMRAVALRAGWQQRRRSEKKITRLVLMFVVVFVLCWMPFYVVQLLNLFVTSLDATVNHVSLILSYANSCANPILYGFLSDNFRRFFQRVLCLEFLEVLFQGPWSHPQFEKGGGSGGGSGGSAWSHPQFEK,https://dx.doi.org/10.1038/S41422-022-00679-X,2022-08-03,/projects/ilfgrid/people/pqh443/Git_projects/GPRC_peptide_benchmarking/structure_benchmark_data/cleaned_pdbs/7XMS_AB.pdb,"[1, 2]","[-8, -7, -6, -5, -4, -3, -2, -1, 0, 1, 2, 3, 4, 5, 6, 7, 8, 9, 10, 11, 12, 13, 14, 15, 16, 17, 18, 19, 20, 21, 22, 23, 24, 25, 26, 27, 28, 29, 30, 31, 32, 33, 34, 35, 36, 37, 38, 39, 40, 41, 42, 43, 44, 45, 46, 323, 324, 325, 326, 327, 328, 329, 330, 331, 332, 333, 334, 335, 336, 337, 338, 339, 340, 341, 342, 343, 344, 345, 346, 347, 348, 349, 350, 351, 352, 353, 354, 355, 356, 357, 358, 359, 360, 361, 362, 363, 364, 365, 366]"
7XW9,trfr_human,P34981,Thyrotropin-releasing hormone receptor,Class A (Rhodopsin),Thyrotropin-releasing hormone receptors,2.7,Electron microscopy,Active,TRH,L,XHX,QHP,R,MENETVSELNQTQLQPRAVVALEYQVVTILLVLIICGLGIVGNIMVVLVVMRTKHMRTPTNCYLVSLAVADLMVLVAAGLPNITDSIYGSWVYGYVGCLCITYLQYLGINASSCSITAFTIERYIAICHPIKAQFLCTFSRAKKIIIFVWAFTSLYCMLWFFLLDLNISTYKDAIVISCGYKISRNYYSPIYLMDFGVFYVVPMILATVLYGFIARILFLNPIPSDPKENSKTWKNDSTHQNTNLNVNTSNRCFNSTVSSRKQVTKMLAVVVILFALLWMPYRTLVVVNSFLSSPFQENWFLLFCRICIYLNSAINPVIYNLMSQKFRAAFRKLCNCKQKPTEKPANYSVALNYSVIKESDHFSTELDDITVTDTYLSATKVSFDDTCLASEVSFSQS,MENETVSELNQTQLQPRAVVALEYQVVTILLVLIICGLGIVGNIMVVLVVMRTKHMRTPTNCYLVSLAVADLMVLVAAGLPNITDSIYGSWVYGYVGCLCITYLQYLGINASSCSITAFTIERYIAICHPIKAQFLCTFSRAKKIIIFVWAFTSLYCMLWFFLLDLNISTYKDAIVISCGYKISRNYYSPIYLMDFGVFYVVPMILATVLYGFIARILFLNPIPSDPKENSKTWKNDSTHQNTNLNVNTSNRCFNSTVSSRKQVTKMLAVVVILFALLWMPYRTLVVVNSFLSSPFQENWFLLFCRICIYLNSAINPVIYNLMSQKFRAAFRKLCNCKQKPTEKPANYSVALNYSVIKESDHFSTELDDITVTDTYLSATKVSFDDTCLASEVSFSQS,,2022-12-28,/projects/ilfgrid/people/pqh443/Git_projects/GPRC_peptide_benchmarking/structure_benchmark_data/cleaned_pdbs/7XW9_AB.pdb,[],"[1, 2, 3, 4, 5, 6, 7, 8, 9, 10, 11, 12, 221, 222, 223, 224, 225, 226, 227, 228, 229, 230, 231, 232, 233, 234, 235, 236, 237, 238, 239, 240, 241, 242, 243, 244, 245, 246, 247, 248, 249, 250, 251, 252, 253, 254, 255, 256, 337, 338, 339, 340, 341, 342, 343, 344, 345, 346, 347, 348, 349, 350, 351, 352, 353, 354, 355, 356, 357, 358, 359, 360, 361, 362, 363, 364, 365, 366, 367, 368, 369, 370, 371, 372, 373, 374, 375, 376, 377, 378, 379, 380, 381, 382, 383, 384, 385, 386, 387, 388, 389, 390, 391, 392, 393, 394, 395, 396, 397, 398]"
7WKD,trfr_human,P34981,Thyrotropin-releasing hormone receptor,Class A (Rhodopsin),Thyrotropin-releasing hormone receptors,3.01,Electron microscopy,Active,TRH,C,XHX,QHP,R,MENETVSELNQTQLQPRAVVALEYQVVTILLVLIICGLGIVGNIMVVLVVMRTKHMRTPTNCYLVSLAVADLMVLVAAGLPNITDSIYGSWVYGYVGCLCITYLQYLGINASSCSITAFTIERYIAICHPIKAQFLCTFSRAKKIIIFVWAFTSLYCMLWFFLLDLNISTYKDAIVISCGYKISRNYYSPIYLMDFGVFYVVPMILATVLYGFIARILFLNPIPSDPKENSKTWKNDSTHQNTNLNVNTSNRCFNSTVSSRKQVTKMLAVVVILFALLWMPYRTLVVVNSFLSSPFQENWFLLFCRICIYLNSAINPVIYNLMSQKFRAAFRKLCNCKQKPTEKPANYSVALNYSVIKESDHFSTELDDITVTDTYLSATKVSFDDTCLASEVSFSQS,MENETVSELNQTQLQPRAVVALEYQVVTILLVLIICGLGIVGNIMVVLVVMRTKHMRTPTNCYLVSLAVADLMVLVAAGLPNITDSIYGSWVYGYVGCLCITYLQYLGINASSCSITAFTIERYIAICHPIKAQFLCTFSRAKKIIIFVWAFTSLYCMLWFFLLDLNISTYKDAIVISCGYKISRNYYSPIYLMDFGVFYVVPMILATVLYGFIARILFLNPIPSDPKENSKTWKNDSTHQNTNLNVNTSNRCFNSTVSSRKQVTKMLAVVVILFALLWMPYRTLVVVNSFLSSPFQENWFLLFCRICIYLNSAINPVIYNLMSQKFRAAFRKLCNCKQKPTEKPANYSVALNYSVIKESDHFSTELDDITVTDTYLSATKVSFDDTCLASEVSFSQS,https://dx.doi.org/10.1038/S41422-022-00641-X,2022-06-15,/projects/ilfgrid/people/pqh443/Git_projects/GPRC_peptide_benchmarking/structure_benchmark_data/cleaned_pdbs/7WKD_AB.pdb,[],"[1, 2, 3, 4, 5, 6, 7, 8, 9, 10, 11, 12, 13, 14, 15, 16, 17, 18, 19, 20, 21, 22, 23, 24, 25, 168, 169, 170, 171, 172, 173, 174, 175, 176, 222, 223, 224, 225, 226, 227, 228, 229, 230, 231, 232, 233, 234, 235, 236, 237, 238, 239, 240, 241, 242, 243, 244, 245, 246, 247, 248, 249, 250, 251, 252, 253, 254, 255, 256, 257, 258, 259, 260, 337, 338, 339, 340, 341, 342, 343, 344, 345, 346, 347, 348, 349, 350, 351, 352, 353, 354, 355, 356, 357, 358, 359, 360, 361, 362, 363, 364, 365, 366, 367, 368, 369, 370, 371, 372, 373, 374, 375, 376, 377, 378, 379, 380, 381, 382, 383, 384, 385, 386, 387, 388, 389, 390, 391, 392, 393, 394, 395, 396, 397, 398]"
7VQX,vipr2_human,P41587,Vasoactive intestinal polypeptide receptor 2,Class B1 (Secretin),VIP and PACAP receptors,2.74,Electron microscopy,Active,PACAP-27,L,HSDGIFTDSYSRYRKQMAVKKYLAAVL,HSDGIFTDSYSRYRKQMAVKKYLAAVL,R,ECRFHLEIQEEETKCAELLRSQTEKHKACSGVWDNITCWRPANVGETVTVPCPKVFSNFYSKAGNISKNCTSDGWSETFPDFVDACGYSDPEDESKITFYILVKAIYTLGYSVSLMSLATGSIILCLFRKLHCTRNYIHLNLFLSFILRAISVLVKDDVLYSSSGTLHCPDQPSSWVGCKLSLVFLQYCIMANFFWLLVEGLYLHTLLVAMLPPRRCFLAYLLIGWGLPTVCIGAWTAARLYLEDTGCWDTNDHSVPWWVIRIPILISIIVNFVLFISIIRILLQKLTSPDVGGNDQSQYKRLAKSTLLLIPLFGVHYMVFAVFPISISSKYQILFELCLGSFQGLVVAVLYCFLNSEVQCELKRKWRSRCPTPSASRDYRVCGSSFSRNGSEGALQFHRGSRAQSFLQTETSVI,ECRFHLEIQEEETKCAELLRSQTEKHKACSGVWDNITCWRPANVGETVTVPCPKVFSNFYSKAGNISKNCTSDGWSETFPDFVDACGYSDPEDESKITFYILVKAIYTLGYSVSLMSLATGSIILCLFRKLHCTRNYIHLNLFLSFILRAISVLVKDDVLYSSSGTLHCPDQPSSWVGCKLSLVFLQYCIMANFFWLLVEGLYLHTLLVAMLPPRRCFLAYLLIGWGLPTVCIGAWTAARLYLEDTGCWDTNDHSVPWWVIRIPILISIIVNFVLFISIIRILLQKLTSPDVGGNDQSQYKRLAKSTLLLIPLFGVHYMVFAVFPISISSKYQILFELCLGSFQGLVVAVLYCFLNSEVQCELKRKWRSRCPTPSASRDYRVCGSSFSRNGSEGALQFHRGSRAQSFLQTETSVIVFTLEDFVGDWEQTAAYNLDQVLEQGGVSSLLQNLAVSVTPIQRIVRSGENALKIDIHVIIPYEGLSADQMAQIEEVFKVVYPVDDHHFKVILPYGTLVIDGVTPNMLNYFGRPYEGIAVFDGKKITVTGTLWNGNKIIDERLITPDGSMLFRVTINS,https://dx.doi.org/10.1038/S41467-022-30041-Z,2022-05-18,/projects/ilfgrid/people/pqh443/Git_projects/GPRC_peptide_benchmarking/structure_benchmark_data/cleaned_pdbs/7VQX_AB.pdb,[],"[313, 314, 315, 316, 317, 318, 319, 320, 321, 394, 395, 396, 397, 398, 399, 400, 401, 402, 403, 404, 405, 406, 407, 408, 409, 410, 411, 412, 413, 414, 415, 416, 417, 418, 419, 420, 421, 422, 423, 424, 425, 426, 427, 428, 429, 430, 431, 432, 433, 434, 435, 436, 437, 438, 439, 440, 441, 442, 443, 444, 445, 446, 447, 448, 449, 450, 451, 452, 453, 454, 455, 456, 457, 458, 459, 460, 461, 462, 463, 464, 465, 466, 467, 468, 469, 470, 471, 472, 473, 474, 475, 476, 477, 478, 479, 480, 481, 482, 483, 484, 485, 486, 487, 488, 489, 490, 491, 492, 493, 494, 495, 496, 497, 498, 499, 500, 501, 502, 503, 504, 505, 506, 507, 508, 509, 510, 511, 512, 513, 514, 515, 516, 517, 518, 519, 520, 521, 522, 523, 524, 525, 526, 527, 528, 529, 530, 531, 532, 533, 534, 535, 536, 537, 538, 539, 540, 541, 542, 543, 544, 545, 546, 547, 548, 549, 550, 551, 552, 553, 554, 555, 556, 557, 558, 559, 560, 561, 562, 563, 564, 565, 566, 567, 568, 569, 570, 571, 572, 573, 574, 575, 576, 577, 578, 579, 580, 581, 582, 583, 584, 585, 586, 587, 588, 589, 590, 591, 592, 593, 594, 595, 596]"
7WBJ,vipr2_human,P41587,Vasoactive intestinal polypeptide receptor 2,Class B1 (Secretin),VIP and PACAP receptors,3.42,Electron microscopy,Active,PACAP-27,L,HSDGIFTDSYSRYRKQMAVKKYLAAVL,HSDGIFTDSYSRYRKQMAVKKYLAAVL,R,ECRFHLEIQEEETKCAELLRSQTEKHKACSGVWDNITCWRPANVGETVTVPCPKVFSNFYSKAGNISKNCTSDGWSETFPDFVDACGYSDPEDESKITFYILVKAIYTLGYSVSLMSLATGSIILCLFRKLHCTRNYIHLNLFLSFILRAISVLVKDDVLYSSSGTLHCPDQPSSWVGCKLSLVFLQYCIMANFFWLLVEGLYLHTLLVAMLPPRRCFLAYLLIGWGLPTVCIGAWTAARLYLEDTGCWDTNDHSVPWWVIRIPILISIIVNFVLFISIIRILLQKLTSPDVGGNDQSQYKRLAKSTLLLIPLFGVHYMVFAVFPISISSKYQILFELCLGSFQGLVVAVLYCFLNSEVQCELKRKWRSRCPTPSASRDYRVCGSSFSRNGSEGALQFHRGSRAQSFLQTETSVI,DYKDDDDVDHHHHHHHHECRFHLEIQEEETKCAELLRSQTEKHKACSGVWDNITCWRPANVGETVTVPCPKVFSNFYSKAGNISKNCTSDGWSETFPDFVDACGYSDPEDESKITFYILVKAIYTLGYSVSLMSLATGSIILCLFRKLHCTRNYIHLNLFLSFILRAISVLVKDDVLYSSSGTLHCPDQPSSWVGCKLSLVFLQYCIMANFFWLLVEGLYLHTLLVAMLPPRRCFLAYLLIGWGLPTVCIGAWTAARLYLEDTGCWDTNDHSVPWWVIRIPILISIIVNFVLFISIIRILLQKLTSPDVGGNDQSQYKRLAKSTLLLIPLFGVHYMVFAVFPISISSKYQILFELCLGSFQGLVVAVLYCFLNSEVQCELKRKWRSRCPTPSASRDYRVCGSSFSRNGSEGALQFHRGSRAQSFLQTETSVI,https://dx.doi.org/10.1038/S41467-022-30041-Z,2022-05-18,/projects/ilfgrid/people/pqh443/Git_projects/GPRC_peptide_benchmarking/structure_benchmark_data/cleaned_pdbs/7WBJ_AB.pdb,[],"[7, 8, 9, 10, 11, 12, 13, 14, 15, 16, 17, 18, 19, 20, 21, 22, 23, 24, 25, 313, 314, 315, 316, 317, 318, 319, 320, 321, 394, 395, 396, 397, 398, 399, 400, 401, 402, 403, 404, 405, 406, 407, 408, 409, 410, 411, 412, 413, 414, 415, 416, 417, 418, 419, 420, 421, 422, 423, 424, 425, 426, 427, 428, 429, 430, 431, 432, 433, 434, 435, 436, 437, 438]"
