Input,InteractionProbability,identifier
cckar_human___864.pdb,0.634,cckar_human___864
ghsr_human___2156.pdb,0.6248,ghsr_human___2156
lgr4_human___573.pdb,0.2562,lgr4_human___573
c5ar1_human___573.pdb,0.3035,c5ar1_human___573
oprm_human___5654.pdb,0.642,oprm_human___5654
ednrb_human___613.pdb,0.5397,ednrb_human___613
pacr_human___3570.pdb,0.2707,pacr_human___3570
fzd2_human___1157.pdb,0.35,fzd2_human___1157
ssr1_human___5654.pdb,0.6404,ssr1_human___5654
ntr2_human___1099.pdb,0.3819,ntr2_human___1099
grpr_human___1136.pdb,0.6154,grpr_human___1136
agtr2_human___1790.pdb,0.3683,agtr2_human___1790
cml1_human___2945.pdb,0.3243,cml1_human___2945
ntr1_human___798.pdb,0.2238,ntr1_human___798
gipr_human___1140.pdb,0.1921,gipr_human___1140
ntr1_human___1579.pdb,0.5755,ntr1_human___1579
gpr37_human___3594.pdb,0.5319,gpr37_human___3594
nk3r_human___2090.pdb,0.6058,nk3r_human___2090
ox2r_human___3735.pdb,0.347,ox2r_human___3735
ccr2_human___798.pdb,0.4338,ccr2_human___798
mrgx1_human___687.pdb,0.5947,mrgx1_human___687
par4_human___11417.pdb,0.642,par4_human___11417
acthr_human___1320.pdb,0.6544,acthr_human___1320
oprd_human___2019.pdb,0.6301,oprd_human___2019
cxcr3_human___6067.pdb,0.6351,cxcr3_human___6067
c5ar2_human___3548.pdb,0.4163,c5ar2_human___3548
hrh4_human___1298.pdb,0.5065,hrh4_human___1298
bkrb2_human___582.pdb,0.5602,bkrb2_human___582
kissr_human___3594.pdb,0.2395,kissr_human___3594
cx3c1_human___3548.pdb,0.4913,cx3c1_human___3548
qrfpr_human___681.pdb,0.2178,qrfpr_human___681
glp2r_human___856.pdb,0.2362,glp2r_human___856
ackr4_human___810.pdb,0.1931,ackr4_human___810
galr1_human___573.pdb,0.2387,galr1_human___573
cxcr4_human___5654.pdb,0.6051,cxcr4_human___5654
oprd_human___1162.pdb,0.6068,oprd_human___1162
v1br_human___2168.pdb,0.6319,v1br_human___2168
fpr1_human___613.pdb,0.5155,fpr1_human___613
ccr4_human___856.pdb,0.2154,ccr4_human___856
cxcr4_human___808.pdb,0.5806,cxcr4_human___808
xcr1_human___754.pdb,0.2676,xcr1_human___754
pacr_human___4358.pdb,0.2124,pacr_human___4358
ccr7_human___855.pdb,0.2284,ccr7_human___855
oprx_human___1136.pdb,0.6464,oprx_human___1136
ur2r_human___3643.pdb,0.6461,ur2r_human___3643
lgr4_human___585.pdb,0.345,lgr4_human___585
npy2r_human___1152.pdb,0.632,npy2r_human___1152
lgr4_human___817.pdb,0.3458,lgr4_human___817
galr1_human___5654.pdb,0.6343,galr1_human___5654
cxcr3_human___5895.pdb,0.6399,cxcr3_human___5895
cx3c1_human___3647.pdb,0.5011,cx3c1_human___3647
gpr37_human___585.pdb,0.6359,gpr37_human___585
nk1r_human___612.pdb,0.5852,nk1r_human___612
v1br_human___821.pdb,0.2494,v1br_human___821
npy5r_human___3548.pdb,0.348,npy5r_human___3548
bkrb2_human___1790.pdb,0.2291,bkrb2_human___1790
oprm_human___3542.pdb,0.6336,oprm_human___3542
npbw2_human___3640.pdb,0.5896,npbw2_human___3640
ssr1_human___1997.pdb,0.5757,ssr1_human___1997
ox2r_human___5654.pdb,0.5373,ox2r_human___5654
pacr_human___1579.pdb,0.4077,pacr_human___1579
nk1r_human___644.pdb,0.6217,nk1r_human___644
ntr1_human___585.pdb,0.6403,ntr1_human___585
c5ar2_human___2945.pdb,0.296,c5ar2_human___2945
npy2r_human___1699.pdb,0.3156,npy2r_human___1699
crfr2_human___2257.pdb,0.249,crfr2_human___2257
ssr5_human___2019.pdb,0.6118,ssr5_human___2019
mshr_human___1140.pdb,0.6031,mshr_human___1140
nmur2_human___1099.pdb,0.6197,nmur2_human___1099
gipr_human___1152.pdb,0.2122,gipr_human___1152
kissr_human___1643.pdb,0.3204,kissr_human___1643
npff2_human___681.pdb,0.2478,npff2_human___681
kissr_human___1871.pdb,0.3554,kissr_human___1871
trfr_human___3548.pdb,0.2633,trfr_human___3548
gpr39_human___2019.pdb,0.6229,gpr39_human___2019
galr2_human___3643.pdb,0.6405,galr2_human___3643
bkrb1_human___3542.pdb,0.2925,bkrb1_human___3542
gpr75_human___2168.pdb,0.6209,gpr75_human___2168
calrl_human___754.pdb,0.2025,calrl_human___754
npsr1_human___2168.pdb,0.64,npsr1_human___2168
gipr_human___574.pdb,0.6138,gipr_human___574
pkr1_human___1871.pdb,0.2117,pkr1_human___1871
ccr7_human___808.pdb,0.2355,ccr7_human___808
ccr2_human___758.pdb,0.5583,ccr2_human___758
npsr1_human___5654.pdb,0.6333,npsr1_human___5654
nk3r_human___1504.pdb,0.3826,nk3r_human___1504
ghrhr_human___3542.pdb,0.1985,ghrhr_human___3542
hrh4_human___687.pdb,0.4257,hrh4_human___687
mrgx1_human___3640.pdb,0.6459,mrgx1_human___3640
agtr2_human___613.pdb,0.6203,agtr2_human___613
sctr_human___2156.pdb,0.6294,sctr_human___2156
nmur1_human___1579.pdb,0.5615,nmur1_human___1579
xcr1_human___817.pdb,0.5084,xcr1_human___817
trfr_human___4058.pdb,0.4009,trfr_human___4058
mshr_human___5654.pdb,0.5696,mshr_human___5654
fshr_human___3640.pdb,0.6374,fshr_human___3640
galr2_human___2019.pdb,0.634,galr2_human___2019
cxcr2_human___585.pdb,0.4761,cxcr2_human___585
npff1_human___11417.pdb,0.518,npff1_human___11417
npff2_human___1790.pdb,0.2243,npff2_human___1790
fpr1_human___1047.pdb,0.6285,fpr1_human___1047
mchr1_human___1790.pdb,0.5876,mchr1_human___1790
nmur2_human___2270.pdb,0.3929,nmur2_human___2270
nmur2_human___1579.pdb,0.6063,nmur2_human___1579
galr1_human___3735.pdb,0.2323,galr1_human___3735
mc3r_human___2270.pdb,0.6291,mc3r_human___2270
ackr4_human___808.pdb,0.162,ackr4_human___808
cx3c1_human___681.pdb,0.6224,cx3c1_human___681
oprm_human___1298.pdb,0.432,oprm_human___1298
crfr1_human___3643.pdb,0.5776,crfr1_human___3643
gpr37_human___2168.pdb,0.6485,gpr37_human___2168
rl3r1_human___574.pdb,0.3338,rl3r1_human___574
oprk_human___2945.pdb,0.2475,oprk_human___2945
apj_human___1479.pdb,0.64,apj_human___1479
cxcr4_human___3542.pdb,0.65,cxcr4_human___3542
cxcr3_human___3570.pdb,0.5852,cxcr3_human___3570
gnrhr_human___3548.pdb,0.2274,gnrhr_human___3548
vipr2_human___3700.pdb,0.2643,vipr2_human___3700
ccr8_human___856.pdb,0.2325,ccr8_human___856
mrgx2_human___574.pdb,0.6248,mrgx2_human___574
ssr3_human___2019.pdb,0.6253,ssr3_human___2019
acthr_human___4057.pdb,0.5442,acthr_human___4057
apj_human___2945.pdb,0.3975,apj_human___2945
nk1r_human___1514.pdb,0.3647,nk1r_human___1514
mtlr_human___1099.pdb,0.6218,mtlr_human___1099
nk1r_human___1871.pdb,0.2602,nk1r_human___1871
fzd2_human___644.pdb,0.3684,fzd2_human___644
bkrb1_human___5654.pdb,0.6155,bkrb1_human___5654
ccr2_human___5654.pdb,0.5887,ccr2_human___5654
bkrb2_human___3548.pdb,0.2274,bkrb2_human___3548
pth2r_human___3594.pdb,0.1989,pth2r_human___3594
fpr1_human___687.pdb,0.2447,fpr1_human___687
cxcr6_human___817.pdb,0.6423,cxcr6_human___817
fzd1_human___810.pdb,0.5292,fzd1_human___810
nk2r_human___1871.pdb,0.4922,nk2r_human___1871
mtlr_human___1136.pdb,0.4281,mtlr_human___1136
nmbr_human___3594.pdb,0.1811,nmbr_human___3594
ghrhr_human___2270.pdb,0.1722,ghrhr_human___2270
ackr2_human___1320.pdb,0.583,ackr2_human___1320
ox2r_human___1699.pdb,0.3273,ox2r_human___1699
galr2_human___3700.pdb,0.6172,galr2_human___3700
ackr4_human___1790.pdb,0.2999,ackr4_human___1790
lgr4_human___856.pdb,0.3911,lgr4_human___856
calcr_human___687.pdb,0.1842,calcr_human___687
lgr4_human___1157.pdb,0.3431,lgr4_human___1157
ssr2_human___1643.pdb,0.6357,ssr2_human___1643
fpr2_human___3542.pdb,0.5895,fpr2_human___3542
nk2r_human___771.pdb,0.6335,nk2r_human___771
c3ar_human___3700.pdb,0.3363,c3ar_human___3700
ox2r_human___1479.pdb,0.5875,ox2r_human___1479
vipr1_human___1504.pdb,0.2255,vipr1_human___1504
cml2_human___1681.pdb,0.6379,cml2_human___1681
gp107_human___2019.pdb,0.6286,gp107_human___2019
v1br_human___1643.pdb,0.2188,v1br_human___1643
g37l1_human___1157.pdb,0.3818,g37l1_human___1157
pkr1_human___3570.pdb,0.5268,pkr1_human___3570
ccr7_human___1579.pdb,0.2646,ccr7_human___1579
oprx_human___1643.pdb,0.5711,oprx_human___1643
mshr_human___574.pdb,0.3136,mshr_human___574
ssr1_human___1157.pdb,0.5877,ssr1_human___1157
c3ar_human___1470.pdb,0.4162,c3ar_human___1470
nmur1_human___1470.pdb,0.1989,nmur1_human___1470
kissr_human___1283.pdb,0.4261,kissr_human___1283
hrh4_human___3645.pdb,0.5392,hrh4_human___3645
nmur2_human___1047.pdb,0.6353,nmur2_human___1047
pth2r_human___3542.pdb,0.1907,pth2r_human___3542
nmur1_human___2089.pdb,0.6403,nmur1_human___2089
rl3r1_human___3548.pdb,0.2813,rl3r1_human___3548
npy1r_human___1298.pdb,0.2571,npy1r_human___1298
xcr1_human___5336.pdb,0.6392,xcr1_human___5336
calcr_human___798.pdb,0.6376,calcr_human___798
hrh4_human___1099.pdb,0.2274,hrh4_human___1099
ccr10_human___810.pdb,0.2182,ccr10_human___810
npff2_human___3735.pdb,0.5747,npff2_human___3735
acthr_human___3633.pdb,0.6266,acthr_human___3633
cml2_human___681.pdb,0.5073,cml2_human___681
grpr_human___3700.pdb,0.3082,grpr_human___3700
qrfpr_human___3570.pdb,0.2346,qrfpr_human___3570
lgr6_human___613.pdb,0.36,lgr6_human___613
trfr_human___1490.pdb,0.2591,trfr_human___1490
sctr_human___817.pdb,0.3363,sctr_human___817
npbw1_human___1623.pdb,0.3251,npbw1_human___1623
fpr2_human___574.pdb,0.3402,fpr2_human___574
gpr75_human___6067.pdb,0.5859,gpr75_human___6067
ccr2_human___1047.pdb,0.6391,ccr2_human___1047
galr2_human___5654.pdb,0.5105,galr2_human___5654
sctr_human___3570.pdb,0.6532,sctr_human___3570
bkrb1_human___1681.pdb,0.6403,bkrb1_human___1681
ccr1_human___754.pdb,0.1667,ccr1_human___754
fpr2_human___3935.pdb,0.5102,fpr2_human___3935
cml1_human___3700.pdb,0.5911,cml1_human___3700
mtlr_human___2098.pdb,0.6399,mtlr_human___2098
npbw1_human___1495.pdb,0.6452,npbw1_human___1495
nk2r_human___1514.pdb,0.3652,nk2r_human___1514
mc5r_human___574.pdb,0.6399,mc5r_human___574
calrl_human___3643.pdb,0.6439,calrl_human___3643
c5ar1_human___5895.pdb,0.6284,c5ar1_human___5895
v2r_human___3640.pdb,0.3287,v2r_human___3640
gpr37_human___612.pdb,0.5696,gpr37_human___612
npy4r_human___2090.pdb,0.4987,npy4r_human___2090
npy4r_human___1136.pdb,0.5646,npy4r_human___1136
trfr_human___1699.pdb,0.3538,trfr_human___1699
mrgx1_human___1579.pdb,0.5192,mrgx1_human___1579
vipr2_human___1790.pdb,0.2146,vipr2_human___1790
mc4r_human___1997.pdb,0.6405,mc4r_human___1997
ccr2_human___776.pdb,0.3508,ccr2_human___776
ednra_human___989.pdb,0.2146,ednra_human___989
cxcr2_human___758.pdb,0.3203,cxcr2_human___758
mc3r_human___1579.pdb,0.5937,mc3r_human___1579
qrfpr_human___1140.pdb,0.3116,qrfpr_human___1140
ackr2_human___754.pdb,0.1898,ackr2_human___754
gpr75_human___5895.pdb,0.4948,gpr75_human___5895
npy2r_human___2156.pdb,0.6332,npy2r_human___2156
crfr2_human___3594.pdb,0.1982,crfr2_human___3594
cckar_human___573.pdb,0.4856,cckar_human___573
gpr39_human___1470.pdb,0.5124,gpr39_human___1470
ssr1_human___1623.pdb,0.3896,ssr1_human___1623
ssr1_human___1643.pdb,0.2452,ssr1_human___1643
v1ar_human___3645.pdb,0.2434,v1ar_human___3645
mchr1_human___1681.pdb,0.354,mchr1_human___1681
calrl_human___1470.pdb,0.5048,calrl_human___1470
crfr1_human___1470.pdb,0.6004,crfr1_human___1470
pkr2_human___613.pdb,0.5584,pkr2_human___613
vipr1_human___2156.pdb,0.6285,vipr1_human___2156
ssr2_human___2019.pdb,0.6302,ssr2_human___2019
lgr4_human___2098.pdb,0.314,lgr4_human___2098
pkr2_human___5654.pdb,0.6392,pkr2_human___5654
oprk_human___1157.pdb,0.5969,oprk_human___1157
oprk_human___3700.pdb,0.3273,oprk_human___3700
ur2r_human___613.pdb,0.6207,ur2r_human___613
acthr_human___574.pdb,0.3827,acthr_human___574
ccr8_human___812.pdb,0.1933,ccr8_human___812
grpr_human___3592.pdb,0.3788,grpr_human___3592
v2r_human___3700.pdb,0.2793,v2r_human___3700
ssr2_human___687.pdb,0.2818,ssr2_human___687
ccr4_human___3542.pdb,0.5073,ccr4_human___3542
ccr6_human___4358.pdb,0.3153,ccr6_human___4358
ntr1_human___1458.pdb,0.5161,ntr1_human___1458
ccr4_human___821.pdb,0.1821,ccr4_human___821
pkr1_human___613.pdb,0.5472,pkr1_human___613
bkrb1_human___2945.pdb,0.2336,bkrb1_human___2945
ccr3_human___1136.pdb,0.6263,ccr3_human___1136
npy5r_human___1997.pdb,0.2252,npy5r_human___1997
ssr2_human___2270.pdb,0.576,ssr2_human___2270
ox1r_human___5654.pdb,0.6436,ox1r_human___5654
cckar_human___921.pdb,0.2531,cckar_human___921
cx3c1_human___808.pdb,0.2776,cx3c1_human___808
ur2r_human___1320.pdb,0.4783,ur2r_human___1320
acthr_human___1333.pdb,0.6498,acthr_human___1333
cckar_human___1298.pdb,0.4691,cckar_human___1298
ccr7_human___1136.pdb,0.5098,ccr7_human___1136
nmur2_human___771.pdb,0.6374,nmur2_human___771
fpr2_human___1140.pdb,0.5405,fpr2_human___1140
gnrhr_human___1152.pdb,0.2343,gnrhr_human___1152
ox1r_human___612.pdb,0.388,ox1r_human___612
rl3r1_human___808.pdb,0.3779,rl3r1_human___808
crfr2_human___1140.pdb,0.2793,crfr2_human___1140
npsr1_human___1470.pdb,0.6493,npsr1_human___1470
rl3r1_human___1004.pdb,0.2362,rl3r1_human___1004
ssr5_human___1152.pdb,0.636,ssr5_human___1152
npy2r_human___1871.pdb,0.4733,npy2r_human___1871
ednra_human___921.pdb,0.6218,ednra_human___921
ox1r_human___1699.pdb,0.4596,ox1r_human___1699
agtr1_human___8526.pdb,0.576,agtr1_human___8526
ccr8_human___808.pdb,0.6094,ccr8_human___808
ccr4_human___754.pdb,0.2229,ccr4_human___754
mtlr_human___1579.pdb,0.6148,mtlr_human___1579
cxcr4_human___798.pdb,0.2369,cxcr4_human___798
fzd1_human___6067.pdb,0.3412,fzd1_human___6067
oxyr_human___3646.pdb,0.4007,oxyr_human___3646
ccr5_human___3643.pdb,0.6426,ccr5_human___3643
bkrb1_human___3700.pdb,0.3129,bkrb1_human___3700
ccr7_human___758.pdb,0.236,ccr7_human___758
ssr3_human___5654.pdb,0.5292,ssr3_human___5654
mrgx1_human___1504.pdb,0.361,mrgx1_human___1504
prlhr_human___3548.pdb,0.3055,prlhr_human___3548
cxcr5_human___808.pdb,0.1943,cxcr5_human___808
acthr_human___1157.pdb,0.5343,acthr_human___1157
apj_human___3548.pdb,0.2274,apj_human___3548
npy4r_human___1283.pdb,0.4932,npy4r_human___1283
npbw2_human___3700.pdb,0.2273,npbw2_human___3700
npbw1_human___1152.pdb,0.612,npbw1_human___1152
ccr5_human___798.pdb,0.1691,ccr5_human___798
cml2_human___1136.pdb,0.6423,cml2_human___1136
ghsr_human___1458.pdb,0.4943,ghsr_human___1458
fpr3_human___758.pdb,0.2987,fpr3_human___758
nmbr_human___613.pdb,0.5106,nmbr_human___613
mrgx2_human___2945.pdb,0.2274,mrgx2_human___2945
apj_human___8526.pdb,0.4915,apj_human___8526
gpr39_human___1699.pdb,0.3289,gpr39_human___1699
c5ar2_human___5654.pdb,0.6055,c5ar2_human___5654
ntr1_human___2270.pdb,0.461,ntr1_human___2270
ccr8_human___3606.pdb,0.4121,ccr8_human___3606
gnrhr_human___3643.pdb,0.1942,gnrhr_human___3643
bkrb2_human___644.pdb,0.6372,bkrb2_human___644
galr1_human___3592.pdb,0.5046,galr1_human___3592
mc3r_human___2090.pdb,0.4984,mc3r_human___2090
agtr1_human___644.pdb,0.5992,agtr1_human___644
par4_human___2019.pdb,0.627,par4_human___2019
xcr1_human___856.pdb,0.2214,xcr1_human___856
ssr4_human___11417.pdb,0.5934,ssr4_human___11417
mtlr_human___687.pdb,0.5728,mtlr_human___687
npff1_human___1790.pdb,0.515,npff1_human___1790
apj_human___1504.pdb,0.634,apj_human___1504
galr3_human___1136.pdb,0.5979,galr3_human___1136
oxyr_human___3594.pdb,0.2299,oxyr_human___3594
lgr4_human___1298.pdb,0.6026,lgr4_human___1298
c3ar_human___1495.pdb,0.2133,c3ar_human___1495
ackr4_human___798.pdb,0.1908,ackr4_human___798
ssr4_human___2019.pdb,0.5902,ssr4_human___2019
cxcr2_human___5895.pdb,0.2549,cxcr2_human___5895
oprm_human___2019.pdb,0.6438,oprm_human___2019
vipr2_human___3542.pdb,0.2173,vipr2_human___3542
vipr2_human___2156.pdb,0.4658,vipr2_human___2156
bkrb2_human___646.pdb,0.5856,bkrb2_human___646
oprd_human___921.pdb,0.6338,oprd_human___921
glp2r_human___808.pdb,0.3794,glp2r_human___808
pth2r_human___1140.pdb,0.1964,pth2r_human___1140
c3ar_human___3640.pdb,0.3999,c3ar_human___3640
ackr4_human___758.pdb,0.22,ackr4_human___758
vipr1_human___1790.pdb,0.2157,vipr1_human___1790
cxcr6_human___808.pdb,0.5207,cxcr6_human___808
hrh4_human___1681.pdb,0.2547,hrh4_human___1681
pth2r_human___1790.pdb,0.1496,pth2r_human___1790
pkr2_human___1458.pdb,0.2829,pkr2_human___1458
c5ar2_human___1099.pdb,0.5955,c5ar2_human___1099
acthr_human___3606.pdb,0.5509,acthr_human___3606
galr3_human___1162.pdb,0.6473,galr3_human___1162
bkrb1_human___1136.pdb,0.4997,bkrb1_human___1136
nk3r_human___5654.pdb,0.6319,nk3r_human___5654
mc4r_human___2090.pdb,0.6018,mc4r_human___2090
prlhr_human___1871.pdb,0.6211,prlhr_human___1871
g37l1_human___681.pdb,0.5842,g37l1_human___681
npsr1_human___1157.pdb,0.5714,npsr1_human___1157
ssr2_human___1997.pdb,0.2781,ssr2_human___1997
fpr3_human___3542.pdb,0.2414,fpr3_human___3542
fpr3_human___574.pdb,0.3521,fpr3_human___574
par4_human___1997.pdb,0.5366,par4_human___1997
oprx_human___1623.pdb,0.4072,oprx_human___1623
fzd2_human___3735.pdb,0.4159,fzd2_human___3735
ghsr_human___2270.pdb,0.6383,ghsr_human___2270
gpr75_human___1504.pdb,0.6345,gpr75_human___1504
ackr4_human___5654.pdb,0.312,ackr4_human___5654
cxcr5_human___1458.pdb,0.419,cxcr5_human___1458
agtr2_human___1152.pdb,0.3959,agtr2_human___1152
npy2r_human___1504.pdb,0.6383,npy2r_human___1504
oprk_human___3542.pdb,0.6407,oprk_human___3542
pth2r_human___3643.pdb,0.2349,pth2r_human___3643
fpr1_human___4058.pdb,0.4328,fpr1_human___4058
hrh4_human___644.pdb,0.6408,hrh4_human___644
cxcr6_human___821.pdb,0.3563,cxcr6_human___821
crfr2_human___1790.pdb,0.2098,crfr2_human___1790
cxcr3_human___819.pdb,0.1569,cxcr3_human___819
oprx_human___1790.pdb,0.6406,oprx_human___1790
vipr1_human___1136.pdb,0.2114,vipr1_human___1136
gpr75_human___758.pdb,0.6326,gpr75_human___758
cxcr2_human___1579.pdb,0.6214,cxcr2_human___1579
ackr4_human___613.pdb,0.5666,ackr4_human___613
mchr1_human___3548.pdb,0.2274,mchr1_human___3548
oprm_human___1157.pdb,0.5387,oprm_human___1157
rl3r1_human___687.pdb,0.2192,rl3r1_human___687
cml1_human___5654.pdb,0.6127,cml1_human___5654
ccr10_human___808.pdb,0.1933,ccr10_human___808
ghsr_human___1099.pdb,0.2458,ghsr_human___1099
bkrb1_human___582.pdb,0.6118,bkrb1_human___582
gp107_human___4058.pdb,0.3401,gp107_human___4058
mshr_human___1152.pdb,0.5843,mshr_human___1152
vipr2_human___808.pdb,0.4573,vipr2_human___808
oprk_human___1643.pdb,0.4267,oprk_human___1643
pkr2_human___1790.pdb,0.2407,pkr2_human___1790
npy5r_human___2168.pdb,0.6363,npy5r_human___2168
gp107_human___1320.pdb,0.3161,gp107_human___1320
ackr3_human___989.pdb,0.6284,ackr3_human___989
cxcr2_human___2945.pdb,0.4839,cxcr2_human___2945
ghrhr_human___644.pdb,0.6179,ghrhr_human___644
npy1r_human___1504.pdb,0.2378,npy1r_human___1504
gpr37_human___758.pdb,0.4873,gpr37_human___758
cml1_human___1157.pdb,0.5953,cml1_human___1157
fshr_human___2019.pdb,0.3477,fshr_human___2019
mc4r_human___1140.pdb,0.5094,mc4r_human___1140
cml2_human___1643.pdb,0.4237,cml2_human___1643
ccr3_human___855.pdb,0.6513,ccr3_human___855
ackr3_human___2089.pdb,0.6368,ackr3_human___2089
cml1_human___687.pdb,0.1829,cml1_human___687
ednrb_human___3542.pdb,0.4835,ednrb_human___3542
cxcr4_human___2168.pdb,0.6277,cxcr4_human___2168
ccr1_human___1790.pdb,0.2491,ccr1_human___1790
ccr6_human___2257.pdb,0.5867,ccr6_human___2257
mc3r_human___681.pdb,0.639,mc3r_human___681
mc3r_human___574.pdb,0.2274,mc3r_human___574
cxcr1_human___808.pdb,0.2296,cxcr1_human___808
ccr8_human___1514.pdb,0.6207,ccr8_human___1514
mtlr_human___1623.pdb,0.4812,mtlr_human___1623
pkr1_human___1681.pdb,0.6532,pkr1_human___1681
ssr4_human___1620.pdb,0.6348,ssr4_human___1620
nmbr_human___1871.pdb,0.5219,nmbr_human___1871
npff2_human___3594.pdb,0.2567,npff2_human___3594
g37l1_human___613.pdb,0.5755,g37l1_human___613
npsr1_human___2174.pdb,0.6376,npsr1_human___2174
gpr75_human___4057.pdb,0.6429,gpr75_human___4057
lgr5_human___5654.pdb,0.392,lgr5_human___5654
v2r_human___5654.pdb,0.5857,v2r_human___5654
ntr1_human___1099.pdb,0.2362,ntr1_human___1099
ssr4_human___3548.pdb,0.5615,ssr4_human___3548
npff1_human___1470.pdb,0.4148,npff1_human___1470
apj_human___612.pdb,0.6325,apj_human___612
ox2r_human___3700.pdb,0.6473,ox2r_human___3700
cml1_human___1681.pdb,0.3319,cml1_human___1681
fshr_human___3700.pdb,0.3984,fshr_human___3700
prlhr_human___2090.pdb,0.6233,prlhr_human___2090
ssr5_human___3700.pdb,0.2274,ssr5_human___3700
ssr2_human___3570.pdb,0.2339,ssr2_human___3570
oxyr_human___1157.pdb,0.5402,oxyr_human___1157
ackr1_human___819.pdb,0.1663,ackr1_human___819
oprm_human___1681.pdb,0.6339,oprm_human___1681
glp2r_human___1140.pdb,0.1445,glp2r_human___1140
oprk_human___5654.pdb,0.5564,oprk_human___5654
pkr2_human___921.pdb,0.4366,pkr2_human___921
ssr3_human___1997.pdb,0.5516,ssr3_human___1997
pth2r_human___2257.pdb,0.2147,pth2r_human___2257
cxcr6_human___681.pdb,0.2588,cxcr6_human___681
rl3r1_human___5654.pdb,0.5191,rl3r1_human___5654
xcr1_human___644.pdb,0.6329,xcr1_human___644
mchr2_human___681.pdb,0.2284,mchr2_human___681
mtlr_human___1458.pdb,0.5236,mtlr_human___1458
nmur1_human___812.pdb,0.3618,nmur1_human___812
lgr5_human___1458.pdb,0.6133,lgr5_human___1458
ccr3_human___776.pdb,0.1703,ccr3_human___776
crfr2_human___3643.pdb,0.3764,crfr2_human___3643
ackr2_human___646.pdb,0.6093,ackr2_human___646
cxcr1_human___3700.pdb,0.3038,cxcr1_human___3700
ccr5_human___819.pdb,0.3289,ccr5_human___819
ssr3_human___3700.pdb,0.3821,ssr3_human___3700
c5ar2_human___574.pdb,0.5888,c5ar2_human___574
agtr2_human___3646.pdb,0.6358,agtr2_human___3646
mc5r_human___573.pdb,0.2493,mc5r_human___573
ntr2_human___1579.pdb,0.2581,ntr2_human___1579
npy4r_human___5654.pdb,0.6568,npy4r_human___5654
c5ar2_human___1997.pdb,0.6029,c5ar2_human___1997
c5ar1_human___5654.pdb,0.6273,c5ar1_human___5654
mc4r_human___3606.pdb,0.6338,mc4r_human___3606
calrl_human___3700.pdb,0.2899,calrl_human___3700
ccr6_human___808.pdb,0.1882,ccr6_human___808
v1br_human___798.pdb,0.6224,v1br_human___798
mchr1_human___1157.pdb,0.4292,mchr1_human___1157
g37l1_human___1136.pdb,0.6396,g37l1_human___1136
mc5r_human___1140.pdb,0.5121,mc5r_human___1140
ntr2_human___3548.pdb,0.2274,ntr2_human___3548
ackr1_human___758.pdb,0.559,ackr1_human___758
mc3r_human___3643.pdb,0.5681,mc3r_human___3643
ur2r_human___2270.pdb,0.6454,ur2r_human___2270
ccr1_human___798.pdb,0.1971,ccr1_human___798
ssr3_human___681.pdb,0.4843,ssr3_human___681
npy5r_human___1504.pdb,0.2175,npy5r_human___1504
nmbr_human___11417.pdb,0.4527,nmbr_human___11417
bkrb2_human___1495.pdb,0.2284,bkrb2_human___1495
oxyr_human___2174.pdb,0.635,oxyr_human___2174
gasr_human___1699.pdb,0.5141,gasr_human___1699
cxcr5_human___758.pdb,0.3164,cxcr5_human___758
nmbr_human___3548.pdb,0.2625,nmbr_human___3548
pkr1_human___687.pdb,0.1727,pkr1_human___687
calrl_human___3645.pdb,0.6241,calrl_human___3645
ccr5_human___2098.pdb,0.6314,ccr5_human___2098
v1br_human___3645.pdb,0.1955,v1br_human___3645
bkrb2_human___754.pdb,0.4469,bkrb2_human___754
fpr2_human___1047.pdb,0.6244,fpr2_human___1047
lgr5_human___1298.pdb,0.573,lgr5_human___1298
ackr2_human___856.pdb,0.204,ackr2_human___856
pacr_human___1136.pdb,0.1913,pacr_human___1136
calcr_human___1162.pdb,0.516,calcr_human___1162
npy1r_human___2098.pdb,0.4417,npy1r_human___2098
mchr1_human___1623.pdb,0.4005,mchr1_human___1623
g37l1_human___11417.pdb,0.5995,g37l1_human___11417
gpr75_human___613.pdb,0.6189,gpr75_human___613
npy2r_human___1458.pdb,0.5283,npy2r_human___1458
ssr4_human___5654.pdb,0.6398,ssr4_human___5654
nk1r_human___5654.pdb,0.6112,nk1r_human___5654
ackr4_human___3570.pdb,0.4123,ackr4_human___3570
ccr8_human___1152.pdb,0.2851,ccr8_human___1152
fpr1_human___3935.pdb,0.63,fpr1_human___3935
ox1r_human___1152.pdb,0.1985,ox1r_human___1152
ghrhr_human___1136.pdb,0.2086,ghrhr_human___1136
cml1_human___3592.pdb,0.5651,cml1_human___3592
oxyr_human___1490.pdb,0.5814,oxyr_human___1490
ccr10_human___1790.pdb,0.2612,ccr10_human___1790
gnrhr_human___3594.pdb,0.2044,gnrhr_human___3594
cml2_human___3700.pdb,0.6012,cml2_human___3700
npy5r_human___1157.pdb,0.5268,npy5r_human___1157
agtr2_human___2019.pdb,0.6086,agtr2_human___2019
calrl_human___3935.pdb,0.5015,calrl_human___3935
ackr1_human___3645.pdb,0.1567,ackr1_human___3645
cxcr4_human___4358.pdb,0.1664,cxcr4_human___4358
ssr5_human___1997.pdb,0.6581,ssr5_human___1997
ccr5_human___776.pdb,0.2187,ccr5_human___776
oxyr_human___4358.pdb,0.2315,oxyr_human___4358
oprm_human___1162.pdb,0.6187,oprm_human___1162
gipr_human___1320.pdb,0.631,gipr_human___1320
nmur1_human___1099.pdb,0.249,nmur1_human___1099
ssr1_human___3700.pdb,0.2801,ssr1_human___3700
nk2r_human___3548.pdb,0.2274,nk2r_human___3548
ccr3_human___2270.pdb,0.6003,ccr3_human___2270
npy1r_human___771.pdb,0.2334,npy1r_human___771
hrh4_human___3633.pdb,0.2665,hrh4_human___3633
lgr4_human___2019.pdb,0.4113,lgr4_human___2019
vipr1_human___1152.pdb,0.2041,vipr1_human___1152
ntr2_human___1458.pdb,0.4786,ntr2_human___1458
gpr39_human___864.pdb,0.5962,gpr39_human___864
oprk_human___1623.pdb,0.3928,oprk_human___1623
ccr10_human___1643.pdb,0.3418,ccr10_human___1643
ghrhr_human___1152.pdb,0.2154,ghrhr_human___1152
ccr9_human___855.pdb,0.2126,ccr9_human___855
ackr1_human___989.pdb,0.5935,ackr1_human___989
ednrb_human___687.pdb,0.4851,ednrb_human___687
pkr2_human___1681.pdb,0.3081,pkr2_human___1681
fshr_human___3633.pdb,0.3388,fshr_human___3633
ackr3_human___921.pdb,0.2504,ackr3_human___921
fzd1_human___1320.pdb,0.6271,fzd1_human___1320
mtlr_human___681.pdb,0.2354,mtlr_human___681
nmur2_human___1298.pdb,0.2562,nmur2_human___1298
npbw1_human___3633.pdb,0.4945,npbw1_human___3633
apj_human___1790.pdb,0.2234,apj_human___1790
ssr4_human___1157.pdb,0.5414,ssr4_human___1157
par4_human___3570.pdb,0.2274,par4_human___3570
lgr5_human___1997.pdb,0.3263,lgr5_human___1997
ssr3_human___6067.pdb,0.6438,ssr3_human___6067
ackr1_human___856.pdb,0.5492,ackr1_human___856
mrgx1_human___5336.pdb,0.6257,mrgx1_human___5336
cxcr2_human___1099.pdb,0.5731,cxcr2_human___1099
npy1r_human___1871.pdb,0.2465,npy1r_human___1871
par4_human___2270.pdb,0.5824,par4_human___2270
ccr10_human___3646.pdb,0.2204,ccr10_human___3646
c5ar2_human___3935.pdb,0.5585,c5ar2_human___3935
gp107_human___758.pdb,0.4947,gp107_human___758
ackr1_human___1579.pdb,0.5276,ackr1_human___1579
gpr39_human___810.pdb,0.2123,gpr39_human___810
ox2r_human___1140.pdb,0.5854,ox2r_human___1140
fpr2_human___4058.pdb,0.4243,fpr2_human___4058
ccr9_human___2168.pdb,0.6384,ccr9_human___2168
ssr2_human___921.pdb,0.4707,ssr2_human___921
cxcr1_human___821.pdb,0.1418,cxcr1_human___821
ntr1_human___3570.pdb,0.2274,ntr1_human___3570
cxcr5_human___1136.pdb,0.5169,cxcr5_human___1136
cxcr2_human___687.pdb,0.3701,cxcr2_human___687
gnrhr_human___3935.pdb,0.257,gnrhr_human___3935
ccr10_human___687.pdb,0.2548,ccr10_human___687
qrfpr_human___1681.pdb,0.5791,qrfpr_human___1681
par4_human___1458.pdb,0.6419,par4_human___1458
mshr_human___573.pdb,0.2384,mshr_human___573
fzd1_human___612.pdb,0.5927,fzd1_human___612
npbw1_human___1790.pdb,0.5433,npbw1_human___1790
kissr_human___3700.pdb,0.3589,kissr_human___3700
mc5r_human___1871.pdb,0.636,mc5r_human___1871
cxcr1_human___1790.pdb,0.3036,cxcr1_human___1790
c3ar_human___1643.pdb,0.2702,c3ar_human___1643
cx3c1_human___5654.pdb,0.6409,cx3c1_human___5654
pkr1_human___1470.pdb,0.3948,pkr1_human___1470
glp2r_human___2257.pdb,0.1843,glp2r_human___2257
ednra_human___613.pdb,0.6403,ednra_human___613
ssr2_human___3700.pdb,0.2723,ssr2_human___3700
crfr2_human___2168.pdb,0.6377,crfr2_human___2168
c5ar1_human___574.pdb,0.4077,c5ar1_human___574
ednra_human___1157.pdb,0.5687,ednra_human___1157
galr1_human___3700.pdb,0.6235,galr1_human___3700
gipr_human___798.pdb,0.2305,gipr_human___798
oprm_human___3548.pdb,0.2357,oprm_human___3548
npy4r_human___687.pdb,0.2992,npy4r_human___687
fzd6_human___3735.pdb,0.4144,fzd6_human___3735
ccr3_human___1790.pdb,0.5737,ccr3_human___1790
ntr1_human___1470.pdb,0.2785,ntr1_human___1470
calrl_human___1152.pdb,0.3184,calrl_human___1152
vipr2_human___1283.pdb,0.6234,vipr2_human___1283
ccr3_human___3647.pdb,0.2178,ccr3_human___3647
c5ar1_human___1495.pdb,0.572,c5ar1_human___1495
ssr4_human___3640.pdb,0.2725,ssr4_human___3640
ccr9_human___856.pdb,0.1914,ccr9_human___856
fzd6_human___3542.pdb,0.5827,fzd6_human___3542
npy5r_human___3570.pdb,0.6353,npy5r_human___3570
calcr_human___3935.pdb,0.4446,calcr_human___3935
ccr4_human___798.pdb,0.2313,ccr4_human___798
v1ar_human___819.pdb,0.2487,v1ar_human___819
fpr2_human___3570.pdb,0.4061,fpr2_human___3570
ccr1_human___771.pdb,0.2054,ccr1_human___771
grpr_human___11417.pdb,0.4384,grpr_human___11417
cxcr3_human___821.pdb,0.1424,cxcr3_human___821
ccr3_human___4358.pdb,0.2368,ccr3_human___4358
cxcr3_human___3646.pdb,0.2543,cxcr3_human___3646
ssr3_human___582.pdb,0.479,ssr3_human___582
glp1r_human___1136.pdb,0.1891,glp1r_human___1136
v2r_human___855.pdb,0.1811,v2r_human___855
lgr6_human___1333.pdb,0.4935,lgr6_human___1333
ghrhr_human___3643.pdb,0.215,ghrhr_human___3643
fzd2_human___1490.pdb,0.5826,fzd2_human___1490
v2r_human___771.pdb,0.3829,v2r_human___771
npbw2_human___2945.pdb,0.3473,npbw2_human___2945
kissr_human___1790.pdb,0.5664,kissr_human___1790
ghrhr_human___1272.pdb,0.634,ghrhr_human___1272
bkrb1_human___644.pdb,0.5437,bkrb1_human___644
ssr3_human___758.pdb,0.6255,ssr3_human___758
acthr_human___1272.pdb,0.3326,acthr_human___1272
hrh4_human___3700.pdb,0.3458,hrh4_human___3700
cxcr1_human___758.pdb,0.2503,cxcr1_human___758
ackr2_human___808.pdb,0.2289,ackr2_human___808
ccr1_human___646.pdb,0.4807,ccr1_human___646
grpr_human___687.pdb,0.6394,grpr_human___687
cxcr2_human___819.pdb,0.1223,cxcr2_human___819
fpr2_human___613.pdb,0.6279,fpr2_human___613
c5ar2_human___921.pdb,0.5242,c5ar2_human___921
calrl_human___3548.pdb,0.2274,calrl_human___3548
ghsr_human___754.pdb,0.2187,ghsr_human___754
lgr5_human___921.pdb,0.458,lgr5_human___921
pacr_human___1140.pdb,0.2022,pacr_human___1140
mchr2_human___1298.pdb,0.2456,mchr2_human___1298
nmbr_human___3542.pdb,0.3691,nmbr_human___3542
ackr1_human___3647.pdb,0.5291,ackr1_human___3647
mshr_human___1997.pdb,0.4371,mshr_human___1997
agtr2_human___582.pdb,0.5926,agtr2_human___582
ednrb_human___574.pdb,0.3246,ednrb_human___574
fzd2_human___758.pdb,0.6718,fzd2_human___758
oxyr_human___681.pdb,0.3492,oxyr_human___681
nmur1_human___5895.pdb,0.2424,nmur1_human___5895
xcr1_human___3542.pdb,0.6464,xcr1_human___3542
lgr4_human___776.pdb,0.3266,lgr4_human___776
ackr4_human___1099.pdb,0.2717,ackr4_human___1099
c5ar1_human___646.pdb,0.5643,c5ar1_human___646
crfr1_human___1514.pdb,0.5184,crfr1_human___1514
kissr_human___644.pdb,0.5915,kissr_human___644
hrh4_human___1140.pdb,0.6148,hrh4_human___1140
ccr6_human___855.pdb,0.2461,ccr6_human___855
lgr5_human___1140.pdb,0.2287,lgr5_human___1140
vipr2_human___1047.pdb,0.4282,vipr2_human___1047
pkr1_human___989.pdb,0.2116,pkr1_human___989
ccr6_human___758.pdb,0.2411,ccr6_human___758
crfr1_human___3700.pdb,0.3114,crfr1_human___3700
v2r_human___3594.pdb,0.2295,v2r_human___3594
fpr3_human___1162.pdb,0.5984,fpr3_human___1162
c5ar1_human___3592.pdb,0.5847,c5ar1_human___3592
fzd2_human___681.pdb,0.6348,fzd2_human___681
nk3r_human___1871.pdb,0.2424,nk3r_human___1871
g37l1_human___1140.pdb,0.6412,g37l1_human___1140
g37l1_human___6067.pdb,0.5734,g37l1_human___6067
c5ar2_human___1047.pdb,0.2566,c5ar2_human___1047
ccr5_human___1699.pdb,0.5282,ccr5_human___1699
npff1_human___1136.pdb,0.3225,npff1_human___1136
ur2r_human___1152.pdb,0.639,ur2r_human___1152
oprx_human___921.pdb,0.6313,oprx_human___921
npff1_human___1699.pdb,0.2296,npff1_human___1699
ackr3_human___5336.pdb,0.2556,ackr3_human___5336
ccr6_human___5654.pdb,0.327,ccr6_human___5654
mshr_human___1579.pdb,0.6307,mshr_human___1579
npff1_human___2945.pdb,0.346,npff1_human___2945
fzd2_human___856.pdb,0.2274,fzd2_human___856
cckar_human___613.pdb,0.6491,cckar_human___613
fpr3_human___3700.pdb,0.2274,fpr3_human___3700
cckar_human___3548.pdb,0.6462,cckar_human___3548
c5ar1_human___3700.pdb,0.2679,c5ar1_human___3700
ccr6_human___856.pdb,0.1972,ccr6_human___856
ox2r_human___612.pdb,0.2472,ox2r_human___612
npsr1_human___2945.pdb,0.2679,npsr1_human___2945
ntr2_human___1470.pdb,0.3158,ntr2_human___1470
galr3_human___1157.pdb,0.6187,galr3_human___1157
sctr_human___3606.pdb,0.4841,sctr_human___3606
mc4r_human___5654.pdb,0.5714,mc4r_human___5654
galr2_human___612.pdb,0.5958,galr2_human___612
gasr_human___819.pdb,0.5368,gasr_human___819
ccr5_human___3645.pdb,0.4691,ccr5_human___3645
npy1r_human___2090.pdb,0.6332,npy1r_human___2090
c3ar_human___798.pdb,0.4892,c3ar_human___798
nk3r_human___1099.pdb,0.3955,nk3r_human___1099
mrgx1_human___1272.pdb,0.2412,mrgx1_human___1272
mc4r_human___1643.pdb,0.6449,mc4r_human___1643
prlhr_human___2089.pdb,0.5157,prlhr_human___2089
galr1_human___2945.pdb,0.3111,galr1_human___2945
fpr1_human___3570.pdb,0.3528,fpr1_human___3570
pth1r_human___2257.pdb,0.218,pth1r_human___2257
ccr9_human___817.pdb,0.1715,ccr9_human___817
glr_human___758.pdb,0.2854,glr_human___758
oprd_human___3646.pdb,0.6372,oprd_human___3646
cxcr5_human___3570.pdb,0.6028,cxcr5_human___3570
ghrhr_human___2257.pdb,0.2093,ghrhr_human___2257
gipr_human___1298.pdb,0.4286,gipr_human___1298
v2r_human___2168.pdb,0.6218,v2r_human___2168
vipr1_human___921.pdb,0.5934,vipr1_human___921
nk3r_human___1790.pdb,0.5143,nk3r_human___1790
v1ar_human___5654.pdb,0.5229,v1ar_human___5654
ccr3_human___798.pdb,0.1909,ccr3_human___798
oprx_human___644.pdb,0.5235,oprx_human___644
ccr7_human___1490.pdb,0.5284,ccr7_human___1490
ccr1_human___776.pdb,0.179,ccr1_human___776
oprx_human___4358.pdb,0.5296,oprx_human___4358
v2r_human___11417.pdb,0.5796,v2r_human___11417
grpr_human___3548.pdb,0.3872,grpr_human___3548
npff2_human___3542.pdb,0.2247,npff2_human___3542
fzd6_human___921.pdb,0.5163,fzd6_human___921
glp1r_human___1152.pdb,0.2376,glp1r_human___1152
crfr2_human___1272.pdb,0.3892,crfr2_human___1272
par4_human___1298.pdb,0.6342,par4_human___1298
ackr3_human___2257.pdb,0.208,ackr3_human___2257
npff1_human___1479.pdb,0.6343,npff1_human___1479
ur2r_human___2156.pdb,0.61,ur2r_human___2156
ccr4_human___758.pdb,0.223,ccr4_human___758
mchr2_human___585.pdb,0.419,mchr2_human___585
v1br_human___819.pdb,0.2205,v1br_human___819
agtr2_human___644.pdb,0.6308,agtr2_human___644
lgr4_human___5654.pdb,0.4211,lgr4_human___5654
ox1r_human___758.pdb,0.3047,ox1r_human___758
npsr1_human___1490.pdb,0.3768,npsr1_human___1490
ssr4_human___1643.pdb,0.3072,ssr4_human___1643
npy2r_human___1479.pdb,0.633,npy2r_human___1479
v1br_human___1579.pdb,0.542,v1br_human___1579
mc4r_human___687.pdb,0.5853,mc4r_human___687
ccr5_human___1136.pdb,0.6307,ccr5_human___1136
ccr7_human___810.pdb,0.2213,ccr7_human___810
ntr2_human___3643.pdb,0.3955,ntr2_human___3643
pkr1_human___1004.pdb,0.2534,pkr1_human___1004
nmur2_human___1470.pdb,0.3014,nmur2_human___1470
fpr2_human___2945.pdb,0.2287,fpr2_human___2945
oprd_human___1681.pdb,0.6031,oprd_human___1681
bkrb1_human___2270.pdb,0.5767,bkrb1_human___2270
glp1r_human___1333.pdb,0.6424,glp1r_human___1333
cxcr3_human___2098.pdb,0.5493,cxcr3_human___2098
npff1_human___3935.pdb,0.4076,npff1_human___3935
glp2r_human___3646.pdb,0.3449,glp2r_human___3646
agtr1_human___1298.pdb,0.285,agtr1_human___1298
cxcr5_human___821.pdb,0.1196,cxcr5_human___821
cxcr4_human___646.pdb,0.493,cxcr4_human___646
cml2_human___644.pdb,0.6373,cml2_human___644
ccr1_human___2098.pdb,0.5898,ccr1_human___2098
ccr3_human___2019.pdb,0.6355,ccr3_human___2019
ccr4_human___681.pdb,0.3834,ccr4_human___681
npy1r_human___921.pdb,0.5776,npy1r_human___921
c3ar_human___2019.pdb,0.6251,c3ar_human___2019
npy2r_human___861.pdb,0.4046,npy2r_human___861
oxyr_human___2168.pdb,0.5948,oxyr_human___2168
calrl_human___4057.pdb,0.2735,calrl_human___4057
pth1r_human___3542.pdb,0.1622,pth1r_human___3542
pacr_human___2270.pdb,0.182,pacr_human___2270
oxyr_human___5654.pdb,0.562,oxyr_human___5654
agtr1_human___758.pdb,0.5736,agtr1_human___758
gpr39_human___1579.pdb,0.5617,gpr39_human___1579
glr_human___3643.pdb,0.2136,glr_human___3643
npbw1_human___2019.pdb,0.6498,npbw1_human___2019
oprd_human___3700.pdb,0.3068,oprd_human___3700
ccr5_human___758.pdb,0.1874,ccr5_human___758
npy5r_human___5895.pdb,0.2312,npy5r_human___5895
calcr_human___1140.pdb,0.4117,calcr_human___1140
lgr5_human___3606.pdb,0.6257,lgr5_human___3606
cckar_human___5336.pdb,0.2678,cckar_human___5336
vipr1_human___3542.pdb,0.2142,vipr1_human___3542
gipr_human___3594.pdb,0.2282,gipr_human___3594
pth1r_human___3594.pdb,0.2151,pth1r_human___3594
agtr1_human___582.pdb,0.6348,agtr1_human___582
mchr1_human___1620.pdb,0.3648,mchr1_human___1620
cml2_human___3592.pdb,0.4995,cml2_human___3592
ssr1_human___3548.pdb,0.3352,ssr1_human___3548
sctr_human___1152.pdb,0.2139,sctr_human___1152
oprk_human___2019.pdb,0.6092,oprk_human___2019
gasr_human___1871.pdb,0.5696,gasr_human___1871
npy5r_human___3643.pdb,0.2595,npy5r_human___3643
mtlr_human___8526.pdb,0.6556,mtlr_human___8526
cx3c1_human___921.pdb,0.3314,cx3c1_human___921
galr2_human___921.pdb,0.6257,galr2_human___921
calcr_human___3643.pdb,0.5838,calcr_human___3643
ox2r_human___613.pdb,0.6284,ox2r_human___613
mshr_human___1320.pdb,0.6184,mshr_human___1320
galr3_human___3594.pdb,0.26,galr3_human___3594
v1ar_human___812.pdb,0.4819,v1ar_human___812
ox2r_human___3643.pdb,0.2173,ox2r_human___3643
pth2r_human___5895.pdb,0.4259,pth2r_human___5895
ednrb_human___1152.pdb,0.3968,ednrb_human___1152
glp2r_human___3542.pdb,0.1574,glp2r_human___3542
ssr4_human___3700.pdb,0.2856,ssr4_human___3700
fzd6_human___681.pdb,0.5193,fzd6_human___681
ntr2_human___1140.pdb,0.216,ntr2_human___1140
npbw2_human___6067.pdb,0.6211,npbw2_human___6067
mc3r_human___1643.pdb,0.635,mc3r_human___1643
fpr3_human___613.pdb,0.6314,fpr3_human___613
pth1r_human___1152.pdb,0.2106,pth1r_human___1152
npff2_human___3592.pdb,0.5478,npff2_human___3592
cxcr6_human___855.pdb,0.2121,cxcr6_human___855
qrfpr_human___3542.pdb,0.2184,qrfpr_human___3542
g37l1_human___4058.pdb,0.6156,g37l1_human___4058
apj_human___1152.pdb,0.3124,apj_human___1152
glp1r_human___4358.pdb,0.4543,glp1r_human___4358
mchr1_human___2019.pdb,0.4997,mchr1_human___2019
ssr1_human___11417.pdb,0.62,ssr1_human___11417
ox1r_human___1157.pdb,0.5924,ox1r_human___1157
galr2_human___613.pdb,0.6167,galr2_human___613
ccr10_human___3640.pdb,0.6041,ccr10_human___3640
fzd1_human___1490.pdb,0.3982,fzd1_human___1490
ccr9_human___808.pdb,0.2254,ccr9_human___808
vipr2_human___921.pdb,0.24,vipr2_human___921
cxcr4_human___921.pdb,0.3521,cxcr4_human___921
apj_human___3542.pdb,0.2274,apj_human___3542
npbw1_human___646.pdb,0.6015,npbw1_human___646
nk2r_human___1504.pdb,0.3665,nk2r_human___1504
nmur1_human___1458.pdb,0.6166,nmur1_human___1458
ccr10_human___3700.pdb,0.5643,ccr10_human___3700
nk1r_human___798.pdb,0.5068,nk1r_human___798
mc5r_human___758.pdb,0.2961,mc5r_human___758
ur2r_human___2257.pdb,0.6287,ur2r_human___2257
oxyr_human___11417.pdb,0.591,oxyr_human___11417
ccr2_human___754.pdb,0.6413,ccr2_human___754
gpr37_human___3700.pdb,0.6303,gpr37_human___3700
fpr3_human___1479.pdb,0.6423,fpr3_human___1479
nk2r_human___612.pdb,0.5768,nk2r_human___612
npsr1_human___810.pdb,0.3742,npsr1_human___810
oprk_human___1681.pdb,0.6276,oprk_human___1681
ssr5_human___3548.pdb,0.2372,ssr5_human___3548
calcr_human___3700.pdb,0.3197,calcr_human___3700
ccr6_human___1152.pdb,0.2996,ccr6_human___1152
pth2r_human___1162.pdb,0.4887,pth2r_human___1162
vipr1_human___1871.pdb,0.289,vipr1_human___1871
ackr1_human___1470.pdb,0.2274,ackr1_human___1470
cml1_human___574.pdb,0.3309,cml1_human___574
cxcr4_human___758.pdb,0.4687,cxcr4_human___758
ox1r_human___1871.pdb,0.6519,ox1r_human___1871
xcr1_human___3647.pdb,0.1927,xcr1_human___3647
prlhr_human___687.pdb,0.2644,prlhr_human___687
cml2_human___646.pdb,0.6369,cml2_human___646
mrgx2_human___2019.pdb,0.6445,mrgx2_human___2019
pth1r_human___855.pdb,0.1555,pth1r_human___855
cxcr6_human___2156.pdb,0.6405,cxcr6_human___2156
ghsr_human___2090.pdb,0.6174,ghsr_human___2090
fshr_human___612.pdb,0.4907,fshr_human___612
npff2_human___11417.pdb,0.5347,npff2_human___11417
gpr75_human___2090.pdb,0.5786,gpr75_human___2090
fzd1_human___644.pdb,0.3725,fzd1_human___644
fzd6_human___3594.pdb,0.4819,fzd6_human___3594
crfr1_human___2257.pdb,0.6272,crfr1_human___2257
ackr1_human___1458.pdb,0.6429,ackr1_human___1458
rl3r1_human___2019.pdb,0.5955,rl3r1_human___2019
pacr_human___2257.pdb,0.167,pacr_human___2257
galr3_human___3643.pdb,0.6491,galr3_human___3643
ntr1_human___5336.pdb,0.3643,ntr1_human___5336
g37l1_human___3594.pdb,0.3079,g37l1_human___3594
fpr1_human___1157.pdb,0.5355,fpr1_human___1157
fpr3_human___3935.pdb,0.5695,fpr3_human___3935
fzd2_human___921.pdb,0.5226,fzd2_human___921
v1br_human___758.pdb,0.2844,v1br_human___758
vipr2_human___1152.pdb,0.2123,vipr2_human___1152
gpr37_human___613.pdb,0.355,gpr37_human___613
mchr1_human___1643.pdb,0.6309,mchr1_human___1643
ccr9_human___798.pdb,0.1765,ccr9_human___798
calcr_human___2257.pdb,0.4837,calcr_human___2257
nk2r_human___3542.pdb,0.2252,nk2r_human___3542
bkrb2_human___1136.pdb,0.3699,bkrb2_human___1136
cxcr6_human___1320.pdb,0.539,cxcr6_human___1320
apj_human___585.pdb,0.6332,apj_human___585
xcr1_human___1790.pdb,0.2472,xcr1_human___1790
par4_human___574.pdb,0.3102,par4_human___574
ednra_human___3542.pdb,0.6101,ednra_human___3542
ackr3_human___1004.pdb,0.2573,ackr3_human___1004
mc5r_human___1643.pdb,0.6599,mc5r_human___1643
cxcr3_human___3645.pdb,0.1768,cxcr3_human___3645
ednrb_human___1997.pdb,0.4175,ednrb_human___1997
npbw2_human___1579.pdb,0.5308,npbw2_human___1579
gp107_human___1157.pdb,0.5111,gp107_human___1157
ednra_human___687.pdb,0.2478,ednra_human___687
ccr2_human___771.pdb,0.2119,ccr2_human___771
cxcr6_human___810.pdb,0.3876,cxcr6_human___810
cxcr1_human___798.pdb,0.2069,cxcr1_human___798
lgr6_human___1157.pdb,0.3953,lgr6_human___1157
galr3_human___613.pdb,0.6409,galr3_human___613
cxcr3_human___1790.pdb,0.2109,cxcr3_human___1790
rl3r1_human___1997.pdb,0.2437,rl3r1_human___1997
cxcr3_human___2257.pdb,0.2731,cxcr3_human___2257
gasr_human___1283.pdb,0.6536,gasr_human___1283
cxcr1_human___3542.pdb,0.3347,cxcr1_human___3542
npff1_human___5654.pdb,0.5953,npff1_human___5654
ur2r_human___1623.pdb,0.5312,ur2r_human___1623
lgr6_human___582.pdb,0.3295,lgr6_human___582
cxcr1_human___1504.pdb,0.6482,cxcr1_human___1504
nk1r_human___1504.pdb,0.376,nk1r_human___1504
ntr1_human___1152.pdb,0.5283,ntr1_human___1152
gp107_human___1162.pdb,0.6266,gp107_human___1162
ednra_human___1997.pdb,0.2353,ednra_human___1997
fzd6_human___646.pdb,0.3525,fzd6_human___646
cml1_human___681.pdb,0.3344,cml1_human___681
nmur2_human___1790.pdb,0.5352,nmur2_human___1790
mchr2_human___1470.pdb,0.2334,mchr2_human___1470
cx3c1_human___817.pdb,0.5935,cx3c1_human___817
ackr2_human___821.pdb,0.1765,ackr2_human___821
gpr37_human___1495.pdb,0.5812,gpr37_human___1495
ednra_human___1623.pdb,0.4357,ednra_human___1623
gp107_human___856.pdb,0.3066,gp107_human___856
mchr2_human___3700.pdb,0.3079,mchr2_human___3700
npy1r_human___2089.pdb,0.619,npy1r_human___2089
qrfpr_human___5895.pdb,0.1882,qrfpr_human___5895
npff2_human___1699.pdb,0.5034,npff2_human___1699
oprx_human___2945.pdb,0.2422,oprx_human___2945
npy4r_human___771.pdb,0.1825,npy4r_human___771
g37l1_human___1681.pdb,0.5539,g37l1_human___1681
pth2r_human___1152.pdb,0.2402,pth2r_human___1152
ntr2_human___2156.pdb,0.649,ntr2_human___2156
grpr_human___612.pdb,0.2305,grpr_human___612
ccr7_human___856.pdb,0.3239,ccr7_human___856
fzd2_human___1643.pdb,0.4959,fzd2_human___1643
npsr1_human___1871.pdb,0.4005,npsr1_human___1871
qrfpr_human___758.pdb,0.2239,qrfpr_human___758
galr3_human___921.pdb,0.5402,galr3_human___921
ox1r_human___1479.pdb,0.6124,ox1r_human___1479
glp2r_human___1152.pdb,0.2055,glp2r_human___1152
mc4r_human___1504.pdb,0.4324,mc4r_human___1504
nk1r_human___687.pdb,0.5072,nk1r_human___687
ssr5_human___808.pdb,0.4394,ssr5_human___808
ednrb_human___1136.pdb,0.5214,ednrb_human___1136
ackr2_human___921.pdb,0.5613,ackr2_human___921
ednrb_human___1004.pdb,0.2187,ednrb_human___1004
ur2r_human___1620.pdb,0.3794,ur2r_human___1620
ccr7_human___1504.pdb,0.3782,ccr7_human___1504
c3ar_human___2168.pdb,0.643,c3ar_human___2168
ox1r_human___613.pdb,0.6386,ox1r_human___613
npff1_human___1152.pdb,0.3234,npff1_human___1152
gp107_human___5654.pdb,0.3325,gp107_human___5654
nk2r_human___5336.pdb,0.3734,nk2r_human___5336
mchr1_human___3542.pdb,0.4471,mchr1_human___3542
ox2r_human___1871.pdb,0.6429,ox2r_human___1871
cx3c1_human___2257.pdb,0.6476,cx3c1_human___2257
vipr2_human___1136.pdb,0.2052,vipr2_human___1136
agtr1_human___921.pdb,0.2248,agtr1_human___921
oprd_human___758.pdb,0.5238,oprd_human___758
fzd1_human___921.pdb,0.6354,fzd1_human___921
gipr_human___1136.pdb,0.204,gipr_human___1136
ackr3_human___2019.pdb,0.4537,ackr3_human___2019
mc4r_human___6067.pdb,0.3445,mc4r_human___6067
npy4r_human___1514.pdb,0.5279,npy4r_human___1514
ccr4_human___3640.pdb,0.4103,ccr4_human___3640
qrfpr_human___821.pdb,0.6977,qrfpr_human___821
galr3_human___644.pdb,0.4502,galr3_human___644
trfr_human___2174.pdb,0.6391,trfr_human___2174
fpr3_human___681.pdb,0.213,fpr3_human___681
mchr2_human___1320.pdb,0.4158,mchr2_human___1320
crfr2_human___1867.pdb,0.2026,crfr2_human___1867
vipr1_human___808.pdb,0.3684,vipr1_human___808
trfr_human___921.pdb,0.3104,trfr_human___921
ntr1_human___1047.pdb,0.5892,ntr1_human___1047
nmur1_human___1140.pdb,0.4824,nmur1_human___1140
ccr5_human___5654.pdb,0.6156,ccr5_human___5654
gipr_human___1790.pdb,0.1962,gipr_human___1790
nmbr_human___1152.pdb,0.5339,nmbr_human___1152
nmbr_human___3700.pdb,0.3214,nmbr_human___3700
ssr1_human___2019.pdb,0.633,ssr1_human___2019
cckar_human___1871.pdb,0.6286,cckar_human___1871
fzd6_human___3548.pdb,0.2342,fzd6_human___3548
cxcr5_human___2257.pdb,0.3419,cxcr5_human___2257
mrgx2_human___1157.pdb,0.3683,mrgx2_human___1157
mc5r_human___798.pdb,0.6141,mc5r_human___798
ccr6_human___817.pdb,0.2295,ccr6_human___817
nmbr_human___1047.pdb,0.2202,nmbr_human___1047
cx3c1_human___856.pdb,0.1994,cx3c1_human___856
gpr39_human___856.pdb,0.2286,gpr39_human___856
ednra_human___5654.pdb,0.5903,ednra_human___5654
ccr10_human___1514.pdb,0.3822,ccr10_human___1514
npbw2_human___3548.pdb,0.2274,npbw2_human___3548
acthr_human___4358.pdb,0.6518,acthr_human___4358
crfr2_human___1333.pdb,0.5895,crfr2_human___1333
bkrb2_human___5654.pdb,0.5556,bkrb2_human___5654
glr_human___1272.pdb,0.2401,glr_human___1272
cxcr1_human___819.pdb,0.158,cxcr1_human___819
g37l1_human___5895.pdb,0.5612,g37l1_human___5895
galr3_human___612.pdb,0.3756,galr3_human___612
npy2r_human___2270.pdb,0.3615,npy2r_human___2270
mc4r_human___812.pdb,0.5838,mc4r_human___812
v2r_human___1579.pdb,0.6229,v2r_human___1579
ccr9_human___810.pdb,0.2129,ccr9_human___810
lgr4_human___3700.pdb,0.4386,lgr4_human___3700
mc3r_human___1333.pdb,0.6239,mc3r_human___1333
qrfpr_human___1790.pdb,0.2407,qrfpr_human___1790
pkr1_human___3548.pdb,0.2143,pkr1_human___3548
oprx_human___1620.pdb,0.6245,oprx_human___1620
fshr_human___1157.pdb,0.2993,fshr_human___1157
ccr8_human___861.pdb,0.3925,ccr8_human___861
gpr39_human___2089.pdb,0.5409,gpr39_human___2089
mrgx1_human___4057.pdb,0.6337,mrgx1_human___4057
v1ar_human___585.pdb,0.6384,v1ar_human___585
npbw2_human___646.pdb,0.5817,npbw2_human___646
lgr6_human___1997.pdb,0.3159,lgr6_human___1997
galr2_human___1479.pdb,0.6413,galr2_human___1479
ntr2_human___6067.pdb,0.4123,ntr2_human___6067
glr_human___2257.pdb,0.2161,glr_human___2257
glp1r_human___3542.pdb,0.1736,glp1r_human___3542
lgr6_human___2270.pdb,0.6345,lgr6_human___2270
ackr3_human___1579.pdb,0.6483,ackr3_human___1579
crfr1_human___1790.pdb,0.2098,crfr1_human___1790
gasr_human___776.pdb,0.5966,gasr_human___776
pacr_human___1790.pdb,0.1644,pacr_human___1790
qrfpr_human___613.pdb,0.6408,qrfpr_human___613
glr_human___754.pdb,0.1587,glr_human___754
lgr6_human___3700.pdb,0.4874,lgr6_human___3700
fpr1_human___2019.pdb,0.6289,fpr1_human___2019
pkr2_human___1867.pdb,0.2361,pkr2_human___1867
glr_human___6067.pdb,0.5839,glr_human___6067
crfr2_human___921.pdb,0.2144,crfr2_human___921
ghsr_human___3700.pdb,0.3,ghsr_human___3700
npy5r_human___758.pdb,0.1859,npy5r_human___758
npff2_human___1157.pdb,0.4766,npff2_human___1157
sctr_human___1140.pdb,0.2081,sctr_human___1140
ccr3_human___3542.pdb,0.6341,ccr3_human___3542
trfr_human___1152.pdb,0.2448,trfr_human___1152
nmur2_human___817.pdb,0.4762,nmur2_human___817
npy4r_human___1140.pdb,0.6324,npy4r_human___1140
ghsr_human___1272.pdb,0.1979,ghsr_human___1272
oprx_human___5654.pdb,0.5991,oprx_human___5654
ccr9_human___3542.pdb,0.4796,ccr9_human___3542
fpr1_human___612.pdb,0.3889,fpr1_human___612
ccr9_human___3548.pdb,0.2276,ccr9_human___3548
ntr2_human___5336.pdb,0.3533,ntr2_human___5336
npbw2_human___5654.pdb,0.645,npbw2_human___5654
mrgx2_human___1099.pdb,0.3338,mrgx2_human___1099
c3ar_human___2090.pdb,0.5621,c3ar_human___2090
ox2r_human___921.pdb,0.2582,ox2r_human___921
nk3r_human___1514.pdb,0.6282,nk3r_human___1514
lgr6_human___5654.pdb,0.3871,lgr6_human___5654
pkr2_human___989.pdb,0.2404,pkr2_human___989
pth2r_human___1099.pdb,0.2671,pth2r_human___1099
ednra_human___1620.pdb,0.6412,ednra_human___1620
gpr37_human___1140.pdb,0.29,gpr37_human___1140
npff2_human___3700.pdb,0.6497,npff2_human___3700
glp1r_human___1157.pdb,0.4077,glp1r_human___1157
grpr_human___2257.pdb,0.4469,grpr_human___2257
ssr2_human___1620.pdb,0.342,ssr2_human___1620
v1br_human___3548.pdb,0.2274,v1br_human___3548
vipr1_human___1140.pdb,0.2146,vipr1_human___1140
cxcr6_human___2270.pdb,0.4885,cxcr6_human___2270
gp107_human___3700.pdb,0.6533,gp107_human___3700
pacr_human___821.pdb,0.4348,pacr_human___821
fzd2_human___3548.pdb,0.2274,fzd2_human___3548
agtr1_human___646.pdb,0.6396,agtr1_human___646
gnrhr_human___11417.pdb,0.4995,gnrhr_human___11417
nk2r_human___2257.pdb,0.2435,nk2r_human___2257
pacr_human___3643.pdb,0.204,pacr_human___3643
ackr1_human___573.pdb,0.3444,ackr1_human___573
ghsr_human___1579.pdb,0.52,ghsr_human___1579
galr2_human___3548.pdb,0.6335,galr2_human___3548
npy2r_human___1157.pdb,0.4415,npy2r_human___1157
oprd_human___1623.pdb,0.405,oprd_human___1623
fpr1_human___771.pdb,0.632,fpr1_human___771
ssr5_human___646.pdb,0.5661,ssr5_human___646
pth1r_human___1283.pdb,0.6413,pth1r_human___1283
glp2r_human___3645.pdb,0.3786,glp2r_human___3645
gpr39_human___1047.pdb,0.2631,gpr39_human___1047
cml2_human___1157.pdb,0.6162,cml2_human___1157
pth1r_human___1871.pdb,0.298,pth1r_human___1871
cxcr5_human___819.pdb,0.1799,cxcr5_human___819
lgr6_human___3548.pdb,0.5424,lgr6_human___3548
mchr2_human___1152.pdb,0.2384,mchr2_human___1152
mchr2_human___2019.pdb,0.6537,mchr2_human___2019
ssr3_human___646.pdb,0.5152,ssr3_human___646
gasr_human___821.pdb,0.6492,gasr_human___821
mshr_human___2019.pdb,0.6389,mshr_human___2019
crfr1_human___921.pdb,0.2242,crfr1_human___921
gnrhr_human___2257.pdb,0.5671,gnrhr_human___2257
prlhr_human___1514.pdb,0.4696,prlhr_human___1514
cxcr1_human___3643.pdb,0.2599,cxcr1_human___3643
nk3r_human___3640.pdb,0.2681,nk3r_human___3640
trfr_human___3935.pdb,0.3092,trfr_human___3935
ccr5_human___754.pdb,0.1849,ccr5_human___754
mc4r_human___2089.pdb,0.6363,mc4r_human___2089
gnrhr_human___1623.pdb,0.4905,gnrhr_human___1623
v1ar_human___3646.pdb,0.6318,v1ar_human___3646
v1ar_human___821.pdb,0.5004,v1ar_human___821
crfr1_human___687.pdb,0.4022,crfr1_human___687
lgr6_human___4057.pdb,0.4029,lgr6_human___4057
c5ar1_human___921.pdb,0.2885,c5ar1_human___921
oprm_human___3700.pdb,0.2808,oprm_human___3700
crfr2_human___1152.pdb,0.3283,crfr2_human___1152
c5ar2_human___2257.pdb,0.5021,c5ar2_human___2257
npbw1_human___644.pdb,0.6054,npbw1_human___644
gpr75_human___2089.pdb,0.5042,gpr75_human___2089
v2r_human___3592.pdb,0.3216,v2r_human___3592
ssr2_human___1623.pdb,0.4086,ssr2_human___1623
gnrhr_human___687.pdb,0.2372,gnrhr_human___687
crfr1_human___2174.pdb,0.4243,crfr1_human___2174
nmbr_human___921.pdb,0.5639,nmbr_human___921
acthr_human___3542.pdb,0.5314,acthr_human___3542
ccr1_human___861.pdb,0.3908,ccr1_human___861
fshr_human___4358.pdb,0.623,fshr_human___4358
calcr_human___1099.pdb,0.2236,calcr_human___1099
npy2r_human___1283.pdb,0.603,npy2r_human___1283
ccr4_human___1152.pdb,0.2735,ccr4_human___1152
ccr1_human___644.pdb,0.5687,ccr1_human___644
ccr8_human___821.pdb,0.2167,ccr8_human___821
oprx_human___1681.pdb,0.5747,oprx_human___1681
galr1_human___11417.pdb,0.4906,galr1_human___11417
cml2_human___687.pdb,0.25,cml2_human___687
npbw1_human___3700.pdb,0.2797,npbw1_human___3700
sctr_human___2257.pdb,0.2186,sctr_human___2257
npy1r_human___3700.pdb,0.2392,npy1r_human___3700
acthr_human___1790.pdb,0.5773,acthr_human___1790
fpr3_human___3570.pdb,0.3884,fpr3_human___3570
sctr_human___3643.pdb,0.2106,sctr_human___3643
cxcr1_human___3645.pdb,0.1257,cxcr1_human___3645
oprm_human___1643.pdb,0.3303,oprm_human___1643
glr_human___1140.pdb,0.1857,glr_human___1140
ednrb_human___1620.pdb,0.6624,ednrb_human___1620
npbw1_human___3594.pdb,0.3597,npbw1_human___3594
gpr75_human___3548.pdb,0.6329,gpr75_human___3548
fzd1_human___989.pdb,0.6417,fzd1_human___989
mrgx2_human___687.pdb,0.439,mrgx2_human___687
xcr1_human___687.pdb,0.2897,xcr1_human___687
v1ar_human___2019.pdb,0.552,v1ar_human___2019
prlhr_human___1504.pdb,0.3764,prlhr_human___1504
lgr5_human___1157.pdb,0.4978,lgr5_human___1157
ghrhr_human___758.pdb,0.5354,ghrhr_human___758
npy1r_human___812.pdb,0.2194,npy1r_human___812
glp1r_human___2945.pdb,0.2274,glp1r_human___2945
mchr1_human___3570.pdb,0.5874,mchr1_human___3570
nmur2_human___2019.pdb,0.5858,nmur2_human___2019
v1br_human___1157.pdb,0.5441,v1br_human___1157
mrgx1_human___4058.pdb,0.6356,mrgx1_human___4058
ccr9_human___2257.pdb,0.3372,ccr9_human___2257
mrgx1_human___1623.pdb,0.408,mrgx1_human___1623
crfr1_human___3647.pdb,0.6033,crfr1_human___3647
calrl_human___776.pdb,0.5607,calrl_human___776
pth1r_human___3643.pdb,0.2236,pth1r_human___3643
npy5r_human___1681.pdb,0.3214,npy5r_human___1681
npy5r_human___1871.pdb,0.2414,npy5r_human___1871
galr1_human___1157.pdb,0.5852,galr1_human___1157
galr1_human___1479.pdb,0.6355,galr1_human___1479
ednra_human___1867.pdb,0.5095,ednra_human___1867
mrgx1_human___6067.pdb,0.6267,mrgx1_human___6067
ccr10_human___758.pdb,0.2129,ccr10_human___758
ssr1_human___921.pdb,0.6029,ssr1_human___921
glp1r_human___2257.pdb,0.2101,glp1r_human___2257
pth2r_human___1867.pdb,0.2127,pth2r_human___1867
gpr39_human___1152.pdb,0.641,gpr39_human___1152
cml2_human___2945.pdb,0.2677,cml2_human___2945
cxcr5_human___3645.pdb,0.1068,cxcr5_human___3645
oprd_human___644.pdb,0.4617,oprd_human___644
trfr_human___1470.pdb,0.5129,trfr_human___1470
ccr6_human___681.pdb,0.5055,ccr6_human___681
mrgx2_human___4057.pdb,0.2578,mrgx2_human___4057
ccr1_human___1579.pdb,0.5625,ccr1_human___1579
bkrb2_human___2945.pdb,0.3215,bkrb2_human___2945
cckar_human___1283.pdb,0.6401,cckar_human___1283
fshr_human___1495.pdb,0.3414,fshr_human___1495
par4_human___687.pdb,0.6329,par4_human___687
ackr3_human___810.pdb,0.5798,ackr3_human___810
cxcr6_human___1152.pdb,0.5322,cxcr6_human___1152
kissr_human___1136.pdb,0.3687,kissr_human___1136
glr_human___1162.pdb,0.6437,glr_human___1162
prlhr_human___613.pdb,0.5965,prlhr_human___613
cxcr3_human___758.pdb,0.2789,cxcr3_human___758
kissr_human___921.pdb,0.5196,kissr_human___921
agtr2_human___646.pdb,0.6223,agtr2_human___646
cxcr5_human___771.pdb,0.2779,cxcr5_human___771
mc3r_human___6067.pdb,0.3275,mc3r_human___6067
galr3_human___1623.pdb,0.4811,galr3_human___1623
kissr_human___812.pdb,0.6418,kissr_human___812
ccr2_human___3645.pdb,0.2486,ccr2_human___3645
ednrb_human___1867.pdb,0.5968,ednrb_human___1867
sctr_human___1790.pdb,0.1913,sctr_human___1790
mchr2_human___11417.pdb,0.6159,mchr2_human___11417
ccr1_human___2089.pdb,0.5838,ccr1_human___2089
galr2_human___1162.pdb,0.5464,galr2_human___1162
glp1r_human___3643.pdb,0.2087,glp1r_human___3643
pth1r_human___1140.pdb,0.1968,pth1r_human___1140
ccr8_human___798.pdb,0.2823,ccr8_human___798
rl3r1_human___2945.pdb,0.2491,rl3r1_human___2945
gasr_human___613.pdb,0.5166,gasr_human___613
mrgx2_human___1867.pdb,0.6378,mrgx2_human___1867
pkr2_human___1152.pdb,0.4169,pkr2_human___1152
v1ar_human___758.pdb,0.2439,v1ar_human___758
ghrhr_human___1867.pdb,0.1506,ghrhr_human___1867
c5ar1_human___1136.pdb,0.633,c5ar1_human___1136
mc5r_human___1320.pdb,0.6422,mc5r_human___1320
oprd_human___5654.pdb,0.5654,oprd_human___5654
npbw2_human___1495.pdb,0.2168,npbw2_human___1495
fzd6_human___3646.pdb,0.2744,fzd6_human___3646
cxcr2_human___771.pdb,0.2671,cxcr2_human___771
pacr_human___3594.pdb,0.1708,pacr_human___3594
fzd6_human___644.pdb,0.4556,fzd6_human___644
pth1r_human___1790.pdb,0.1449,pth1r_human___1790
ur2r_human___1495.pdb,0.2625,ur2r_human___1495
npff1_human___3592.pdb,0.439,npff1_human___3592
cckar_human___687.pdb,0.6384,cckar_human___687
rl3r1_human___3643.pdb,0.2447,rl3r1_human___3643
npff2_human___2945.pdb,0.2999,npff2_human___2945
npy4r_human___1871.pdb,0.3486,npy4r_human___1871
grpr_human___1479.pdb,0.6376,grpr_human___1479
nk3r_human___1298.pdb,0.2321,nk3r_human___1298
qrfpr_human___808.pdb,0.6309,qrfpr_human___808
fzd2_human___817.pdb,0.6455,fzd2_human___817
glp1r_human___1272.pdb,0.3183,glp1r_human___1272
fshr_human___3643.pdb,0.2643,fshr_human___3643
gpr37_human___4058.pdb,0.5874,gpr37_human___4058
lgr5_human___2019.pdb,0.5945,lgr5_human___2019
ccr2_human___3570.pdb,0.4198,ccr2_human___3570
glp2r_human___1136.pdb,0.1852,glp2r_human___1136
grpr_human___3594.pdb,0.2922,grpr_human___3594
gasr_human___1504.pdb,0.3338,gasr_human___1504
prlhr_human___2257.pdb,0.3874,prlhr_human___2257
ur2r_human___1681.pdb,0.6252,ur2r_human___1681
agtr1_human___1790.pdb,0.2643,agtr1_human___1790
nmur1_human___4057.pdb,0.474,nmur1_human___4057
nk1r_human___821.pdb,0.2805,nk1r_human___821
gpr37_human___6067.pdb,0.3389,gpr37_human___6067
v1ar_human___2168.pdb,0.4908,v1ar_human___2168
fzd1_human___3548.pdb,0.2274,fzd1_human___3548
nmbr_human___3935.pdb,0.2433,nmbr_human___3935
ssr4_human___1623.pdb,0.3619,ssr4_human___1623
npy1r_human___644.pdb,0.6372,npy1r_human___644
nk2r_human___5895.pdb,0.6324,nk2r_human___5895
ssr2_human___1140.pdb,0.614,ssr2_human___1140
par4_human___1579.pdb,0.4849,par4_human___1579
oprm_human___2945.pdb,0.2512,oprm_human___2945
mtlr_human___754.pdb,0.198,mtlr_human___754
ox1r_human___3735.pdb,0.3152,ox1r_human___3735
pth1r_human___3645.pdb,0.1402,pth1r_human___3645
mchr2_human___3594.pdb,0.246,mchr2_human___3594
cxcr2_human___3645.pdb,0.1361,cxcr2_human___3645
sctr_human___1136.pdb,0.2209,sctr_human___1136
vipr1_human___3640.pdb,0.3925,vipr1_human___3640
sctr_human___3700.pdb,0.2671,sctr_human___3700
mrgx1_human___3735.pdb,0.6344,mrgx1_human___3735
ccr7_human___817.pdb,0.2415,ccr7_human___817
nmur2_human___3570.pdb,0.5874,nmur2_human___3570
mc3r_human___1997.pdb,0.6413,mc3r_human___1997
cx3c1_human___644.pdb,0.6365,cx3c1_human___644
mc3r_human___2089.pdb,0.4155,mc3r_human___2089
gp107_human___1495.pdb,0.5603,gp107_human___1495
ssr1_human___1620.pdb,0.6303,ssr1_human___1620
ssr3_human___921.pdb,0.6296,ssr3_human___921
ghrhr_human___613.pdb,0.6032,ghrhr_human___613
npsr1_human___3700.pdb,0.5913,npsr1_human___3700
ccr10_human___855.pdb,0.5489,ccr10_human___855
ackr2_human___2174.pdb,0.5637,ackr2_human___2174
gasr_human___5654.pdb,0.6202,gasr_human___5654
glp2r_human___3643.pdb,0.2055,glp2r_human___3643
ghsr_human___758.pdb,0.2265,ghsr_human___758
ccr2_human___2168.pdb,0.6454,ccr2_human___2168
fpr2_human___3548.pdb,0.2332,fpr2_human___3548
calcr_human___1152.pdb,0.2211,calcr_human___1152
bkrb2_human___3700.pdb,0.4227,bkrb2_human___3700
c3ar_human___758.pdb,0.306,c3ar_human___758
prlhr_human___3700.pdb,0.3543,prlhr_human___3700
xcr1_human___646.pdb,0.5742,xcr1_human___646
galr2_human___11417.pdb,0.5408,galr2_human___11417
ackr2_human___681.pdb,0.5436,ackr2_human___681
fshr_human___2270.pdb,0.6362,fshr_human___2270
ackr3_human___4358.pdb,0.1831,ackr3_human___4358
glp1r_human___1140.pdb,0.1843,glp1r_human___1140
ghsr_human___1470.pdb,0.3221,ghsr_human___1470
ssr4_human___921.pdb,0.5338,ssr4_human___921
gnrhr_human___1162.pdb,0.6245,gnrhr_human___1162
fshr_human___1997.pdb,0.3074,fshr_human___1997
glr_human___1152.pdb,0.2104,glr_human___1152
gipr_human___3542.pdb,0.1939,gipr_human___3542
ccr9_human___758.pdb,0.2557,ccr9_human___758
npbw1_human___1136.pdb,0.6232,npbw1_human___1136
v1br_human___2019.pdb,0.547,v1br_human___2019
gipr_human___3643.pdb,0.2349,gipr_human___3643
nk1r_human___771.pdb,0.4075,nk1r_human___771
gpr39_human___5336.pdb,0.2445,gpr39_human___5336
cxcr5_human___3700.pdb,0.6322,cxcr5_human___3700
apj_human___613.pdb,0.6038,apj_human___613
bkrb1_human___1283.pdb,0.5797,bkrb1_human___1283
gp107_human___798.pdb,0.6335,gp107_human___798
oprd_human___3594.pdb,0.4071,oprd_human___3594
oprk_human___1620.pdb,0.3658,oprk_human___1620
trfr_human___613.pdb,0.6338,trfr_human___613
mc5r_human___2257.pdb,0.6031,mc5r_human___2257
ssr5_human___1157.pdb,0.5072,ssr5_human___1157
nk3r_human___687.pdb,0.4078,nk3r_human___687
galr1_human___3548.pdb,0.2274,galr1_human___3548
bkrb1_human___3594.pdb,0.3222,bkrb1_human___3594
vipr2_human___1140.pdb,0.2419,vipr2_human___1140
agtr1_human___3643.pdb,0.2716,agtr1_human___3643
cxcr6_human___798.pdb,0.225,cxcr6_human___798
npy4r_human___2089.pdb,0.6386,npy4r_human___2089
ox1r_human___4058.pdb,0.4541,ox1r_human___4058
hrh4_human___1272.pdb,0.3498,hrh4_human___1272
prlhr_human___1136.pdb,0.2563,prlhr_human___1136
v2r_human___1490.pdb,0.6354,v2r_human___1490
ccr8_human___754.pdb,0.2027,ccr8_human___754
lgr5_human___3700.pdb,0.6192,lgr5_human___3700
cckar_human___798.pdb,0.3088,cckar_human___798
kissr_human___11417.pdb,0.6093,kissr_human___11417
cml1_human___1479.pdb,0.6348,cml1_human___1479
ssr5_human___1298.pdb,0.303,ssr5_human___1298
ssr5_human___11417.pdb,0.645,ssr5_human___11417
mchr1_human___1298.pdb,0.5093,mchr1_human___1298
agtr2_human___3548.pdb,0.2286,agtr2_human___3548
gpr75_human___1152.pdb,0.4606,gpr75_human___1152
par4_human___681.pdb,0.4921,par4_human___681
galr3_human___1790.pdb,0.271,galr3_human___1790
npy4r_human___2098.pdb,0.6363,npy4r_human___2098
agtr1_human___5654.pdb,0.5027,agtr1_human___5654
pkr2_human___1871.pdb,0.2359,pkr2_human___1871
agtr2_human___1620.pdb,0.2628,agtr2_human___1620
fzd1_human___2945.pdb,0.2274,fzd1_human___2945
fpr1_human___1152.pdb,0.4522,fpr1_human___1152
ackr3_human___1157.pdb,0.5369,ackr3_human___1157
oprk_human___921.pdb,0.6204,oprk_human___921
mrgx2_human___4058.pdb,0.6166,mrgx2_human___4058
ccr4_human___771.pdb,0.2267,ccr4_human___771
nk3r_human___2270.pdb,0.6311,nk3r_human___2270
cxcr4_human___1099.pdb,0.6407,cxcr4_human___1099
ccr8_human___3570.pdb,0.6096,ccr8_human___3570
ackr4_human___855.pdb,0.5454,ackr4_human___855
mtlr_human___5654.pdb,0.6455,mtlr_human___5654
nmur1_human___754.pdb,0.2316,nmur1_human___754
npbw2_human___573.pdb,0.2716,npbw2_human___573
mrgx2_human___5654.pdb,0.6245,mrgx2_human___5654
c5ar1_human___1579.pdb,0.6442,c5ar1_human___1579
agtr2_human___3700.pdb,0.3285,agtr2_human___3700
ssr5_human___5654.pdb,0.6364,ssr5_human___5654
ntr2_human___1997.pdb,0.3163,ntr2_human___1997
mchr2_human___1162.pdb,0.6113,mchr2_human___1162
ccr4_human___1579.pdb,0.4674,ccr4_human___1579
gnrhr_human___2019.pdb,0.4945,gnrhr_human___2019
nk1r_human___2098.pdb,0.6438,nk1r_human___2098
fzd1_human___681.pdb,0.5925,fzd1_human___681
ccr7_human___2156.pdb,0.5079,ccr7_human___2156
fzd6_human___758.pdb,0.579,fzd6_human___758
ackr2_human___1157.pdb,0.3861,ackr2_human___1157
c3ar_human___5654.pdb,0.6351,c3ar_human___5654
agtr1_human___585.pdb,0.6266,agtr1_human___585
ackr4_human___3643.pdb,0.5379,ackr4_human___3643
xcr1_human___2270.pdb,0.624,xcr1_human___2270
lgr6_human___4358.pdb,0.3041,lgr6_human___4358
calrl_human___681.pdb,0.1832,calrl_human___681
mrgx2_human___3640.pdb,0.2327,mrgx2_human___3640
pkr2_human___1004.pdb,0.2185,pkr2_human___1004
ccr3_human___3700.pdb,0.4841,ccr3_human___3700
ackr1_human___798.pdb,0.2144,ackr1_human___798
nmur1_human___1867.pdb,0.203,nmur1_human___1867
fpr3_human___1152.pdb,0.2694,fpr3_human___1152
fpr2_human___687.pdb,0.2152,fpr2_human___687
nk2r_human___2089.pdb,0.6136,nk2r_human___2089
cxcr2_human___921.pdb,0.5348,cxcr2_human___921
mc5r_human___5895.pdb,0.649,mc5r_human___5895
hrh4_human___758.pdb,0.249,hrh4_human___758
ccr6_human___687.pdb,0.329,ccr6_human___687
c5ar2_human___1162.pdb,0.6266,c5ar2_human___1162
glr_human___1136.pdb,0.17,glr_human___1136
rl3r1_human___681.pdb,0.2445,rl3r1_human___681
glr_human___3542.pdb,0.1642,glr_human___3542
cxcr4_human___644.pdb,0.5462,cxcr4_human___644
gasr_human___2270.pdb,0.5464,gasr_human___2270
ednrb_human___758.pdb,0.3779,ednrb_human___758
ssr3_human___1298.pdb,0.4722,ssr3_human___1298
grpr_human___2019.pdb,0.6346,grpr_human___2019
cml1_human___1047.pdb,0.6356,cml1_human___1047
ccr2_human___921.pdb,0.6251,ccr2_human___921
glp2r_human___2019.pdb,0.5899,glp2r_human___2019
v1ar_human___681.pdb,0.3354,v1ar_human___681
mc5r_human___2270.pdb,0.6131,mc5r_human___2270
crfr1_human___1152.pdb,0.627,crfr1_human___1152
fzd6_human___808.pdb,0.2852,fzd6_human___808
calcr_human___921.pdb,0.2716,calcr_human___921
pkr1_human___1157.pdb,0.4705,pkr1_human___1157
mshr_human___1643.pdb,0.4343,mshr_human___1643
pkr1_human___1867.pdb,0.301,pkr1_human___1867
cx3c1_human___798.pdb,0.2185,cx3c1_human___798
oxyr_human___3592.pdb,0.2315,oxyr_human___3592
lgr5_human___3548.pdb,0.4982,lgr5_human___3548
npsr1_human___1681.pdb,0.2955,npsr1_human___1681
npbw2_human___644.pdb,0.5835,npbw2_human___644
mshr_human___1136.pdb,0.3746,mshr_human___1136
ackr2_human___758.pdb,0.2457,ackr2_human___758
gasr_human___861.pdb,0.3855,gasr_human___861
