identifier,InteractionProbability,complex,model,chain1,chain2
crfr2_human___2168,0.061,crfr2_human___2168,pred,A,B
npff2_human___3700,0.223,npff2_human___3700,pred,A,B
ccr4_human___1152,0.214,ccr4_human___1152,pred,A,B
cxcr4_human___5654,0.092,cxcr4_human___5654,pred,A,B
cxcr1_human___808,0.246,cxcr1_human___808,pred,A,B
ednrb_human___1620,0.276,ednrb_human___1620,pred,A,B
ssr4_human___3548,0.134,ssr4_human___3548,pred,A,B
glp2r_human___856,1.258,glp2r_human___856,pred,A,B
cxcr5_human___3570,0.3,cxcr5_human___3570,pred,A,B
fpr2_human___687,1.138,fpr2_human___687,pred,A,B
ccr1_human___2098,0.346,ccr1_human___2098,pred,A,B
pkr1_human___1004,0.402,pkr1_human___1004,pred,A,B
ccr1_human___798,0.424,ccr1_human___798,pred,A,B
ccr2_human___3645,0.393,ccr2_human___3645,pred,A,B
ssr3_human___3700,0.505,ssr3_human___3700,pred,A,B
fzd2_human___758,0.507,fzd2_human___758,pred,A,B
mtlr_human___1579,0.336,mtlr_human___1579,pred,A,B
prlhr_human___2090,0.113,prlhr_human___2090,pred,A,B
crfr1_human___1470,0.39,crfr1_human___1470,pred,A,B
fpr2_human___1140,0.328,fpr2_human___1140,pred,A,B
lgr6_human___3700,0.112,lgr6_human___3700,pred,A,B
gnrhr_human___1152,0.178,gnrhr_human___1152,pred,A,B
nk1r_human___1504,0.305,nk1r_human___1504,pred,A,B
mc3r_human___2270,1.262,mc3r_human___2270,pred,A,B
pkr1_human___1157,0.013,pkr1_human___1157,pred,A,B
fshr_human___3643,0.351,fshr_human___3643,pred,A,B
cxcr4_human___808,0.662,cxcr4_human___808,pred,A,B
cxcr5_human___1136,0.301,cxcr5_human___1136,pred,A,B
npff1_human___1699,0.055,npff1_human___1699,pred,A,B
galr2_human___1162,0.052,galr2_human___1162,pred,A,B
sctr_human___3606,0.29,sctr_human___3606,pred,A,B
npbw1_human___1623,0.142,npbw1_human___1623,pred,A,B
cx3c1_human___5654,0.352,cx3c1_human___5654,pred,A,B
prlhr_human___1504,1.231,prlhr_human___1504,pred,A,B
ssr2_human___1643,0.045,ssr2_human___1643,pred,A,B
mc5r_human___758,0.255,mc5r_human___758,pred,A,B
npbw1_human___3633,0.152,npbw1_human___3633,pred,A,B
apj_human___1479,0.068,apj_human___1479,pred,A,B
v2r_human___5654,0.284,v2r_human___5654,pred,A,B
npff2_human___3542,0.362,npff2_human___3542,pred,A,B
cxcr3_human___3570,0.189,cxcr3_human___3570,pred,A,B
mchr2_human___1320,0.192,mchr2_human___1320,pred,A,B
nmur1_human___1867,0.876,nmur1_human___1867,pred,A,B
ccr7_human___856,0.832,ccr7_human___856,pred,A,B
nk2r_human___5336,0.026,nk2r_human___5336,pred,A,B
bkrb2_human___2945,0.322,bkrb2_human___2945,pred,A,B
npy5r_human___1997,0.232,npy5r_human___1997,pred,A,B
ssr5_human___3700,0.153,ssr5_human___3700,pred,A,B
pacr_human___2257,0.232,pacr_human___2257,pred,A,B
ntr2_human___1458,0.103,ntr2_human___1458,pred,A,B
ssr4_human___1620,0.349,ssr4_human___1620,pred,A,B
grpr_human___3594,0.615,grpr_human___3594,pred,A,B
ccr8_human___1514,0.318,ccr8_human___1514,pred,A,B
ntr2_human___3643,0.608,ntr2_human___3643,pred,A,B
nk1r_human___821,0.372,nk1r_human___821,pred,A,B
rl3r1_human___1997,0.397,rl3r1_human___1997,pred,A,B
gpr75_human___3548,0.783,gpr75_human___3548,pred,A,B
ox1r_human___612,0.414,ox1r_human___612,pred,A,B
agtr1_human___921,0.22,agtr1_human___921,pred,A,B
oprk_human___3700,0.504,oprk_human___3700,pred,A,B
ghsr_human___2270,0.589,ghsr_human___2270,pred,A,B
ackr1_human___1470,0.283,ackr1_human___1470,pred,A,B
ccr5_human___819,0.045,ccr5_human___819,pred,A,B
kissr_human___1871,0.054,kissr_human___1871,pred,A,B
npff1_human___1136,0.168,npff1_human___1136,pred,A,B
c5ar1_human___3592,0.199,c5ar1_human___3592,pred,A,B
c5ar2_human___2945,0.262,c5ar2_human___2945,pred,A,B
mc5r_human___573,0.538,mc5r_human___573,pred,A,B
gp107_human___3700,0.257,gp107_human___3700,pred,A,B
oprk_human___2945,0.77,oprk_human___2945,pred,A,B
galr3_human___644,0.043,galr3_human___644,pred,A,B
fpr3_human___1479,0.185,fpr3_human___1479,pred,A,B
galr3_human___1162,0.025,galr3_human___1162,pred,A,B
calrl_human___3645,0.19,calrl_human___3645,pred,A,B
nmur1_human___4057,0.35,nmur1_human___4057,pred,A,B
mchr2_human___11417,0.058,mchr2_human___11417,pred,A,B
cml2_human___3700,0.485,cml2_human___3700,pred,A,B
v2r_human___771,0.354,v2r_human___771,pred,A,B
crfr2_human___1152,0.159,crfr2_human___1152,pred,A,B
nk3r_human___2090,0.052,nk3r_human___2090,pred,A,B
ccr5_human___1136,0.008,ccr5_human___1136,pred,A,B
cxcr5_human___2257,0.058,cxcr5_human___2257,pred,A,B
ccr9_human___798,0.374,ccr9_human___798,pred,A,B
fzd1_human___6067,0.308,fzd1_human___6067,pred,A,B
glp2r_human___1136,0.142,glp2r_human___1136,pred,A,B
cml2_human___3592,0.385,cml2_human___3592,pred,A,B
fzd6_human___3646,0.279,fzd6_human___3646,pred,A,B
cxcr2_human___3645,0.573,cxcr2_human___3645,pred,A,B
gp107_human___1157,0.017,gp107_human___1157,pred,A,B
ssr1_human___3548,0.213,ssr1_human___3548,pred,A,B
ssr5_human___5654,0.107,ssr5_human___5654,pred,A,B
galr2_human___612,0.529,galr2_human___612,pred,A,B
ccr8_human___798,0.316,ccr8_human___798,pred,A,B
cxcr5_human___821,0.298,cxcr5_human___821,pred,A,B
ntr1_human___1458,0.215,ntr1_human___1458,pred,A,B
oprm_human___3548,0.242,oprm_human___3548,pred,A,B
cxcr1_human___3542,0.173,cxcr1_human___3542,pred,A,B
mrgx2_human___687,0.939,mrgx2_human___687,pred,A,B
mrgx1_human___4058,0.049,mrgx1_human___4058,pred,A,B
xcr1_human___2270,0.126,xcr1_human___2270,pred,A,B
mc5r_human___5895,0.469,mc5r_human___5895,pred,A,B
mc4r_human___1140,0.035,mc4r_human___1140,pred,A,B
cckar_human___864,0.024,cckar_human___864,pred,A,B
mshr_human___573,0.473,mshr_human___573,pred,A,B
c5ar1_human___573,0.316,c5ar1_human___573,pred,A,B
ednrb_human___1867,1.463,ednrb_human___1867,pred,A,B
glr_human___1272,0.778,glr_human___1272,pred,A,B
c5ar2_human___1047,0.549,c5ar2_human___1047,pred,A,B
nk1r_human___612,0.342,nk1r_human___612,pred,A,B
ccr2_human___771,0.046,ccr2_human___771,pred,A,B
agtr1_human___646,0.012,agtr1_human___646,pred,A,B
npy4r_human___1140,0.975,npy4r_human___1140,pred,A,B
nmur1_human___1099,0.058,nmur1_human___1099,pred,A,B
cx3c1_human___3647,0.282,cx3c1_human___3647,pred,A,B
ssr2_human___687,0.76,ssr2_human___687,pred,A,B
nmbr_human___3542,0.127,nmbr_human___3542,pred,A,B
npy2r_human___1152,0.211,npy2r_human___1152,pred,A,B
fpr1_human___612,0.151,fpr1_human___612,pred,A,B
ssr5_human___1997,0.361,ssr5_human___1997,pred,A,B
npff1_human___5654,0.087,npff1_human___5654,pred,A,B
cxcr3_human___5895,0.132,cxcr3_human___5895,pred,A,B
fpr1_human___771,0.022,fpr1_human___771,pred,A,B
kissr_human___3700,0.753,kissr_human___3700,pred,A,B
agtr1_human___1298,0.033,agtr1_human___1298,pred,A,B
mshr_human___1140,0.673,mshr_human___1140,pred,A,B
ednra_human___1620,0.095,ednra_human___1620,pred,A,B
nmur1_human___1140,0.715,nmur1_human___1140,pred,A,B
oxyr_human___1157,0.046,oxyr_human___1157,pred,A,B
gipr_human___1320,0.146,gipr_human___1320,pred,A,B
vipr1_human___1504,0.41,vipr1_human___1504,pred,A,B
nk1r_human___798,0.864,nk1r_human___798,pred,A,B
acthr_human___574,0.109,acthr_human___574,pred,A,B
hrh4_human___1272,0.14,hrh4_human___1272,pred,A,B
acthr_human___1157,0.11,acthr_human___1157,pred,A,B
ccr4_human___754,0.188,ccr4_human___754,pred,A,B
npy5r_human___3570,0.165,npy5r_human___3570,pred,A,B
crfr2_human___3594,0.587,crfr2_human___3594,pred,A,B
fzd6_human___3594,0.82,fzd6_human___3594,pred,A,B
npbw1_human___1152,0.203,npbw1_human___1152,pred,A,B
ccr7_human___808,0.366,ccr7_human___808,pred,A,B
nk3r_human___5654,0.286,nk3r_human___5654,pred,A,B
cml1_human___3592,0.209,cml1_human___3592,pred,A,B
ssr3_human___1997,0.345,ssr3_human___1997,pred,A,B
v1ar_human___5654,0.182,v1ar_human___5654,pred,A,B
gnrhr_human___2257,0.229,gnrhr_human___2257,pred,A,B
calcr_human___2257,0.434,calcr_human___2257,pred,A,B
ssr1_human___1997,0.434,ssr1_human___1997,pred,A,B
cxcr1_human___758,0.134,cxcr1_human___758,pred,A,B
fshr_human___612,0.313,fshr_human___612,pred,A,B
ackr3_human___2019,0.401,ackr3_human___2019,pred,A,B
mrgx1_human___5336,0.687,mrgx1_human___5336,pred,A,B
vipr2_human___1283,0.058,vipr2_human___1283,pred,A,B
calcr_human___1162,0.025,calcr_human___1162,pred,A,B
cckar_human___1871,0.408,cckar_human___1871,pred,A,B
cxcr5_human___771,0.24,cxcr5_human___771,pred,A,B
agtr2_human___644,-0.001,agtr2_human___644,pred,A,B
ghsr_human___1099,0.286,ghsr_human___1099,pred,A,B
npbw2_human___1495,0.435,npbw2_human___1495,pred,A,B
c3ar_human___1643,0.054,c3ar_human___1643,pred,A,B
mchr1_human___1790,0.51,mchr1_human___1790,pred,A,B
cxcr2_human___758,0.264,cxcr2_human___758,pred,A,B
apj_human___585,0.06,apj_human___585,pred,A,B
galr2_human___2019,0.116,galr2_human___2019,pred,A,B
fpr3_human___574,0.409,fpr3_human___574,pred,A,B
ssr3_human___646,0.086,ssr3_human___646,pred,A,B
ssr4_human___1623,0.035,ssr4_human___1623,pred,A,B
nk3r_human___1099,0.365,nk3r_human___1099,pred,A,B
mrgx1_human___6067,0.094,mrgx1_human___6067,pred,A,B
hrh4_human___3700,0.234,hrh4_human___3700,pred,A,B
pth1r_human___855,1.414,pth1r_human___855,pred,A,B
npy5r_human___5895,0.198,npy5r_human___5895,pred,A,B
fzd1_human___2945,0.284,fzd1_human___2945,pred,A,B
nk3r_human___1504,0.233,nk3r_human___1504,pred,A,B
hrh4_human___1099,0.113,hrh4_human___1099,pred,A,B
pth1r_human___1140,0.65,pth1r_human___1140,pred,A,B
ackr3_human___921,0.083,ackr3_human___921,pred,A,B
lgr4_human___3700,0.434,lgr4_human___3700,pred,A,B
lgr5_human___3606,0.207,lgr5_human___3606,pred,A,B
nk2r_human___3542,0.079,nk2r_human___3542,pred,A,B
ackr3_human___2089,0.157,ackr3_human___2089,pred,A,B
fpr3_human___3542,0.906,fpr3_human___3542,pred,A,B
cxcr1_human___3645,0.841,cxcr1_human___3645,pred,A,B
ssr2_human___2019,0.082,ssr2_human___2019,pred,A,B
fpr3_human___758,0.423,fpr3_human___758,pred,A,B
ednra_human___1623,0.062,ednra_human___1623,pred,A,B
grpr_human___2257,0.232,grpr_human___2257,pred,A,B
calcr_human___921,0.673,calcr_human___921,pred,A,B
xcr1_human___3647,0.824,xcr1_human___3647,pred,A,B
gpr39_human___2019,0.176,gpr39_human___2019,pred,A,B
ccr8_human___808,0.637,ccr8_human___808,pred,A,B
g37l1_human___4058,0.418,g37l1_human___4058,pred,A,B
oprd_human___1623,0.076,oprd_human___1623,pred,A,B
nmbr_human___1047,0.252,nmbr_human___1047,pred,A,B
glr_human___1140,0.191,glr_human___1140,pred,A,B
vipr1_human___808,0.832,vipr1_human___808,pred,A,B
kissr_human___921,0.157,kissr_human___921,pred,A,B
cxcr1_human___798,0.458,cxcr1_human___798,pred,A,B
ghrhr_human___644,0.105,ghrhr_human___644,pred,A,B
ccr5_human___5654,0.035,ccr5_human___5654,pred,A,B
agtr2_human___1152,0.167,agtr2_human___1152,pred,A,B
gpr37_human___613,0.217,gpr37_human___613,pred,A,B
ackr2_human___921,0.523,ackr2_human___921,pred,A,B
nmur2_human___3570,0.183,nmur2_human___3570,pred,A,B
ccr8_human___861,0.142,ccr8_human___861,pred,A,B
calrl_human___3548,0.427,calrl_human___3548,pred,A,B
mc3r_human___1333,0.297,mc3r_human___1333,pred,A,B
npbw2_human___1579,0.288,npbw2_human___1579,pred,A,B
cml2_human___687,0.048,cml2_human___687,pred,A,B
oprm_human___1681,-0.005,oprm_human___1681,pred,A,B
mc5r_human___2257,0.71,mc5r_human___2257,pred,A,B
agtr1_human___3643,0.322,agtr1_human___3643,pred,A,B
c5ar2_human___921,0.453,c5ar2_human___921,pred,A,B
cxcr4_human___3542,0.172,cxcr4_human___3542,pred,A,B
crfr1_human___3700,0.584,crfr1_human___3700,pred,A,B
bkrb1_human___1681,0.15,bkrb1_human___1681,pred,A,B
gnrhr_human___3548,0.383,gnrhr_human___3548,pred,A,B
calrl_human___4057,0.103,calrl_human___4057,pred,A,B
cxcr6_human___2270,0.384,cxcr6_human___2270,pred,A,B
hrh4_human___1681,0.265,hrh4_human___1681,pred,A,B
xcr1_human___817,0.995,xcr1_human___817,pred,A,B
fzd6_human___3735,0.049,fzd6_human___3735,pred,A,B
lgr4_human___856,0.953,lgr4_human___856,pred,A,B
acthr_human___3633,0.884,acthr_human___3633,pred,A,B
crfr1_human___1152,0.029,crfr1_human___1152,pred,A,B
gp107_human___798,0.662,gp107_human___798,pred,A,B
ntr1_human___3570,0.616,ntr1_human___3570,pred,A,B
cx3c1_human___921,0.634,cx3c1_human___921,pred,A,B
oxyr_human___5654,0.265,oxyr_human___5654,pred,A,B
mchr2_human___585,0.032,mchr2_human___585,pred,A,B
cxcr3_human___758,0.288,cxcr3_human___758,pred,A,B
ccr1_human___2089,0.022,ccr1_human___2089,pred,A,B
galr1_human___1479,0.31,galr1_human___1479,pred,A,B
ox1r_human___1479,0.064,ox1r_human___1479,pred,A,B
ccr7_human___1490,0.091,ccr7_human___1490,pred,A,B
fpr1_human___4058,0.326,fpr1_human___4058,pred,A,B
cxcr1_human___1790,0.173,cxcr1_human___1790,pred,A,B
apj_human___1152,0.156,apj_human___1152,pred,A,B
pkr1_human___1871,0.178,pkr1_human___1871,pred,A,B
gipr_human___3542,0.455,gipr_human___3542,pred,A,B
bkrb2_human___5654,0.047,bkrb2_human___5654,pred,A,B
pkr1_human___687,1.517,pkr1_human___687,pred,A,B
agtr1_human___8526,0.014,agtr1_human___8526,pred,A,B
cxcr1_human___819,0.322,cxcr1_human___819,pred,A,B
npy1r_human___2089,0.029,npy1r_human___2089,pred,A,B
npsr1_human___1681,0.326,npsr1_human___1681,pred,A,B
bkrb1_human___3542,0.611,bkrb1_human___3542,pred,A,B
ccr3_human___798,0.414,ccr3_human___798,pred,A,B
gp107_human___758,0.438,gp107_human___758,pred,A,B
oprx_human___1790,0.837,oprx_human___1790,pred,A,B
cxcr3_human___821,0.628,cxcr3_human___821,pred,A,B
ackr3_human___1004,0.215,ackr3_human___1004,pred,A,B
ccr4_human___856,1.315,ccr4_human___856,pred,A,B
ssr4_human___1157,0.001,ssr4_human___1157,pred,A,B
ox2r_human___3735,0.042,ox2r_human___3735,pred,A,B
cxcr2_human___1099,0.109,cxcr2_human___1099,pred,A,B
ntr2_human___1470,0.513,ntr2_human___1470,pred,A,B
ccr1_human___644,0.016,ccr1_human___644,pred,A,B
ccr8_human___754,0.194,ccr8_human___754,pred,A,B
g37l1_human___1136,0.664,g37l1_human___1136,pred,A,B
ur2r_human___1623,0.04,ur2r_human___1623,pred,A,B
cxcr1_human___1504,0.678,cxcr1_human___1504,pred,A,B
npy2r_human___1479,0.07,npy2r_human___1479,pred,A,B
fzd2_human___3548,0.04,fzd2_human___3548,pred,A,B
pth2r_human___3594,1.207,pth2r_human___3594,pred,A,B
oxyr_human___2168,0.28,oxyr_human___2168,pred,A,B
agtr1_human___758,0.409,agtr1_human___758,pred,A,B
hrh4_human___644,0.079,hrh4_human___644,pred,A,B
fpr1_human___2019,0.022,fpr1_human___2019,pred,A,B
ccr2_human___798,0.386,ccr2_human___798,pred,A,B
v1ar_human___2019,0.025,v1ar_human___2019,pred,A,B
cxcr3_human___3646,0.35,cxcr3_human___3646,pred,A,B
mrgx2_human___4057,0.472,mrgx2_human___4057,pred,A,B
oprm_human___3542,0.107,oprm_human___3542,pred,A,B
ssr5_human___3548,0.145,ssr5_human___3548,pred,A,B
v1br_human___758,0.445,v1br_human___758,pred,A,B
cxcr4_human___1099,0.03,cxcr4_human___1099,pred,A,B
cxcr4_human___758,0.084,cxcr4_human___758,pred,A,B
ox1r_human___5654,0.008,ox1r_human___5654,pred,A,B
grpr_human___3700,0.285,grpr_human___3700,pred,A,B
v1br_human___2168,0.075,v1br_human___2168,pred,A,B
vipr1_human___1140,0.221,vipr1_human___1140,pred,A,B
ednra_human___3542,0.243,ednra_human___3542,pred,A,B
trfr_human___1699,0.008,trfr_human___1699,pred,A,B
galr2_human___3700,0.5,galr2_human___3700,pred,A,B
npy4r_human___2090,0.096,npy4r_human___2090,pred,A,B
oprd_human___5654,0.282,oprd_human___5654,pred,A,B
ackr2_human___758,0.206,ackr2_human___758,pred,A,B
ccr7_human___1579,0.372,ccr7_human___1579,pred,A,B
pth2r_human___1867,1.31,pth2r_human___1867,pred,A,B
mrgx1_human___3640,0.199,mrgx1_human___3640,pred,A,B
agtr1_human___5654,0.024,agtr1_human___5654,pred,A,B
ox1r_human___3735,0.295,ox1r_human___3735,pred,A,B
lgr4_human___573,0.003,lgr4_human___573,pred,A,B
ssr5_human___1298,0.065,ssr5_human___1298,pred,A,B
apj_human___1790,0.068,apj_human___1790,pred,A,B
pth1r_human___3542,0.56,pth1r_human___3542,pred,A,B
v1br_human___1579,0.4,v1br_human___1579,pred,A,B
nk3r_human___1871,0.43,nk3r_human___1871,pred,A,B
v2r_human___1579,0.161,v2r_human___1579,pred,A,B
mtlr_human___687,1.215,mtlr_human___687,pred,A,B
mc3r_human___2089,0.27,mc3r_human___2089,pred,A,B
npsr1_human___810,0.524,npsr1_human___810,pred,A,B
lgr4_human___585,0.1,lgr4_human___585,pred,A,B
ccr6_human___808,0.545,ccr6_human___808,pred,A,B
gpr75_human___613,0.021,gpr75_human___613,pred,A,B
lgr5_human___1140,0.085,lgr5_human___1140,pred,A,B
gasr_human___1699,0.338,gasr_human___1699,pred,A,B
mtlr_human___8526,0.08,mtlr_human___8526,pred,A,B
galr1_human___573,0.404,galr1_human___573,pred,A,B
oprd_human___3646,0.72,oprd_human___3646,pred,A,B
ntr1_human___1470,0.614,ntr1_human___1470,pred,A,B
agtr1_human___582,0.115,agtr1_human___582,pred,A,B
ccr2_human___921,0.106,ccr2_human___921,pred,A,B
kissr_human___1790,0.232,kissr_human___1790,pred,A,B
fpr1_human___3935,0.148,fpr1_human___3935,pred,A,B
fzd1_human___989,0.106,fzd1_human___989,pred,A,B
ox1r_human___1152,0.62,ox1r_human___1152,pred,A,B
cx3c1_human___808,0.336,cx3c1_human___808,pred,A,B
cckar_human___613,0.008,cckar_human___613,pred,A,B
c5ar1_human___5654,0.17,c5ar1_human___5654,pred,A,B
mc4r_human___1504,0.011,mc4r_human___1504,pred,A,B
hrh4_human___1140,0.129,hrh4_human___1140,pred,A,B
g37l1_human___6067,0.221,g37l1_human___6067,pred,A,B
agtr2_human___3700,0.234,agtr2_human___3700,pred,A,B
grpr_human___612,0.234,grpr_human___612,pred,A,B
v1ar_human___2168,0.095,v1ar_human___2168,pred,A,B
npsr1_human___2945,0.649,npsr1_human___2945,pred,A,B
nk3r_human___3640,0.957,nk3r_human___3640,pred,A,B
ssr5_human___646,0.014,ssr5_human___646,pred,A,B
calrl_human___1470,0.012,calrl_human___1470,pred,A,B
npsr1_human___1871,0.486,npsr1_human___1871,pred,A,B
pacr_human___3643,0.331,pacr_human___3643,pred,A,B
bkrb1_human___3594,0.871,bkrb1_human___3594,pred,A,B
ccr9_human___3548,0.207,ccr9_human___3548,pred,A,B
npsr1_human___3700,0.137,npsr1_human___3700,pred,A,B
galr3_human___613,0.159,galr3_human___613,pred,A,B
agtr2_human___582,0.024,agtr2_human___582,pred,A,B
npy5r_human___3643,0.141,npy5r_human___3643,pred,A,B
ssr5_human___11417,0.365,ssr5_human___11417,pred,A,B
fzd2_human___921,0.232,fzd2_human___921,pred,A,B
nmur2_human___1047,0.15,nmur2_human___1047,pred,A,B
galr1_human___5654,0.21,galr1_human___5654,pred,A,B
ssr3_human___5654,0.071,ssr3_human___5654,pred,A,B
ghsr_human___1470,0.368,ghsr_human___1470,pred,A,B
gpr37_human___585,0.083,gpr37_human___585,pred,A,B
gnrhr_human___3643,0.279,gnrhr_human___3643,pred,A,B
bkrb1_human___2270,0.168,bkrb1_human___2270,pred,A,B
cml1_human___2945,0.508,cml1_human___2945,pred,A,B
v1br_human___1643,0.364,v1br_human___1643,pred,A,B
oprd_human___1681,0.525,oprd_human___1681,pred,A,B
mc3r_human___3643,0.745,mc3r_human___3643,pred,A,B
ntr1_human___798,0.75,ntr1_human___798,pred,A,B
pacr_human___3594,0.696,pacr_human___3594,pred,A,B
ackr4_human___810,0.317,ackr4_human___810,pred,A,B
ntr2_human___1140,0.679,ntr2_human___1140,pred,A,B
ccr10_human___3640,0.475,ccr10_human___3640,pred,A,B
ghsr_human___754,0.561,ghsr_human___754,pred,A,B
glr_human___1136,0.275,glr_human___1136,pred,A,B
bkrb1_human___3700,0.438,bkrb1_human___3700,pred,A,B
ccr10_human___1790,0.433,ccr10_human___1790,pred,A,B
kissr_human___1136,0.218,kissr_human___1136,pred,A,B
fshr_human___3640,0.493,fshr_human___3640,pred,A,B
pth1r_human___1152,0.23,pth1r_human___1152,pred,A,B
ackr4_human___798,0.252,ackr4_human___798,pred,A,B
fpr2_human___574,0.543,fpr2_human___574,pred,A,B
mc3r_human___2090,0.21,mc3r_human___2090,pred,A,B
ssr5_human___1152,0.348,ssr5_human___1152,pred,A,B
lgr4_human___2098,0.736,lgr4_human___2098,pred,A,B
ghrhr_human___1136,0.397,ghrhr_human___1136,pred,A,B
ssr1_human___11417,0.274,ssr1_human___11417,pred,A,B
par4_human___2270,0.949,par4_human___2270,pred,A,B
mshr_human___1152,0.544,mshr_human___1152,pred,A,B
pkr2_human___1458,0.267,pkr2_human___1458,pred,A,B
fpr2_human___1047,0.707,fpr2_human___1047,pred,A,B
fpr2_human___3570,0.357,fpr2_human___3570,pred,A,B
agtr2_human___3548,0.511,agtr2_human___3548,pred,A,B
npff1_human___1790,0.016,npff1_human___1790,pred,A,B
cxcr3_human___3645,0.846,cxcr3_human___3645,pred,A,B
bkrb2_human___644,0.097,bkrb2_human___644,pred,A,B
cxcr6_human___808,0.476,cxcr6_human___808,pred,A,B
nk2r_human___5895,0.087,nk2r_human___5895,pred,A,B
v2r_human___855,0.593,v2r_human___855,pred,A,B
fshr_human___4358,0.556,fshr_human___4358,pred,A,B
vipr1_human___1152,0.353,vipr1_human___1152,pred,A,B
npbw2_human___5654,0.358,npbw2_human___5654,pred,A,B
crfr1_human___1514,0.488,crfr1_human___1514,pred,A,B
ccr9_human___817,0.579,ccr9_human___817,pred,A,B
pacr_human___1140,0.345,pacr_human___1140,pred,A,B
g37l1_human___1157,0.045,g37l1_human___1157,pred,A,B
vipr1_human___1136,0.392,vipr1_human___1136,pred,A,B
mshr_human___1320,0.505,mshr_human___1320,pred,A,B
ackr4_human___5654,0.035,ackr4_human___5654,pred,A,B
npy2r_human___1699,0.419,npy2r_human___1699,pred,A,B
c5ar2_human___2257,0.635,c5ar2_human___2257,pred,A,B
gasr_human___1283,0.237,gasr_human___1283,pred,A,B
fpr2_human___4058,0.081,fpr2_human___4058,pred,A,B
ednra_human___1157,0.003,ednra_human___1157,pred,A,B
glp1r_human___3542,0.135,glp1r_human___3542,pred,A,B
v2r_human___3700,0.871,v2r_human___3700,pred,A,B
kissr_human___812,0.227,kissr_human___812,pred,A,B
qrfpr_human___1140,0.771,qrfpr_human___1140,pred,A,B
c3ar_human___2168,0.058,c3ar_human___2168,pred,A,B
npff2_human___3735,0.278,npff2_human___3735,pred,A,B
lgr6_human___3548,0.065,lgr6_human___3548,pred,A,B
galr3_human___1790,0.457,galr3_human___1790,pred,A,B
pacr_human___3570,0.219,pacr_human___3570,pred,A,B
ccr10_human___810,0.293,ccr10_human___810,pred,A,B
fpr3_human___1152,0.762,fpr3_human___1152,pred,A,B
ccr6_human___4358,0.292,ccr6_human___4358,pred,A,B
agtr2_human___646,0.008,agtr2_human___646,pred,A,B
calrl_human___776,0.435,calrl_human___776,pred,A,B
cxcr4_human___4358,0.189,cxcr4_human___4358,pred,A,B
v1ar_human___812,0.513,v1ar_human___812,pred,A,B
ccr7_human___2156,0.081,ccr7_human___2156,pred,A,B
fshr_human___2019,0.112,fshr_human___2019,pred,A,B
ur2r_human___2156,0.22,ur2r_human___2156,pred,A,B
acthr_human___4358,0.453,acthr_human___4358,pred,A,B
nk2r_human___3548,0.12,nk2r_human___3548,pred,A,B
mc3r_human___1997,1.034,mc3r_human___1997,pred,A,B
mrgx1_human___3735,0.756,mrgx1_human___3735,pred,A,B
hrh4_human___3645,0.225,hrh4_human___3645,pred,A,B
nk2r_human___1504,0.441,nk2r_human___1504,pred,A,B
pth2r_human___5895,0.34,pth2r_human___5895,pred,A,B
gpr37_human___6067,0.093,gpr37_human___6067,pred,A,B
ssr5_human___808,0.411,ssr5_human___808,pred,A,B
oprm_human___2019,0.067,oprm_human___2019,pred,A,B
gasr_human___2270,0.579,gasr_human___2270,pred,A,B
acthr_human___3606,0.428,acthr_human___3606,pred,A,B
bkrb2_human___1136,0.172,bkrb2_human___1136,pred,A,B
fzd1_human___681,0.605,fzd1_human___681,pred,A,B
prlhr_human___687,0.953,prlhr_human___687,pred,A,B
cml2_human___681,0.825,cml2_human___681,pred,A,B
rl3r1_human___687,0.903,rl3r1_human___687,pred,A,B
galr2_human___613,0.211,galr2_human___613,pred,A,B
c5ar2_human___1997,0.464,c5ar2_human___1997,pred,A,B
ccr10_human___3646,0.13,ccr10_human___3646,pred,A,B
bkrb2_human___754,0.489,bkrb2_human___754,pred,A,B
mchr2_human___2019,0.033,mchr2_human___2019,pred,A,B
glp2r_human___3643,0.3,glp2r_human___3643,pred,A,B
xcr1_human___687,0.542,xcr1_human___687,pred,A,B
fzd6_human___681,0.41,fzd6_human___681,pred,A,B
acthr_human___1333,0.353,acthr_human___1333,pred,A,B
npy5r_human___1871,0.246,npy5r_human___1871,pred,A,B
ednra_human___989,0.208,ednra_human___989,pred,A,B
oprm_human___1643,0.068,oprm_human___1643,pred,A,B
mc5r_human___1320,0.867,mc5r_human___1320,pred,A,B
pkr2_human___1867,1.15,pkr2_human___1867,pred,A,B
gasr_human___776,0.906,gasr_human___776,pred,A,B
cxcr6_human___798,0.546,cxcr6_human___798,pred,A,B
oprk_human___921,0.308,oprk_human___921,pred,A,B
nmur2_human___1790,0.304,nmur2_human___1790,pred,A,B
oprx_human___1136,0.511,oprx_human___1136,pred,A,B
mrgx1_human___1504,0.655,mrgx1_human___1504,pred,A,B
calcr_human___3935,0.077,calcr_human___3935,pred,A,B
ccr5_human___1699,0.284,ccr5_human___1699,pred,A,B
ccr2_human___3570,0.16,ccr2_human___3570,pred,A,B
par4_human___3570,0.319,par4_human___3570,pred,A,B
ccr3_human___3542,1.078,ccr3_human___3542,pred,A,B
mchr1_human___3542,0.834,mchr1_human___3542,pred,A,B
grpr_human___2019,0.139,grpr_human___2019,pred,A,B
vipr2_human___1152,0.307,vipr2_human___1152,pred,A,B
oprk_human___2019,0.49,oprk_human___2019,pred,A,B
ntr2_human___1997,0.322,ntr2_human___1997,pred,A,B
fzd1_human___612,1.221,fzd1_human___612,pred,A,B
sctr_human___817,0.62,sctr_human___817,pred,A,B
ntr2_human___5336,0.387,ntr2_human___5336,pred,A,B
mchr2_human___1162,0.046,mchr2_human___1162,pred,A,B
c5ar2_human___5654,0.21,c5ar2_human___5654,pred,A,B
ssr3_human___582,0.153,ssr3_human___582,pred,A,B
ox1r_human___613,0.029,ox1r_human___613,pred,A,B
fpr2_human___613,0.035,fpr2_human___613,pred,A,B
ccr3_human___776,0.867,ccr3_human___776,pred,A,B
ssr1_human___5654,0.14,ssr1_human___5654,pred,A,B
gpr75_human___2090,0.01,gpr75_human___2090,pred,A,B
npy4r_human___771,0.295,npy4r_human___771,pred,A,B
crfr2_human___1272,0.44,crfr2_human___1272,pred,A,B
cx3c1_human___856,0.76,cx3c1_human___856,pred,A,B
ccr7_human___855,0.335,ccr7_human___855,pred,A,B
oprm_human___5654,0.147,oprm_human___5654,pred,A,B
vipr2_human___2156,0.137,vipr2_human___2156,pred,A,B
pkr2_human___989,0.065,pkr2_human___989,pred,A,B
gipr_human___3594,1.021,gipr_human___3594,pred,A,B
ccr8_human___3606,0.306,ccr8_human___3606,pred,A,B
ccr1_human___771,0.299,ccr1_human___771,pred,A,B
ackr2_human___681,0.12,ackr2_human___681,pred,A,B
mshr_human___5654,0.448,mshr_human___5654,pred,A,B
fzd6_human___3548,0.552,fzd6_human___3548,pred,A,B
acthr_human___1272,0.789,acthr_human___1272,pred,A,B
mchr1_human___3570,0.228,mchr1_human___3570,pred,A,B
calrl_human___681,0.179,calrl_human___681,pred,A,B
cxcr2_human___687,0.768,cxcr2_human___687,pred,A,B
crfr2_human___1333,0.303,crfr2_human___1333,pred,A,B
calcr_human___3700,0.166,calcr_human___3700,pred,A,B
ackr3_human___1579,0.089,ackr3_human___1579,pred,A,B
nmur2_human___1099,0.053,nmur2_human___1099,pred,A,B
oprm_human___1162,0.015,oprm_human___1162,pred,A,B
crfr1_human___2257,0.169,crfr1_human___2257,pred,A,B
pth2r_human___1099,0.142,pth2r_human___1099,pred,A,B
cckar_human___798,0.39,cckar_human___798,pred,A,B
lgr4_human___2019,0.238,lgr4_human___2019,pred,A,B
bkrb2_human___646,0.026,bkrb2_human___646,pred,A,B
c3ar_human___2090,0.007,c3ar_human___2090,pred,A,B
glp2r_human___2019,0.009,glp2r_human___2019,pred,A,B
cxcr6_human___681,1.221,cxcr6_human___681,pred,A,B
cxcr3_human___1790,0.997,cxcr3_human___1790,pred,A,B
ccr5_human___798,0.103,ccr5_human___798,pred,A,B
ghrhr_human___3643,0.415,ghrhr_human___3643,pred,A,B
npbw1_human___646,0.026,npbw1_human___646,pred,A,B
ssr1_human___1620,0.178,ssr1_human___1620,pred,A,B
npff2_human___2945,0.57,npff2_human___2945,pred,A,B
ackr3_human___2257,0.654,ackr3_human___2257,pred,A,B
ssr1_human___3700,0.315,ssr1_human___3700,pred,A,B
v1ar_human___681,0.998,v1ar_human___681,pred,A,B
agtr2_human___2019,0.238,agtr2_human___2019,pred,A,B
ox2r_human___3700,1.082,ox2r_human___3700,pred,A,B
kissr_human___644,0.035,kissr_human___644,pred,A,B
ntr1_human___5336,0.29,ntr1_human___5336,pred,A,B
mc4r_human___2089,0.045,mc4r_human___2089,pred,A,B
ox2r_human___1871,0.035,ox2r_human___1871,pred,A,B
ednra_human___1867,1.424,ednra_human___1867,pred,A,B
qrfpr_human___1790,0.392,qrfpr_human___1790,pred,A,B
lgr4_human___817,0.142,lgr4_human___817,pred,A,B
mtlr_human___681,0.541,mtlr_human___681,pred,A,B
vipr2_human___3700,0.186,vipr2_human___3700,pred,A,B
galr3_human___1136,0.12,galr3_human___1136,pred,A,B
ackr1_human___3645,0.545,ackr1_human___3645,pred,A,B
xcr1_human___1790,0.195,xcr1_human___1790,pred,A,B
lgr6_human___4057,0.071,lgr6_human___4057,pred,A,B
ccr3_human___2270,0.404,ccr3_human___2270,pred,A,B
par4_human___1579,0.365,par4_human___1579,pred,A,B
oprk_human___5654,0.152,oprk_human___5654,pred,A,B
cckar_human___5336,0.362,cckar_human___5336,pred,A,B
mrgx2_human___2019,0.219,mrgx2_human___2019,pred,A,B
gp107_human___2019,0.069,gp107_human___2019,pred,A,B
glp2r_human___1140,0.115,glp2r_human___1140,pred,A,B
ccr7_human___1504,1.169,ccr7_human___1504,pred,A,B
mrgx2_human___1157,0.257,mrgx2_human___1157,pred,A,B
lgr4_human___1157,0.034,lgr4_human___1157,pred,A,B
v1ar_human___821,0.606,v1ar_human___821,pred,A,B
crfr2_human___1867,0.924,crfr2_human___1867,pred,A,B
cxcr2_human___585,0.115,cxcr2_human___585,pred,A,B
sctr_human___1140,0.463,sctr_human___1140,pred,A,B
ccr5_human___3645,0.159,ccr5_human___3645,pred,A,B
npbw1_human___1136,0.158,npbw1_human___1136,pred,A,B
oprd_human___1162,0.153,oprd_human___1162,pred,A,B
c5ar1_human___646,0.034,c5ar1_human___646,pred,A,B
qrfpr_human___1681,0.03,qrfpr_human___1681,pred,A,B
mchr2_human___1470,0.38,mchr2_human___1470,pred,A,B
npy4r_human___687,0.646,npy4r_human___687,pred,A,B
gpr39_human___5336,0.069,gpr39_human___5336,pred,A,B
par4_human___1298,0.111,par4_human___1298,pred,A,B
npy1r_human___771,0.203,npy1r_human___771,pred,A,B
cml2_human___1643,0.432,cml2_human___1643,pred,A,B
c5ar2_human___574,0.386,c5ar2_human___574,pred,A,B
npy1r_human___1298,0.248,npy1r_human___1298,pred,A,B
npy1r_human___1871,0.107,npy1r_human___1871,pred,A,B
nk1r_human___1871,0.298,nk1r_human___1871,pred,A,B
galr3_human___1157,0.003,galr3_human___1157,pred,A,B
ackr2_human___646,0.055,ackr2_human___646,pred,A,B
cml1_human___1479,0.022,cml1_human___1479,pred,A,B
ackr4_human___855,0.435,ackr4_human___855,pred,A,B
g37l1_human___681,0.31,g37l1_human___681,pred,A,B
rl3r1_human___574,0.23,rl3r1_human___574,pred,A,B
rl3r1_human___681,0.713,rl3r1_human___681,pred,A,B
gipr_human___1140,0.413,gipr_human___1140,pred,A,B
ssr4_human___3640,0.453,ssr4_human___3640,pred,A,B
fzd6_human___646,0.007,fzd6_human___646,pred,A,B
ur2r_human___3643,0.183,ur2r_human___3643,pred,A,B
glr_human___758,0.182,glr_human___758,pred,A,B
oxyr_human___1490,0.454,oxyr_human___1490,pred,A,B
ackr3_human___810,0.588,ackr3_human___810,pred,A,B
fzd2_human___1643,0.836,fzd2_human___1643,pred,A,B
nk2r_human___1514,0.45,nk2r_human___1514,pred,A,B
cxcr2_human___1579,0.141,cxcr2_human___1579,pred,A,B
ccr9_human___758,0.21,ccr9_human___758,pred,A,B
calcr_human___798,0.118,calcr_human___798,pred,A,B
ur2r_human___1152,0.359,ur2r_human___1152,pred,A,B
ghrhr_human___758,0.223,ghrhr_human___758,pred,A,B
ssr3_human___1298,0.407,ssr3_human___1298,pred,A,B
cml1_human___3700,0.575,cml1_human___3700,pred,A,B
npy5r_human___1504,0.398,npy5r_human___1504,pred,A,B
ackr3_human___4358,0.296,ackr3_human___4358,pred,A,B
ox2r_human___921,0.186,ox2r_human___921,pred,A,B
ccr1_human___646,0.091,ccr1_human___646,pred,A,B
mc4r_human___1643,0.845,mc4r_human___1643,pred,A,B
fzd6_human___921,0.102,fzd6_human___921,pred,A,B
ccr3_human___1790,0.475,ccr3_human___1790,pred,A,B
npy1r_human___2090,0.007,npy1r_human___2090,pred,A,B
gasr_human___819,0.571,gasr_human___819,pred,A,B
gpr75_human___5895,0.434,gpr75_human___5895,pred,A,B
npbw2_human___2945,0.455,npbw2_human___2945,pred,A,B
ccr2_human___2168,0.056,ccr2_human___2168,pred,A,B
mrgx2_human___574,0.213,mrgx2_human___574,pred,A,B
ntr1_human___1047,0.487,ntr1_human___1047,pred,A,B
ur2r_human___2270,0.721,ur2r_human___2270,pred,A,B
npff1_human___1470,0.045,npff1_human___1470,pred,A,B
ednrb_human___758,0.655,ednrb_human___758,pred,A,B
mtlr_human___1623,0.225,mtlr_human___1623,pred,A,B
vipr2_human___1047,0.262,vipr2_human___1047,pred,A,B
nmur1_human___1458,0.136,nmur1_human___1458,pred,A,B
ntr2_human___6067,0.022,ntr2_human___6067,pred,A,B
npsr1_human___2168,0.047,npsr1_human___2168,pred,A,B
ox1r_human___1871,0.045,ox1r_human___1871,pred,A,B
npbw2_human___3700,0.708,npbw2_human___3700,pred,A,B
nmbr_human___3935,0.123,nmbr_human___3935,pred,A,B
cxcr2_human___2945,0.486,cxcr2_human___2945,pred,A,B
mrgx1_human___687,0.615,mrgx1_human___687,pred,A,B
lgr6_human___5654,0.106,lgr6_human___5654,pred,A,B
v1br_human___3548,0.296,v1br_human___3548,pred,A,B
ssr3_human___6067,0.155,ssr3_human___6067,pred,A,B
gpr39_human___856,0.843,gpr39_human___856,pred,A,B
mc4r_human___6067,0.103,mc4r_human___6067,pred,A,B
ntr1_human___1579,0.331,ntr1_human___1579,pred,A,B
agtr2_human___1620,0.147,agtr2_human___1620,pred,A,B
npy1r_human___644,0.016,npy1r_human___644,pred,A,B
apj_human___613,0.076,apj_human___613,pred,A,B
galr1_human___11417,0.477,galr1_human___11417,pred,A,B
ccr6_human___1152,0.14,ccr6_human___1152,pred,A,B
oprx_human___1681,0.161,oprx_human___1681,pred,A,B
sctr_human___1136,0.466,sctr_human___1136,pred,A,B
galr1_human___3735,0.946,galr1_human___3735,pred,A,B
crfr2_human___1140,0.123,crfr2_human___1140,pred,A,B
npff2_human___11417,0.071,npff2_human___11417,pred,A,B
oprd_human___2019,0.867,oprd_human___2019,pred,A,B
ccr6_human___758,0.666,ccr6_human___758,pred,A,B
fzd2_human___856,1.355,fzd2_human___856,pred,A,B
ccr10_human___1514,0.312,ccr10_human___1514,pred,A,B
ghsr_human___2090,0.133,ghsr_human___2090,pred,A,B
npy1r_human___3700,0.15,npy1r_human___3700,pred,A,B
mshr_human___1997,1.152,mshr_human___1997,pred,A,B
qrfpr_human___681,0.085,qrfpr_human___681,pred,A,B
fshr_human___1997,0.626,fshr_human___1997,pred,A,B
npff1_human___1152,0.045,npff1_human___1152,pred,A,B
v1ar_human___758,0.227,v1ar_human___758,pred,A,B
ccr6_human___2257,0.12,ccr6_human___2257,pred,A,B
mc4r_human___2090,0.157,mc4r_human___2090,pred,A,B
ednra_human___687,0.185,ednra_human___687,pred,A,B
mchr1_human___1620,0.252,mchr1_human___1620,pred,A,B
v2r_human___1490,0.383,v2r_human___1490,pred,A,B
pth1r_human___3643,0.335,pth1r_human___3643,pred,A,B
oprm_human___2945,0.327,oprm_human___2945,pred,A,B
nmbr_human___1152,0.258,nmbr_human___1152,pred,A,B
gpr39_human___2089,0.023,gpr39_human___2089,pred,A,B
ccr7_human___810,0.432,ccr7_human___810,pred,A,B
ghrhr_human___1272,0.166,ghrhr_human___1272,pred,A,B
galr1_human___1157,0.038,galr1_human___1157,pred,A,B
c5ar1_human___921,0.463,c5ar1_human___921,pred,A,B
pth1r_human___1283,0.053,pth1r_human___1283,pred,A,B
glp1r_human___2945,0.123,glp1r_human___2945,pred,A,B
xcr1_human___856,1.014,xcr1_human___856,pred,A,B
ntr2_human___2156,0.207,ntr2_human___2156,pred,A,B
calcr_human___1099,-0.0,calcr_human___1099,pred,A,B
ssr1_human___1623,0.13,ssr1_human___1623,pred,A,B
nmbr_human___3700,0.394,nmbr_human___3700,pred,A,B
gpr75_human___6067,0.25,gpr75_human___6067,pred,A,B
oprx_human___2945,0.41,oprx_human___2945,pred,A,B
ccr8_human___812,0.5,ccr8_human___812,pred,A,B
nmur1_human___754,0.923,nmur1_human___754,pred,A,B
gpr37_human___4058,0.019,gpr37_human___4058,pred,A,B
agtr1_human___644,0.023,agtr1_human___644,pred,A,B
ghrhr_human___2270,0.782,ghrhr_human___2270,pred,A,B
grpr_human___1136,0.316,grpr_human___1136,pred,A,B
prlhr_human___1136,0.431,prlhr_human___1136,pred,A,B
nk1r_human___687,0.079,nk1r_human___687,pred,A,B
g37l1_human___1140,0.311,g37l1_human___1140,pred,A,B
qrfpr_human___821,0.321,qrfpr_human___821,pred,A,B
fshr_human___3633,0.336,fshr_human___3633,pred,A,B
fzd6_human___3542,0.376,fzd6_human___3542,pred,A,B
ccr1_human___861,0.136,ccr1_human___861,pred,A,B
agtr1_human___585,0.161,agtr1_human___585,pred,A,B
crfr2_human___3643,0.124,crfr2_human___3643,pred,A,B
npy2r_human___1283,0.13,npy2r_human___1283,pred,A,B
ccr9_human___856,0.706,ccr9_human___856,pred,A,B
sctr_human___3643,0.139,sctr_human___3643,pred,A,B
gasr_human___1871,0.208,gasr_human___1871,pred,A,B
prlhr_human___2257,0.939,prlhr_human___2257,pred,A,B
xcr1_human___644,0.151,xcr1_human___644,pred,A,B
ccr1_human___754,0.362,ccr1_human___754,pred,A,B
rl3r1_human___3643,0.521,rl3r1_human___3643,pred,A,B
nk3r_human___687,0.392,nk3r_human___687,pred,A,B
prlhr_human___3700,0.37,prlhr_human___3700,pred,A,B
gpr37_human___2168,0.296,gpr37_human___2168,pred,A,B
g37l1_human___5895,0.202,g37l1_human___5895,pred,A,B
oprd_human___3700,0.3,oprd_human___3700,pred,A,B
ccr5_human___3643,0.071,ccr5_human___3643,pred,A,B
cml1_human___1681,0.094,cml1_human___1681,pred,A,B
pth2r_human___1152,0.34,pth2r_human___1152,pred,A,B
ackr4_human___3570,0.027,ackr4_human___3570,pred,A,B
calrl_human___3700,0.106,calrl_human___3700,pred,A,B
vipr2_human___808,0.445,vipr2_human___808,pred,A,B
ccr1_human___1579,0.112,ccr1_human___1579,pred,A,B
ccr10_human___855,0.377,ccr10_human___855,pred,A,B
npsr1_human___5654,0.121,npsr1_human___5654,pred,A,B
crfr2_human___921,0.351,crfr2_human___921,pred,A,B
prlhr_human___1871,0.42,prlhr_human___1871,pred,A,B
cxcr4_human___646,0.019,cxcr4_human___646,pred,A,B
mc4r_human___687,0.564,mc4r_human___687,pred,A,B
mtlr_human___754,0.997,mtlr_human___754,pred,A,B
nk3r_human___2270,0.244,nk3r_human___2270,pred,A,B
gpr39_human___1047,0.412,gpr39_human___1047,pred,A,B
c5ar1_human___1136,0.079,c5ar1_human___1136,pred,A,B
fpr1_human___613,0.116,fpr1_human___613,pred,A,B
bkrb1_human___644,0.062,bkrb1_human___644,pred,A,B
cx3c1_human___681,0.252,cx3c1_human___681,pred,A,B
pth2r_human___1140,0.354,pth2r_human___1140,pred,A,B
trfr_human___613,0.043,trfr_human___613,pred,A,B
ccr4_human___821,0.323,ccr4_human___821,pred,A,B
cxcr3_human___2257,0.029,cxcr3_human___2257,pred,A,B
fzd1_human___1320,0.416,fzd1_human___1320,pred,A,B
galr1_human___3548,0.201,galr1_human___3548,pred,A,B
ednrb_human___687,0.617,ednrb_human___687,pred,A,B
oprk_human___3542,0.23,oprk_human___3542,pred,A,B
ox1r_human___1699,0.125,ox1r_human___1699,pred,A,B
ccr8_human___821,0.563,ccr8_human___821,pred,A,B
c3ar_human___5654,0.033,c3ar_human___5654,pred,A,B
fpr2_human___3542,0.642,fpr2_human___3542,pred,A,B
nmur1_human___2089,0.078,nmur1_human___2089,pred,A,B
nk1r_human___1514,0.442,nk1r_human___1514,pred,A,B
rl3r1_human___3548,0.102,rl3r1_human___3548,pred,A,B
ur2r_human___613,0.152,ur2r_human___613,pred,A,B
ssr2_human___2270,0.223,ssr2_human___2270,pred,A,B
mc4r_human___5654,0.362,mc4r_human___5654,pred,A,B
trfr_human___4058,0.107,trfr_human___4058,pred,A,B
ccr4_human___771,0.263,ccr4_human___771,pred,A,B
galr2_human___1479,0.034,galr2_human___1479,pred,A,B
npff2_human___1157,0.064,npff2_human___1157,pred,A,B
crfr2_human___2257,0.185,crfr2_human___2257,pred,A,B
ednra_human___1997,0.37,ednra_human___1997,pred,A,B
glr_human___754,0.737,glr_human___754,pred,A,B
ntr1_human___1152,0.11,ntr1_human___1152,pred,A,B
ednrb_human___1997,0.231,ednrb_human___1997,pred,A,B
c5ar1_human___1495,0.019,c5ar1_human___1495,pred,A,B
gp107_human___1320,0.064,gp107_human___1320,pred,A,B
ackr2_human___1320,0.063,ackr2_human___1320,pred,A,B
npy2r_human___2270,0.888,npy2r_human___2270,pred,A,B
sctr_human___1152,0.426,sctr_human___1152,pred,A,B
c3ar_human___758,0.363,c3ar_human___758,pred,A,B
ccr10_human___758,0.026,ccr10_human___758,pred,A,B
cml2_human___644,0.087,cml2_human___644,pred,A,B
oxyr_human___681,0.9,oxyr_human___681,pred,A,B
mtlr_human___1136,0.428,mtlr_human___1136,pred,A,B
vipr2_human___3542,0.128,vipr2_human___3542,pred,A,B
nk2r_human___2089,0.077,nk2r_human___2089,pred,A,B
ccr2_human___5654,0.01,ccr2_human___5654,pred,A,B
ackr2_human___1157,0.038,ackr2_human___1157,pred,A,B
gasr_human___1504,0.141,gasr_human___1504,pred,A,B
npbw2_human___573,0.656,npbw2_human___573,pred,A,B
fzd2_human___644,0.033,fzd2_human___644,pred,A,B
ccr4_human___1579,0.231,ccr4_human___1579,pred,A,B
pth2r_human___1790,0.321,pth2r_human___1790,pred,A,B
lgr6_human___582,0.09,lgr6_human___582,pred,A,B
ox2r_human___612,0.114,ox2r_human___612,pred,A,B
mshr_human___1579,0.294,mshr_human___1579,pred,A,B
ccr9_human___2168,0.07,ccr9_human___2168,pred,A,B
nmur1_human___1470,0.409,nmur1_human___1470,pred,A,B
cml1_human___1157,0.005,cml1_human___1157,pred,A,B
agtr2_human___3646,0.446,agtr2_human___3646,pred,A,B
gasr_human___613,0.083,gasr_human___613,pred,A,B
fshr_human___2270,0.264,fshr_human___2270,pred,A,B
nmbr_human___11417,0.39,nmbr_human___11417,pred,A,B
glp1r_human___1152,0.293,glp1r_human___1152,pred,A,B
mchr2_human___3594,0.264,mchr2_human___3594,pred,A,B
qrfpr_human___758,0.803,qrfpr_human___758,pred,A,B
ssr2_human___1623,0.142,ssr2_human___1623,pred,A,B
oprk_human___1643,0.643,oprk_human___1643,pred,A,B
ox2r_human___1699,0.161,ox2r_human___1699,pred,A,B
ox2r_human___1479,0.036,ox2r_human___1479,pred,A,B
qrfpr_human___808,0.212,qrfpr_human___808,pred,A,B
ackr4_human___758,0.301,ackr4_human___758,pred,A,B
pkr1_human___1681,0.337,pkr1_human___1681,pred,A,B
pkr2_human___1681,0.201,pkr2_human___1681,pred,A,B
rl3r1_human___1004,0.068,rl3r1_human___1004,pred,A,B
ssr2_human___1997,0.739,ssr2_human___1997,pred,A,B
mrgx2_human___5654,0.239,mrgx2_human___5654,pred,A,B
ghrhr_human___613,0.175,ghrhr_human___613,pred,A,B
mc5r_human___1643,0.738,mc5r_human___1643,pred,A,B
cxcr6_human___2156,0.028,cxcr6_human___2156,pred,A,B
g37l1_human___3594,1.548,g37l1_human___3594,pred,A,B
xcr1_human___3542,0.201,xcr1_human___3542,pred,A,B
par4_human___574,0.242,par4_human___574,pred,A,B
pkr2_human___613,0.047,pkr2_human___613,pred,A,B
gpr75_human___4057,0.326,gpr75_human___4057,pred,A,B
glp1r_human___2257,0.229,glp1r_human___2257,pred,A,B
ednrb_human___1152,0.244,ednrb_human___1152,pred,A,B
ackr1_human___856,0.728,ackr1_human___856,pred,A,B
nmur1_human___1579,0.319,nmur1_human___1579,pred,A,B
ackr1_human___798,0.405,ackr1_human___798,pred,A,B
ccr5_human___758,0.132,ccr5_human___758,pred,A,B
ccr5_human___776,0.067,ccr5_human___776,pred,A,B
par4_human___687,0.326,par4_human___687,pred,A,B
pkr1_human___3548,0.467,pkr1_human___3548,pred,A,B
pkr1_human___1867,1.103,pkr1_human___1867,pred,A,B
v2r_human___3592,0.442,v2r_human___3592,pred,A,B
mc4r_human___3606,0.179,mc4r_human___3606,pred,A,B
nk2r_human___1871,0.034,nk2r_human___1871,pred,A,B
mrgx1_human___4057,0.362,mrgx1_human___4057,pred,A,B
mc3r_human___1643,0.227,mc3r_human___1643,pred,A,B
crfr1_human___2174,0.033,crfr1_human___2174,pred,A,B
prlhr_human___3548,0.449,prlhr_human___3548,pred,A,B
gpr39_human___810,0.707,gpr39_human___810,pred,A,B
ccr2_human___758,0.037,ccr2_human___758,pred,A,B
gnrhr_human___687,1.162,gnrhr_human___687,pred,A,B
ccr2_human___1047,0.07,ccr2_human___1047,pred,A,B
npff2_human___1790,0.574,npff2_human___1790,pred,A,B
gpr37_human___3594,1.006,gpr37_human___3594,pred,A,B
npy5r_human___758,0.298,npy5r_human___758,pred,A,B
nk1r_human___2098,0.118,nk1r_human___2098,pred,A,B
ccr4_human___798,0.308,ccr4_human___798,pred,A,B
ackr3_human___5336,0.248,ackr3_human___5336,pred,A,B
lgr6_human___2270,0.261,lgr6_human___2270,pred,A,B
pacr_human___4358,0.333,pacr_human___4358,pred,A,B
par4_human___681,0.382,par4_human___681,pred,A,B
v2r_human___11417,0.49,v2r_human___11417,pred,A,B
galr3_human___3643,0.297,galr3_human___3643,pred,A,B
npy2r_human___2156,0.108,npy2r_human___2156,pred,A,B
ackr1_human___3647,0.807,ackr1_human___3647,pred,A,B
nmur1_human___812,0.6,nmur1_human___812,pred,A,B
grpr_human___1479,0.032,grpr_human___1479,pred,A,B
ackr4_human___1099,0.172,ackr4_human___1099,pred,A,B
gpr37_human___1140,0.891,gpr37_human___1140,pred,A,B
npff2_human___681,0.197,npff2_human___681,pred,A,B
mtlr_human___1458,0.425,mtlr_human___1458,pred,A,B
ccr4_human___3542,0.171,ccr4_human___3542,pred,A,B
gp107_human___1495,0.175,gp107_human___1495,pred,A,B
fpr1_human___1157,0.005,fpr1_human___1157,pred,A,B
apj_human___8526,0.01,apj_human___8526,pred,A,B
mrgx2_human___4058,0.328,mrgx2_human___4058,pred,A,B
vipr2_human___1140,0.122,vipr2_human___1140,pred,A,B
mchr1_human___1681,0.025,mchr1_human___1681,pred,A,B
cckar_human___3548,0.264,cckar_human___3548,pred,A,B
npy1r_human___1504,0.241,npy1r_human___1504,pred,A,B
pacr_human___2270,0.324,pacr_human___2270,pred,A,B
npy4r_human___1871,0.24,npy4r_human___1871,pred,A,B
gpr39_human___864,0.045,gpr39_human___864,pred,A,B
nmur2_human___1298,0.097,nmur2_human___1298,pred,A,B
galr3_human___921,0.185,galr3_human___921,pred,A,B
npy4r_human___1283,0.032,npy4r_human___1283,pred,A,B
cxcr5_human___758,0.209,cxcr5_human___758,pred,A,B
kissr_human___3594,0.675,kissr_human___3594,pred,A,B
vipr2_human___921,0.623,vipr2_human___921,pred,A,B
mtlr_human___5654,0.292,mtlr_human___5654,pred,A,B
npy1r_human___921,0.139,npy1r_human___921,pred,A,B
ssr5_human___2019,0.192,ssr5_human___2019,pred,A,B
cxcr1_human___3643,0.252,cxcr1_human___3643,pred,A,B
cckar_human___1283,0.065,cckar_human___1283,pred,A,B
galr2_human___5654,0.033,galr2_human___5654,pred,A,B
calrl_human___754,0.077,calrl_human___754,pred,A,B
ccr10_human___687,0.857,ccr10_human___687,pred,A,B
c5ar2_human___1162,0.062,c5ar2_human___1162,pred,A,B
crfr1_human___687,0.53,crfr1_human___687,pred,A,B
sctr_human___3570,0.393,sctr_human___3570,pred,A,B
glp2r_human___3645,0.141,glp2r_human___3645,pred,A,B
npsr1_human___1490,0.775,npsr1_human___1490,pred,A,B
ackr4_human___613,0.115,ackr4_human___613,pred,A,B
fzd2_human___681,0.385,fzd2_human___681,pred,A,B
v2r_human___3594,1.595,v2r_human___3594,pred,A,B
glp1r_human___4358,0.716,glp1r_human___4358,pred,A,B
fpr1_human___687,0.533,fpr1_human___687,pred,A,B
xcr1_human___754,0.135,xcr1_human___754,pred,A,B
glp2r_human___808,0.152,glp2r_human___808,pred,A,B
ccr3_human___3647,0.621,ccr3_human___3647,pred,A,B
ghsr_human___758,0.408,ghsr_human___758,pred,A,B
npbw2_human___3640,0.67,npbw2_human___3640,pred,A,B
c5ar2_human___3935,0.215,c5ar2_human___3935,pred,A,B
ssr2_human___3570,0.183,ssr2_human___3570,pred,A,B
nmur2_human___771,0.189,nmur2_human___771,pred,A,B
oxyr_human___2174,0.08,oxyr_human___2174,pred,A,B
mc4r_human___1997,0.799,mc4r_human___1997,pred,A,B
rl3r1_human___5654,0.195,rl3r1_human___5654,pred,A,B
ccr7_human___1136,0.052,ccr7_human___1136,pred,A,B
mc4r_human___812,0.676,mc4r_human___812,pred,A,B
g37l1_human___11417,0.061,g37l1_human___11417,pred,A,B
gpr75_human___2168,0.05,gpr75_human___2168,pred,A,B
gpr75_human___1152,0.227,gpr75_human___1152,pred,A,B
bkrb2_human___1790,0.436,bkrb2_human___1790,pred,A,B
mshr_human___574,0.463,mshr_human___574,pred,A,B
ccr6_human___687,0.234,ccr6_human___687,pred,A,B
gnrhr_human___1162,0.087,gnrhr_human___1162,pred,A,B
cckar_human___573,0.544,cckar_human___573,pred,A,B
v1ar_human___585,0.217,v1ar_human___585,pred,A,B
g37l1_human___1681,0.009,g37l1_human___1681,pred,A,B
apj_human___3542,0.362,apj_human___3542,pred,A,B
c3ar_human___3700,0.584,c3ar_human___3700,pred,A,B
c5ar1_human___5895,0.08,c5ar1_human___5895,pred,A,B
mchr1_human___2019,0.196,mchr1_human___2019,pred,A,B
gnrhr_human___11417,0.176,gnrhr_human___11417,pred,A,B
ccr5_human___2098,-0.001,ccr5_human___2098,pred,A,B
par4_human___11417,0.31,par4_human___11417,pred,A,B
mshr_human___1136,0.445,mshr_human___1136,pred,A,B
sctr_human___1790,0.859,sctr_human___1790,pred,A,B
pth1r_human___1790,0.321,pth1r_human___1790,pred,A,B
pkr2_human___1790,0.31,pkr2_human___1790,pred,A,B
bkrb1_human___5654,0.129,bkrb1_human___5654,pred,A,B
calcr_human___1140,0.061,calcr_human___1140,pred,A,B
mchr1_human___3548,0.276,mchr1_human___3548,pred,A,B
ox1r_human___758,0.328,ox1r_human___758,pred,A,B
gp107_human___5654,0.265,gp107_human___5654,pred,A,B
qrfpr_human___613,0.087,qrfpr_human___613,pred,A,B
oprd_human___644,0.3,oprd_human___644,pred,A,B
pth1r_human___2257,0.426,pth1r_human___2257,pred,A,B
cxcr5_human___819,0.473,cxcr5_human___819,pred,A,B
glp1r_human___1333,0.062,glp1r_human___1333,pred,A,B
vipr1_human___921,0.644,vipr1_human___921,pred,A,B
nmur2_human___1470,0.515,nmur2_human___1470,pred,A,B
ssr4_human___11417,0.236,ssr4_human___11417,pred,A,B
cxcr2_human___771,0.414,cxcr2_human___771,pred,A,B
npff1_human___2945,0.168,npff1_human___2945,pred,A,B
npy5r_human___3548,0.153,npy5r_human___3548,pred,A,B
mc3r_human___6067,0.121,mc3r_human___6067,pred,A,B
cxcr5_human___3645,0.524,cxcr5_human___3645,pred,A,B
glp1r_human___1157,0.003,glp1r_human___1157,pred,A,B
ssr2_human___3700,0.571,ssr2_human___3700,pred,A,B
fzd2_human___817,0.515,fzd2_human___817,pred,A,B
npbw1_human___3700,0.388,npbw1_human___3700,pred,A,B
gpr39_human___1470,0.568,gpr39_human___1470,pred,A,B
gp107_human___1162,0.068,gp107_human___1162,pred,A,B
calrl_human___3935,0.052,calrl_human___3935,pred,A,B
pacr_human___821,0.391,pacr_human___821,pred,A,B
cxcr6_human___817,0.267,cxcr6_human___817,pred,A,B
glp1r_human___1272,0.754,glp1r_human___1272,pred,A,B
nmur2_human___2270,0.087,nmur2_human___2270,pred,A,B
npy4r_human___2089,0.089,npy4r_human___2089,pred,A,B
ssr1_human___921,0.543,ssr1_human___921,pred,A,B
gp107_human___856,1.094,gp107_human___856,pred,A,B
gpr37_human___3700,0.97,gpr37_human___3700,pred,A,B
npsr1_human___1157,0.005,npsr1_human___1157,pred,A,B
gpr75_human___2089,0.032,gpr75_human___2089,pred,A,B
apj_human___612,0.145,apj_human___612,pred,A,B
npbw1_human___2019,0.074,npbw1_human___2019,pred,A,B
npy1r_human___812,0.358,npy1r_human___812,pred,A,B
mrgx2_human___1099,0.219,mrgx2_human___1099,pred,A,B
pkr2_human___1871,0.138,pkr2_human___1871,pred,A,B
ssr2_human___1620,0.121,ssr2_human___1620,pred,A,B
cml1_human___687,0.58,cml1_human___687,pred,A,B
ox2r_human___5654,0.08,ox2r_human___5654,pred,A,B
nmur2_human___2019,0.058,nmur2_human___2019,pred,A,B
cxcr1_human___3700,0.353,cxcr1_human___3700,pred,A,B
npy4r_human___5654,0.198,npy4r_human___5654,pred,A,B
oprx_human___5654,0.225,oprx_human___5654,pred,A,B
fzd1_human___921,0.107,fzd1_human___921,pred,A,B
ccr5_human___754,0.145,ccr5_human___754,pred,A,B
npy2r_human___1871,0.122,npy2r_human___1871,pred,A,B
ackr1_human___1579,0.13,ackr1_human___1579,pred,A,B
ccr6_human___855,0.779,ccr6_human___855,pred,A,B
fzd1_human___810,0.825,fzd1_human___810,pred,A,B
mchr2_human___1298,0.063,mchr2_human___1298,pred,A,B
v1ar_human___3645,1.019,v1ar_human___3645,pred,A,B
bkrb2_human___3548,0.537,bkrb2_human___3548,pred,A,B
qrfpr_human___3542,0.144,qrfpr_human___3542,pred,A,B
mtlr_human___2098,0.275,mtlr_human___2098,pred,A,B
galr3_human___612,0.478,galr3_human___612,pred,A,B
ntr1_human___585,0.218,ntr1_human___585,pred,A,B
grpr_human___11417,0.012,grpr_human___11417,pred,A,B
gipr_human___798,0.465,gipr_human___798,pred,A,B
ccr7_human___817,0.731,ccr7_human___817,pred,A,B
gipr_human___1136,0.132,gipr_human___1136,pred,A,B
gpr75_human___758,0.383,gpr75_human___758,pred,A,B
ntr2_human___1099,0.227,ntr2_human___1099,pred,A,B
gpr39_human___1699,0.282,gpr39_human___1699,pred,A,B
ssr3_human___681,0.297,ssr3_human___681,pred,A,B
ackr1_human___1458,0.462,ackr1_human___1458,pred,A,B
cml2_human___2945,0.298,cml2_human___2945,pred,A,B
cx3c1_human___2257,0.616,cx3c1_human___2257,pred,A,B
nk1r_human___644,0.008,nk1r_human___644,pred,A,B
fshr_human___1157,0.101,fshr_human___1157,pred,A,B
v1br_human___3645,1.168,v1br_human___3645,pred,A,B
npbw2_human___6067,0.155,npbw2_human___6067,pred,A,B
ccr9_human___3542,0.243,ccr9_human___3542,pred,A,B
mchr2_human___1152,0.306,mchr2_human___1152,pred,A,B
glp1r_human___1140,0.081,glp1r_human___1140,pred,A,B
hrh4_human___687,0.434,hrh4_human___687,pred,A,B
c5ar2_human___3548,0.037,c5ar2_human___3548,pred,A,B
ccr3_human___855,0.918,ccr3_human___855,pred,A,B
ccr6_human___5654,0.159,ccr6_human___5654,pred,A,B
nk3r_human___1514,0.498,nk3r_human___1514,pred,A,B
ccr8_human___856,0.493,ccr8_human___856,pred,A,B
lgr5_human___3700,0.369,lgr5_human___3700,pred,A,B
calrl_human___3643,0.062,calrl_human___3643,pred,A,B
npff2_human___3592,0.332,npff2_human___3592,pred,A,B
ur2r_human___1320,0.173,ur2r_human___1320,pred,A,B
rl3r1_human___2019,0.18,rl3r1_human___2019,pred,A,B
ccr9_human___808,0.326,ccr9_human___808,pred,A,B
fshr_human___3700,0.48,fshr_human___3700,pred,A,B
nmur2_human___817,0.466,nmur2_human___817,pred,A,B
cxcr6_human___1320,0.129,cxcr6_human___1320,pred,A,B
gpr75_human___1504,0.104,gpr75_human___1504,pred,A,B
nk1r_human___5654,0.055,nk1r_human___5654,pred,A,B
bkrb2_human___1495,0.047,bkrb2_human___1495,pred,A,B
npy5r_human___1681,0.018,npy5r_human___1681,pred,A,B
ackr1_human___989,0.281,ackr1_human___989,pred,A,B
gpr39_human___1152,0.396,gpr39_human___1152,pred,A,B
galr1_human___3700,0.675,galr1_human___3700,pred,A,B
kissr_human___1643,0.088,kissr_human___1643,pred,A,B
glr_human___3643,0.297,glr_human___3643,pred,A,B
fzd6_human___758,0.195,fzd6_human___758,pred,A,B
ssr1_human___2019,0.043,ssr1_human___2019,pred,A,B
trfr_human___1152,0.536,trfr_human___1152,pred,A,B
ednrb_human___3542,0.078,ednrb_human___3542,pred,A,B
ssr4_human___1643,0.162,ssr4_human___1643,pred,A,B
cxcr6_human___855,0.674,cxcr6_human___855,pred,A,B
mrgx2_human___2945,0.385,mrgx2_human___2945,pred,A,B
ghsr_human___1458,0.464,ghsr_human___1458,pred,A,B
ssr4_human___921,0.253,ssr4_human___921,pred,A,B
nk3r_human___1790,0.46,nk3r_human___1790,pred,A,B
oprm_human___1157,0.019,oprm_human___1157,pred,A,B
pth2r_human___2257,0.46,pth2r_human___2257,pred,A,B
oprk_human___1620,0.33,oprk_human___1620,pred,A,B
ghsr_human___2156,0.388,ghsr_human___2156,pred,A,B
ackr3_human___989,0.561,ackr3_human___989,pred,A,B
nmbr_human___921,0.244,nmbr_human___921,pred,A,B
glp1r_human___3643,0.169,glp1r_human___3643,pred,A,B
lgr4_human___5654,0.039,lgr4_human___5654,pred,A,B
mc5r_human___1140,0.715,mc5r_human___1140,pred,A,B
lgr6_human___1997,0.702,lgr6_human___1997,pred,A,B
nk1r_human___771,0.354,nk1r_human___771,pred,A,B
bkrb2_human___582,0.032,bkrb2_human___582,pred,A,B
pkr1_human___989,0.038,pkr1_human___989,pred,A,B
cml1_human___681,0.588,cml1_human___681,pred,A,B
glr_human___3542,0.307,glr_human___3542,pred,A,B
npbw1_human___644,0.049,npbw1_human___644,pred,A,B
gipr_human___3643,0.216,gipr_human___3643,pred,A,B
bkrb1_human___582,0.174,bkrb1_human___582,pred,A,B
oprx_human___4358,0.68,oprx_human___4358,pred,A,B
cxcr3_human___6067,0.33,cxcr3_human___6067,pred,A,B
nk3r_human___1298,0.746,nk3r_human___1298,pred,A,B
npsr1_human___2174,0.051,npsr1_human___2174,pred,A,B
npy1r_human___2098,0.051,npy1r_human___2098,pred,A,B
pkr2_human___1152,0.058,pkr2_human___1152,pred,A,B
kissr_human___11417,0.013,kissr_human___11417,pred,A,B
ackr1_human___819,0.358,ackr1_human___819,pred,A,B
mchr2_human___681,0.139,mchr2_human___681,pred,A,B
ghrhr_human___1867,0.735,ghrhr_human___1867,pred,A,B
bkrb1_human___1136,0.297,bkrb1_human___1136,pred,A,B
gpr37_human___612,0.139,gpr37_human___612,pred,A,B
mtlr_human___1099,0.205,mtlr_human___1099,pred,A,B
fzd2_human___1490,0.287,fzd2_human___1490,pred,A,B
mrgx2_human___1867,1.134,mrgx2_human___1867,pred,A,B
cckar_human___1298,0.318,cckar_human___1298,pred,A,B
kissr_human___1283,0.06,kissr_human___1283,pred,A,B
v1ar_human___3646,0.27,v1ar_human___3646,pred,A,B
qrfpr_human___5895,0.231,qrfpr_human___5895,pred,A,B
grpr_human___3548,0.145,grpr_human___3548,pred,A,B
cml1_human___1047,0.717,cml1_human___1047,pred,A,B
oprx_human___921,0.444,oprx_human___921,pred,A,B
npff2_human___1699,0.316,npff2_human___1699,pred,A,B
ccr6_human___856,1.245,ccr6_human___856,pred,A,B
gpr37_human___758,0.212,gpr37_human___758,pred,A,B
cxcr4_human___921,0.515,cxcr4_human___921,pred,A,B
xcr1_human___646,0.025,xcr1_human___646,pred,A,B
agtr2_human___1790,0.096,agtr2_human___1790,pred,A,B
c3ar_human___2019,0.077,c3ar_human___2019,pred,A,B
ccr6_human___817,0.577,ccr6_human___817,pred,A,B
fzd2_human___1157,0.187,fzd2_human___1157,pred,A,B
npy4r_human___1514,0.616,npy4r_human___1514,pred,A,B
mc5r_human___2270,0.917,mc5r_human___2270,pred,A,B
ssr3_human___758,0.439,ssr3_human___758,pred,A,B
mc3r_human___1579,0.194,mc3r_human___1579,pred,A,B
ghsr_human___3700,0.913,ghsr_human___3700,pred,A,B
ccr4_human___681,0.595,ccr4_human___681,pred,A,B
ghsr_human___1579,0.373,ghsr_human___1579,pred,A,B
crfr1_human___3643,0.028,crfr1_human___3643,pred,A,B
ednrb_human___574,0.753,ednrb_human___574,pred,A,B
oprd_human___758,0.411,oprd_human___758,pred,A,B
ackr2_human___856,0.583,ackr2_human___856,pred,A,B
glp2r_human___1152,0.424,glp2r_human___1152,pred,A,B
cml1_human___574,0.762,cml1_human___574,pred,A,B
pacr_human___1579,0.014,pacr_human___1579,pred,A,B
c5ar1_human___1579,0.167,c5ar1_human___1579,pred,A,B
mc5r_human___574,0.754,mc5r_human___574,pred,A,B
mchr1_human___1157,0.004,mchr1_human___1157,pred,A,B
cxcr5_human___3700,0.489,cxcr5_human___3700,pred,A,B
ccr4_human___758,0.281,ccr4_human___758,pred,A,B
sctr_human___3700,0.536,sctr_human___3700,pred,A,B
gpr39_human___1579,0.139,gpr39_human___1579,pred,A,B
ccr1_human___776,0.143,ccr1_human___776,pred,A,B
vipr2_human___1136,0.227,vipr2_human___1136,pred,A,B
bkrb2_human___3700,0.278,bkrb2_human___3700,pred,A,B
fpr1_human___1047,0.445,fpr1_human___1047,pred,A,B
npy2r_human___1458,0.27,npy2r_human___1458,pred,A,B
vipr1_human___2156,0.064,vipr1_human___2156,pred,A,B
ackr2_human___2174,0.023,ackr2_human___2174,pred,A,B
acthr_human___1320,0.56,acthr_human___1320,pred,A,B
npy5r_human___1157,0.084,npy5r_human___1157,pred,A,B
sctr_human___2257,0.319,sctr_human___2257,pred,A,B
cxcr5_human___1458,0.054,cxcr5_human___1458,pred,A,B
pacr_human___1136,0.188,pacr_human___1136,pred,A,B
lgr6_human___613,0.13,lgr6_human___613,pred,A,B
ntr2_human___1579,0.424,ntr2_human___1579,pred,A,B
nmbr_human___3594,1.02,nmbr_human___3594,pred,A,B
cxcr4_human___644,0.059,cxcr4_human___644,pred,A,B
ssr5_human___1157,0.029,ssr5_human___1157,pred,A,B
nk2r_human___771,0.155,nk2r_human___771,pred,A,B
c5ar2_human___1099,0.124,c5ar2_human___1099,pred,A,B
agtr2_human___613,0.032,agtr2_human___613,pred,A,B
cxcr1_human___821,0.253,cxcr1_human___821,pred,A,B
fpr2_human___3935,0.602,fpr2_human___3935,pred,A,B
ackr2_human___821,0.342,ackr2_human___821,pred,A,B
ox2r_human___3643,0.625,ox2r_human___3643,pred,A,B
ackr4_human___3643,0.084,ackr4_human___3643,pred,A,B
cml2_human___1136,0.224,cml2_human___1136,pred,A,B
oprd_human___3594,1.941,oprd_human___3594,pred,A,B
gnrhr_human___3935,0.2,gnrhr_human___3935,pred,A,B
fzd1_human___3548,0.299,fzd1_human___3548,pred,A,B
cxcr6_human___1152,0.295,cxcr6_human___1152,pred,A,B
ox1r_human___1157,0.013,ox1r_human___1157,pred,A,B
ednrb_human___613,0.018,ednrb_human___613,pred,A,B
ur2r_human___2257,0.758,ur2r_human___2257,pred,A,B
trfr_human___1470,0.407,trfr_human___1470,pred,A,B
trfr_human___2139,0.006,trfr_human___2139,pred,A,B
fpr3_human___681,0.749,fpr3_human___681,pred,A,B
pkr1_human___613,0.011,pkr1_human___613,pred,A,B
npy4r_human___1136,0.058,npy4r_human___1136,pred,A,B
oxyr_human___3594,1.73,oxyr_human___3594,pred,A,B
pth2r_human___3542,0.245,pth2r_human___3542,pred,A,B
apj_human___1504,0.439,apj_human___1504,pred,A,B
ox1r_human___4058,0.045,ox1r_human___4058,pred,A,B
lgr5_human___1298,0.581,lgr5_human___1298,pred,A,B
lgr5_human___1458,0.114,lgr5_human___1458,pred,A,B
ur2r_human___1681,0.186,ur2r_human___1681,pred,A,B
nmbr_human___1871,0.158,nmbr_human___1871,pred,A,B
c5ar1_human___574,0.425,c5ar1_human___574,pred,A,B
ur2r_human___1620,0.136,ur2r_human___1620,pred,A,B
oxyr_human___3646,0.785,oxyr_human___3646,pred,A,B
grpr_human___3592,0.01,grpr_human___3592,pred,A,B
oprx_human___1623,0.045,oprx_human___1623,pred,A,B
ccr3_human___2019,0.051,ccr3_human___2019,pred,A,B
npff1_human___3592,0.106,npff1_human___3592,pred,A,B
cml1_human___5654,0.278,cml1_human___5654,pred,A,B
oxyr_human___11417,0.186,oxyr_human___11417,pred,A,B
fpr3_human___613,0.121,fpr3_human___613,pred,A,B
bkrb1_human___1283,0.247,bkrb1_human___1283,pred,A,B
pkr2_human___5654,0.058,pkr2_human___5654,pred,A,B
ccr9_human___855,0.558,ccr9_human___855,pred,A,B
mc5r_human___1871,1.023,mc5r_human___1871,pred,A,B
fpr3_human___3570,0.135,fpr3_human___3570,pred,A,B
gnrhr_human___1623,0.196,gnrhr_human___1623,pred,A,B
ntr2_human___3548,0.046,ntr2_human___3548,pred,A,B
npbw1_human___1495,0.134,npbw1_human___1495,pred,A,B
fshr_human___1495,0.353,fshr_human___1495,pred,A,B
glr_human___1162,0.247,glr_human___1162,pred,A,B
glp2r_human___3542,0.198,glp2r_human___3542,pred,A,B
ednra_human___613,0.035,ednra_human___613,pred,A,B
ccr9_human___810,0.383,ccr9_human___810,pred,A,B
cckar_human___921,0.32,cckar_human___921,pred,A,B
oprk_human___1681,0.147,oprk_human___1681,pred,A,B
ednra_human___921,0.357,ednra_human___921,pred,A,B
ntr1_human___2270,0.505,ntr1_human___2270,pred,A,B
oxyr_human___4358,0.826,oxyr_human___4358,pred,A,B
ednra_human___5654,0.185,ednra_human___5654,pred,A,B
ednrb_human___1004,0.265,ednrb_human___1004,pred,A,B
v1br_human___819,0.364,v1br_human___819,pred,A,B
gasr_human___821,0.677,gasr_human___821,pred,A,B
vipr2_human___1790,0.359,vipr2_human___1790,pred,A,B
cx3c1_human___817,0.302,cx3c1_human___817,pred,A,B
hrh4_human___1298,0.188,hrh4_human___1298,pred,A,B
ssr2_human___921,0.083,ssr2_human___921,pred,A,B
lgr4_human___1298,0.009,lgr4_human___1298,pred,A,B
fpr2_human___2945,0.505,fpr2_human___2945,pred,A,B
gipr_human___1298,0.373,gipr_human___1298,pred,A,B
npy2r_human___861,0.045,npy2r_human___861,pred,A,B
lgr5_human___921,0.061,lgr5_human___921,pred,A,B
mshr_human___1643,1.066,mshr_human___1643,pred,A,B
pth1r_human___3645,1.056,pth1r_human___3645,pred,A,B
crfr2_human___1790,0.691,crfr2_human___1790,pred,A,B
v2r_human___2168,0.465,v2r_human___2168,pred,A,B
apj_human___2945,0.393,apj_human___2945,pred,A,B
npbw1_human___1790,0.571,npbw1_human___1790,pred,A,B
ssr2_human___1140,0.379,ssr2_human___1140,pred,A,B
rl3r1_human___2945,0.674,rl3r1_human___2945,pred,A,B
galr2_human___921,0.058,galr2_human___921,pred,A,B
npbw2_human___3548,0.02,npbw2_human___3548,pred,A,B
ccr1_human___1790,0.119,ccr1_human___1790,pred,A,B
ccr6_human___681,0.194,ccr6_human___681,pred,A,B
par4_human___1458,0.237,par4_human___1458,pred,A,B
ackr1_human___573,0.35,ackr1_human___573,pred,A,B
gipr_human___1790,0.445,gipr_human___1790,pred,A,B
ghrhr_human___2257,0.8,ghrhr_human___2257,pred,A,B
ccr10_human___808,0.324,ccr10_human___808,pred,A,B
npff1_human___3935,0.193,npff1_human___3935,pred,A,B
hrh4_human___3633,0.479,hrh4_human___3633,pred,A,B
cml2_human___1681,0.058,cml2_human___1681,pred,A,B
nk2r_human___2257,0.029,nk2r_human___2257,pred,A,B
glr_human___2257,0.247,glr_human___2257,pred,A,B
galr3_human___3594,0.73,galr3_human___3594,pred,A,B
lgr5_human___5654,0.095,lgr5_human___5654,pred,A,B
ox2r_human___613,0.027,ox2r_human___613,pred,A,B
vipr1_human___1871,0.201,vipr1_human___1871,pred,A,B
crfr1_human___921,0.298,crfr1_human___921,pred,A,B
gipr_human___1152,0.508,gipr_human___1152,pred,A,B
pth2r_human___1162,0.011,pth2r_human___1162,pred,A,B
pkr2_human___921,0.658,pkr2_human___921,pred,A,B
npff2_human___3594,1.465,npff2_human___3594,pred,A,B
pkr1_human___1470,0.224,pkr1_human___1470,pred,A,B
trfr_human___3935,0.035,trfr_human___3935,pred,A,B
gasr_human___861,0.072,gasr_human___861,pred,A,B
cxcr3_human___2098,0.042,cxcr3_human___2098,pred,A,B
oprx_human___1620,0.468,oprx_human___1620,pred,A,B
lgr5_human___1157,0.04,lgr5_human___1157,pred,A,B
cxcr2_human___921,0.727,cxcr2_human___921,pred,A,B
cml2_human___1157,0.001,cml2_human___1157,pred,A,B
ccr10_human___3700,0.45,ccr10_human___3700,pred,A,B
npbw1_human___3594,1.188,npbw1_human___3594,pred,A,B
ur2r_human___1495,1.028,ur2r_human___1495,pred,A,B
ackr4_human___808,0.401,ackr4_human___808,pred,A,B
ssr4_human___3700,0.083,ssr4_human___3700,pred,A,B
glp2r_human___3646,0.643,glp2r_human___3646,pred,A,B
ackr4_human___1790,0.455,ackr4_human___1790,pred,A,B
prlhr_human___613,0.182,prlhr_human___613,pred,A,B
g37l1_human___613,0.145,g37l1_human___613,pred,A,B
hrh4_human___758,0.739,hrh4_human___758,pred,A,B
nk2r_human___612,0.301,nk2r_human___612,pred,A,B
galr2_human___11417,0.033,galr2_human___11417,pred,A,B
cxcr5_human___808,0.478,cxcr5_human___808,pred,A,B
oprx_human___644,0.081,oprx_human___644,pred,A,B
par4_human___2019,0.272,par4_human___2019,pred,A,B
fpr2_human___3548,0.074,fpr2_human___3548,pred,A,B
c5ar1_human___3700,0.747,c5ar1_human___3700,pred,A,B
gipr_human___574,0.083,gipr_human___574,pred,A,B
trfr_human___921,0.189,trfr_human___921,pred,A,B
lgr6_human___4358,0.808,lgr6_human___4358,pred,A,B
fzd6_human___808,0.726,fzd6_human___808,pred,A,B
ccr3_human___1136,0.205,ccr3_human___1136,pred,A,B
ccr4_human___3640,0.727,ccr4_human___3640,pred,A,B
rl3r1_human___808,0.799,rl3r1_human___808,pred,A,B
ghrhr_human___3542,0.809,ghrhr_human___3542,pred,A,B
lgr6_human___1333,0.144,lgr6_human___1333,pred,A,B
cxcr2_human___819,0.371,cxcr2_human___819,pred,A,B
vipr1_human___3640,0.233,vipr1_human___3640,pred,A,B
ccr2_human___776,0.162,ccr2_human___776,pred,A,B
calcr_human___687,0.256,calcr_human___687,pred,A,B
ccr8_human___1152,0.45,ccr8_human___1152,pred,A,B
ntr1_human___1099,0.293,ntr1_human___1099,pred,A,B
npy4r_human___2098,0.353,npy4r_human___2098,pred,A,B
ackr2_human___808,0.44,ackr2_human___808,pred,A,B
fpr1_human___1152,0.067,fpr1_human___1152,pred,A,B
glp2r_human___2257,0.395,glp2r_human___2257,pred,A,B
fpr3_human___3700,0.903,fpr3_human___3700,pred,A,B
oprd_human___921,0.651,oprd_human___921,pred,A,B
ghsr_human___1272,1.011,ghsr_human___1272,pred,A,B
npsr1_human___1470,0.523,npsr1_human___1470,pred,A,B
mchr1_human___1643,0.164,mchr1_human___1643,pred,A,B
mchr1_human___1623,0.158,mchr1_human___1623,pred,A,B
mc5r_human___798,0.567,mc5r_human___798,pred,A,B
mshr_human___2019,0.771,mshr_human___2019,pred,A,B
fpr1_human___3570,0.152,fpr1_human___3570,pred,A,B
gasr_human___5654,0.171,gasr_human___5654,pred,A,B
cxcr6_human___821,0.685,cxcr6_human___821,pred,A,B
cxcr3_human___819,0.481,cxcr3_human___819,pred,A,B
npbw2_human___644,0.12,npbw2_human___644,pred,A,B
mrgx2_human___3640,0.455,mrgx2_human___3640,pred,A,B
ssr4_human___5654,0.115,ssr4_human___5654,pred,A,B
npy2r_human___1157,0.001,npy2r_human___1157,pred,A,B
crfr1_human___3647,0.576,crfr1_human___3647,pred,A,B
ccr10_human___1643,0.012,ccr10_human___1643,pred,A,B
galr1_human___2945,0.694,galr1_human___2945,pred,A,B
bkrb1_human___2945,0.462,bkrb1_human___2945,pred,A,B
glr_human___6067,0.04,glr_human___6067,pred,A,B
lgr5_human___1997,0.734,lgr5_human___1997,pred,A,B
mc3r_human___681,1.232,mc3r_human___681,pred,A,B
nmbr_human___613,0.062,nmbr_human___613,pred,A,B
ackr1_human___758,0.178,ackr1_human___758,pred,A,B
nmur1_human___5895,0.364,nmur1_human___5895,pred,A,B
trfr_human___2174,0.004,trfr_human___2174,pred,A,B
cml2_human___646,0.009,cml2_human___646,pred,A,B
cxcr4_human___2168,0.08,cxcr4_human___2168,pred,A,B
lgr5_human___3548,0.246,lgr5_human___3548,pred,A,B
c3ar_human___1495,0.219,c3ar_human___1495,pred,A,B
par4_human___1997,0.798,par4_human___1997,pred,A,B
v1br_human___2019,0.378,v1br_human___2019,pred,A,B
pkr1_human___3570,0.406,pkr1_human___3570,pred,A,B
mc3r_human___574,0.501,mc3r_human___574,pred,A,B
ssr4_human___2019,0.044,ssr4_human___2019,pred,A,B
c3ar_human___1470,0.004,c3ar_human___1470,pred,A,B
galr2_human___3548,0.024,galr2_human___3548,pred,A,B
ednrb_human___1136,0.371,ednrb_human___1136,pred,A,B
acthr_human___3542,1.047,acthr_human___3542,pred,A,B
prlhr_human___1514,1.024,prlhr_human___1514,pred,A,B
oxyr_human___3592,0.758,oxyr_human___3592,pred,A,B
pth2r_human___3643,0.124,pth2r_human___3643,pred,A,B
npy5r_human___2168,0.061,npy5r_human___2168,pred,A,B
npff1_human___1479,0.061,npff1_human___1479,pred,A,B
fzd1_human___1490,0.416,fzd1_human___1490,pred,A,B
ghrhr_human___1152,0.786,ghrhr_human___1152,pred,A,B
cckar_human___687,0.667,cckar_human___687,pred,A,B
pacr_human___1790,0.519,pacr_human___1790,pred,A,B
v2r_human___3640,0.487,v2r_human___3640,pred,A,B
c3ar_human___798,1.032,c3ar_human___798,pred,A,B
prlhr_human___2089,0.067,prlhr_human___2089,pred,A,B
crfr1_human___1790,0.442,crfr1_human___1790,pred,A,B
mrgx1_human___1579,0.378,mrgx1_human___1579,pred,A,B
qrfpr_human___3570,0.184,qrfpr_human___3570,pred,A,B
acthr_human___1790,0.89,acthr_human___1790,pred,A,B
glr_human___1152,0.256,glr_human___1152,pred,A,B
fzd2_human___3735,0.506,fzd2_human___3735,pred,A,B
c3ar_human___3640,0.678,c3ar_human___3640,pred,A,B
lgr5_human___2019,0.014,lgr5_human___2019,pred,A,B
gnrhr_human___3594,1.181,gnrhr_human___3594,pred,A,B
acthr_human___4057,0.548,acthr_human___4057,pred,A,B
galr2_human___3643,0.046,galr2_human___3643,pred,A,B
pth1r_human___3594,0.695,pth1r_human___3594,pred,A,B
ccr2_human___754,0.401,ccr2_human___754,pred,A,B
agtr1_human___1790,0.503,agtr1_human___1790,pred,A,B
ssr1_human___1157,0.205,ssr1_human___1157,pred,A,B
fzd1_human___644,0.034,fzd1_human___644,pred,A,B
mchr2_human___3700,0.307,mchr2_human___3700,pred,A,B
ssr3_human___921,0.244,ssr3_human___921,pred,A,B
vipr1_human___1790,0.661,vipr1_human___1790,pred,A,B
fzd6_human___644,0.062,fzd6_human___644,pred,A,B
npy2r_human___1504,0.533,npy2r_human___1504,pred,A,B
ackr2_human___754,0.247,ackr2_human___754,pred,A,B
v1br_human___1157,0.115,v1br_human___1157,pred,A,B
calcr_human___3643,0.256,calcr_human___3643,pred,A,B
ackr3_human___1157,0.046,ackr3_human___1157,pred,A,B
oprk_human___1157,0.037,oprk_human___1157,pred,A,B
v1ar_human___819,0.369,v1ar_human___819,pred,A,B
pth1r_human___1871,0.113,pth1r_human___1871,pred,A,B
cxcr2_human___5895,0.371,cxcr2_human___5895,pred,A,B
ox2r_human___1140,0.387,ox2r_human___1140,pred,A,B
ccr7_human___758,0.17,ccr7_human___758,pred,A,B
ccr8_human___3570,0.301,ccr8_human___3570,pred,A,B
oprm_human___3700,0.509,oprm_human___3700,pred,A,B
ssr3_human___2019,0.079,ssr3_human___2019,pred,A,B
lgr4_human___776,0.008,lgr4_human___776,pred,A,B
glp1r_human___1136,0.205,glp1r_human___1136,pred,A,B
fpr3_human___3935,0.527,fpr3_human___3935,pred,A,B
cx3c1_human___798,0.297,cx3c1_human___798,pred,A,B
ccr3_human___4358,0.566,ccr3_human___4358,pred,A,B
mchr1_human___1298,0.253,mchr1_human___1298,pred,A,B
gpr37_human___1495,0.152,gpr37_human___1495,pred,A,B
gnrhr_human___2019,0.277,gnrhr_human___2019,pred,A,B
npbw2_human___646,0.041,npbw2_human___646,pred,A,B
cxcr4_human___798,0.456,cxcr4_human___798,pred,A,B
calrl_human___1152,0.203,calrl_human___1152,pred,A,B
nmur2_human___1579,0.164,nmur2_human___1579,pred,A,B
cxcr6_human___810,0.975,cxcr6_human___810,pred,A,B
calcr_human___1152,0.351,calcr_human___1152,pred,A,B
ccr3_human___3700,1.241,ccr3_human___3700,pred,A,B
ccr9_human___2257,0.324,ccr9_human___2257,pred,A,B
oprm_human___1298,0.279,oprm_human___1298,pred,A,B
nmbr_human___3548,0.229,nmbr_human___3548,pred,A,B
lgr6_human___1157,0.019,lgr6_human___1157,pred,A,B
npff1_human___11417,0.017,npff1_human___11417,pred,A,B
oprx_human___1643,0.108,oprx_human___1643,pred,A,B
apj_human___3548,0.097,apj_human___3548,pred,A,B
grpr_human___687,0.531,grpr_human___687,pred,A,B
fpr3_human___1162,0.506,fpr3_human___1162,pred,A,B
vipr1_human___3542,0.197,vipr1_human___3542,pred,A,B
trfr_human___3548,0.31,trfr_human___3548,pred,A,B
v1br_human___821,0.731,v1br_human___821,pred,A,B
sctr_human___2156,0.141,sctr_human___2156,pred,A,B
mrgx1_human___1272,1.165,mrgx1_human___1272,pred,A,B
galr1_human___3592,1.125,galr1_human___3592,pred,A,B
trfr_human___1490,0.145,trfr_human___1490,pred,A,B
gp107_human___4058,0.135,gp107_human___4058,pred,A,B
cx3c1_human___644,0.075,cx3c1_human___644,pred,A,B
v1br_human___798,0.819,v1br_human___798,pred,A,B
cx3c1_human___3548,0.017,cx3c1_human___3548,pred,A,B
mrgx1_human___1623,0.034,mrgx1_human___1623,pred,A,B
pkr2_human___1004,0.15,pkr2_human___1004,pred,A,B
xcr1_human___5336,0.098,xcr1_human___5336,pred,A,B
oprk_human___1623,0.117,oprk_human___1623,pred,A,B
